#
# There is insufficient memory for the Java Runtime Environment to continue.
# Native memory allocation (malloc) failed to allocate 1048576 bytes. Error detail: AllocateHeap
# Possible reasons:
#   The system is out of physical RAM or swap space
#   This process is running with CompressedOops enabled, and the Java Heap may be blocking the growth of the native heap
# Possible solutions:
#   Reduce memory load on the system
#   Increase physical memory or swap space
#   Check if swap backing store is full
#   Decrease Java heap size (-Xmx/-Xms)
#   Decrease number of Java threads
#   Decrease Java thread stack sizes (-Xss)
#   Set larger code cache with -XX:ReservedCodeCacheSize=
#   JVM is running with Unscaled Compressed Oops mode in which the Java heap is
#     placed in the first 4GB address space. The Java Heap base address is the
#     maximum limit for the native heap growth. Please use -XX:HeapBaseMinAddress
#     to set the Java Heap base and to place the Java Heap above 4GB virtual address.
# This output file may be truncated or incomplete.
#
#  Out of Memory Error (allocation.cpp:44), pid=6212, tid=27276
#
# JRE version: OpenJDK Runtime Environment Microsoft-13106404 (21.0.10+7) (build 21.0.10+7-LTS)
# Java VM: OpenJDK 64-Bit Server VM Microsoft-13106404 (21.0.10+7-LTS, mixed mode, sharing, tiered, compressed oops, compressed class ptrs, g1 gc, windows-amd64)
# No core dump will be written. Minidumps are not enabled by default on client versions of Windows
#

---------------  S U M M A R Y ------------

Command Line: --add-opens=java.base/java.lang=ALL-UNNAMED --add-opens=java.base/java.lang.invoke=ALL-UNNAMED --add-opens=java.base/java.util=ALL-UNNAMED --add-opens=java.prefs/java.util.prefs=ALL-UNNAMED --add-exports=jdk.compiler/com.sun.tools.javac.api=ALL-UNNAMED --add-exports=jdk.compiler/com.sun.tools.javac.util=ALL-UNNAMED --add-opens=java.base/java.util=ALL-UNNAMED --add-opens=java.prefs/java.util.prefs=ALL-UNNAMED --add-opens=java.base/java.nio.charset=ALL-UNNAMED --add-opens=java.base/java.net=ALL-UNNAMED --add-opens=java.base/java.util.concurrent=ALL-UNNAMED --add-opens=java.base/java.util.concurrent.atomic=ALL-UNNAMED --add-opens=java.xml/javax.xml.namespace=ALL-UNNAMED --add-opens=java.base/java.time=ALL-UNNAMED -Xmx2048m -Dfile.encoding=UTF-8 -Duser.country=CO -Duser.language=es -Duser.variant -javaagent:C:\Users\hulbe\.gradle\wrapper\dists\gradle-9.4.1-bin\arn2x92ynaizyzdaamcbpbhtj\gradle-9.4.1\lib\agents\gradle-instrumentation-agent-9.4.1.jar org.gradle.launcher.daemon.bootstrap.GradleDaemon 9.4.1

Host: 12th Gen Intel(R) Core(TM) i5-12450H, 12 cores, 7G,  Windows 11 , 64 bit Build 26100 (10.0.26100.8328)
Time: Fri May 22 11:57:34 2026 Hora est. Pacífico, Sudamérica elapsed time: 2268.221497 seconds (0d 0h 37m 48s)

---------------  T H R E A D  ---------------

Current thread (0x00000268a1a76fe0):  VMThread "VM Thread"          [id=27276, stack(0x0000008904d00000,0x0000008904e00000) (1024K)]

Stack: [0x0000008904d00000,0x0000008904e00000]
Native frames: (J=compiled Java code, j=interpreted, Vv=VM code, C=native code)
V  [jvm.dll+0x6dfe69]  (no source info available)
V  [jvm.dll+0x8bfe4b]  (no source info available)
V  [jvm.dll+0x8c23da]  (no source info available)
V  [jvm.dll+0x8c2ab3]  (no source info available)
V  [jvm.dll+0x28a9e6]  (no source info available)
V  [jvm.dll+0xc3c07]  (no source info available)
V  [jvm.dll+0x357ab2]  (no source info available)
V  [jvm.dll+0x35285e]  (no source info available)
V  [jvm.dll+0x33ad77]  (no source info available)
V  [jvm.dll+0x33de3a]  (no source info available)
V  [jvm.dll+0x33dced]  (no source info available)
V  [jvm.dll+0x37dfb6]  (no source info available)
V  [jvm.dll+0x8c881f]  (no source info available)
V  [jvm.dll+0x8c9d03]  (no source info available)
V  [jvm.dll+0x8ca274]  (no source info available)
V  [jvm.dll+0x8ca373]  (no source info available)
V  [jvm.dll+0x86ab8d]  (no source info available)
V  [jvm.dll+0x6e141d]  (no source info available)
C  [ucrtbase.dll+0x37b0]  (no source info available)
C  [KERNEL32.DLL+0x2e957]  (no source info available)
C  [ntdll.dll+0x427c]  (no source info available)

VM_Operation (0x000000890c6fe410): G1CollectForAllocation, mode: safepoint, requested by thread 0x0000026921a09980


---------------  P R O C E S S  ---------------

Threads class SMR info:
_java_thread_list=0x000002690c1c0ab0, length=126, elements={
0x00000268825387a0, 0x00000268a1a964d0, 0x00000268a1a98f40, 0x00000268a1a9b9b0,
0x00000268a1a9c540, 0x00000268a1a9cfa0, 0x00000268a1a9da00, 0x00000268a1a9e790,
0x00000268a1aa75a0, 0x00000268a1d3b160, 0x00000268a1e25aa0, 0x00000268e83ca880,
0x00000268e7ef4d30, 0x00000268e8e0e140, 0x00000268e9361150, 0x00000268e935f710,
0x00000268e93617e0, 0x00000268e95b0c60, 0x00000268e95b12f0, 0x00000268e95b05d0,
0x00000268e7fd9260, 0x00000268ee218150, 0x00000268f42b85e0, 0x00000268f42bc0f0,
0x00000268f42beee0, 0x00000268f42bdb30, 0x00000268f50b71c0, 0x00000268f50b64a0,
0x00000268f50b4a60, 0x00000268f50b50f0, 0x00000268ff103e30, 0x00000269042f5600,
0x00000268ec0c3ab0, 0x0000026906175cf0, 0x0000026906174940, 0x0000026906172870,
0x0000026904cc5340, 0x0000026904cc1ec0, 0x0000026904cc3900, 0x0000026904cc2be0,
0x0000026904cc3270, 0x00000269056bb2d0, 0x00000268ee21af40, 0x000002690baef160,
0x0000026905ccf840, 0x000002690bd08660, 0x000002690bd0adc0, 0x000002690bd0bae0,
0x0000026914308730, 0x000002690c152360, 0x000002690c9c0850, 0x000002690c4c91f0,
0x000002690c4c9f10, 0x00000268f5f50e60, 0x00000268f5f514f0, 0x00000268f5f4e070,
0x00000268f5f51b80, 0x00000268f5f4e700, 0x00000268f5f52210, 0x00000268f5f528a0,
0x00000268f5f52f30, 0x00000268f5f535c0, 0x000002690bbf6f70, 0x000002690c9c0ee0,
0x000002690c9c1570, 0x000002690c9c3cd0, 0x000002690c9c1c00, 0x000002690c9c2fb0,
0x0000026912ffd8f0, 0x0000026912ffb820, 0x0000026912ffeca0, 0x0000026912ffc540,
0x0000026912ffe610, 0x00000268f50b15e0, 0x00000268f50b1c70, 0x000002690bbf96d0,
0x000002690bbf7c90, 0x000002690bbf8320, 0x000002690c4c7120, 0x000002690c4c77b0,
0x0000026913695080, 0x00000268e7fda610, 0x00000268e7fdaca0, 0x00000268e7fd7820,
0x00000268e7fdda90, 0x00000268e7fdb330, 0x00000268e7fdc6e0, 0x00000268e7fdee40,
0x00000268e7fdd400, 0x0000026913696ac0, 0x0000026904348be0, 0x0000026912fff330,
0x000002690baee440, 0x000002690baf46b0, 0x0000026905cd1280, 0x0000026905cd0560,
0x0000026905cd4070, 0x0000026905cd0bf0, 0x000002690b8afe80, 0x0000026905a73800,
0x000002690bbfd870, 0x000002690cef1630, 0x000002690cef4420, 0x000002690d290e10,
0x000002690c156500, 0x000002690d21ec70, 0x000002690d21f300, 0x000002690d220020,
0x000002690d21cba0, 0x0000026921eaaf60, 0x0000026921eab5f0, 0x00000269120377d0,
0x000002691d52d4f0, 0x0000026921ea8e90, 0x000002691126b700, 0x0000026921eafe20,
0x000002690c800cb0, 0x000002691126c420, 0x000002690c1529f0, 0x0000026921a09980,
0x000002691126d140, 0x000002690c155150, 0x000002691d52c140, 0x0000026921ea60a0,
0x0000026921ea9520, 0x000002690c4c6400
}

Java Threads: ( => current thread )
  0x00000268825387a0 JavaThread "main"                              [_thread_blocked, id=24408, stack(0x0000008904600000,0x0000008904700000) (1024K)]
  0x00000268a1a964d0 JavaThread "Reference Handler"          daemon [_thread_blocked, id=65176, stack(0x0000008904e00000,0x0000008904f00000) (1024K)]
  0x00000268a1a98f40 JavaThread "Finalizer"                  daemon [_thread_blocked, id=62664, stack(0x0000008904f00000,0x0000008905000000) (1024K)]
  0x00000268a1a9b9b0 JavaThread "Signal Dispatcher"          daemon [_thread_blocked, id=18176, stack(0x0000008905000000,0x0000008905100000) (1024K)]
  0x00000268a1a9c540 JavaThread "Attach Listener"            daemon [_thread_blocked, id=39056, stack(0x0000008905100000,0x0000008905200000) (1024K)]
  0x00000268a1a9cfa0 JavaThread "Service Thread"             daemon [_thread_blocked, id=60336, stack(0x0000008905200000,0x0000008905300000) (1024K)]
  0x00000268a1a9da00 JavaThread "Monitor Deflation Thread"   daemon [_thread_blocked, id=70292, stack(0x0000008905300000,0x0000008905400000) (1024K)]
  0x00000268a1a9e790 JavaThread "C2 CompilerThread0"         daemon [_thread_blocked, id=39448, stack(0x0000008905400000,0x0000008905500000) (1024K)]
  0x00000268a1aa75a0 JavaThread "C1 CompilerThread0"         daemon [_thread_blocked, id=68012, stack(0x0000008905500000,0x0000008905600000) (1024K)]
  0x00000268a1d3b160 JavaThread "Common-Cleaner"             daemon [_thread_blocked, id=53524, stack(0x0000008905600000,0x0000008905700000) (1024K)]
  0x00000268a1e25aa0 JavaThread "Notification Thread"        daemon [_thread_blocked, id=34452, stack(0x0000008905700000,0x0000008905800000) (1024K)]
  0x00000268e83ca880 JavaThread "Daemon health stats"               [_thread_blocked, id=57216, stack(0x0000008905e00000,0x0000008905f00000) (1024K)]
  0x00000268e7ef4d30 JavaThread "Incoming local TCP Connector on port 50222"        [_thread_in_native, id=21116, stack(0x0000008905f00000,0x0000008906000000) (1024K)]
  0x00000268e8e0e140 JavaThread "Daemon periodic checks"            [_thread_blocked, id=54912, stack(0x0000008906000000,0x0000008906100000) (1024K)]
  0x00000268e9361150 JavaThread "Cache worker for journal cache (C:\Users\hulbe\.gradle\caches\journal-1)"        [_thread_blocked, id=27916, stack(0x0000008906800000,0x0000008906900000) (1024K)]
  0x00000268e935f710 JavaThread "File lock request listener"        [_thread_in_native, id=36552, stack(0x0000008906900000,0x0000008906a00000) (1024K)]
  0x00000268e93617e0 JavaThread "Cache worker for file hash cache (C:\Users\hulbe\.gradle\caches\9.4.1\fileHashes)"        [_thread_blocked, id=47264, stack(0x0000008906a00000,0x0000008906b00000) (1024K)]
  0x00000268e95b0c60 JavaThread "File watcher server"        daemon [_thread_blocked, id=42964, stack(0x0000008907300000,0x0000008907400000) (1024K)]
  0x00000268e95b12f0 JavaThread "File watcher consumer"      daemon [_thread_blocked, id=53172, stack(0x0000008907400000,0x0000008907500000) (1024K)]
  0x00000268e95b05d0 JavaThread "Cache worker for file content cache (C:\Users\hulbe\.gradle\caches\9.4.1\fileContent)"        [_thread_blocked, id=38804, stack(0x0000008907500000,0x0000008907600000) (1024K)]
  0x00000268e7fd9260 JavaThread "Memory manager"                    [_thread_blocked, id=48320, stack(0x0000008908500000,0x0000008908600000) (1024K)]
  0x00000268ee218150 JavaThread "pool-3-thread-1"                   [_thread_blocked, id=38988, stack(0x0000008908400000,0x0000008908500000) (1024K)]
  0x00000268f42b85e0 JavaThread "Periodic tasks thread"      daemon [_thread_blocked, id=7364, stack(0x0000008909800000,0x0000008909900000) (1024K)]
  0x00000268f42bc0f0 JavaThread "ApplicationImpl pooled thread 1" daemon [_thread_blocked, id=27508, stack(0x0000008909900000,0x0000008909a00000) (1024K)]
  0x00000268f42beee0 JavaThread "Java2D Disposer"            daemon [_thread_blocked, id=48596, stack(0x0000008909b00000,0x0000008909c00000) (1024K)]
  0x00000268f42bdb30 JavaThread "AWT-Windows"                daemon [_thread_in_native, id=59292, stack(0x0000008909d00000,0x0000008909e00000) (1024K)]
  0x00000268f50b71c0 JavaThread "RMI Scheduler(0)"           daemon [_thread_blocked, id=33824, stack(0x0000008909c00000,0x0000008909d00000) (1024K)]
  0x00000268f50b64a0 JavaThread "RMI GC Daemon"              daemon [_thread_blocked, id=36376, stack(0x000000890a000000,0x000000890a100000) (1024K)]
  0x00000268f50b4a60 JavaThread "RMI TCP Accept-0"           daemon [_thread_in_native, id=42180, stack(0x000000890a100000,0x000000890a200000) (1024K)]
  0x00000268f50b50f0 JavaThread "RMI Reaper"                        [_thread_blocked, id=21068, stack(0x000000890a200000,0x000000890a300000) (1024K)]
  0x00000268ff103e30 JavaThread "Cache worker for Java compile cache (C:\Users\hulbe\.gradle\caches\9.4.1\javaCompile)"        [_thread_blocked, id=38628, stack(0x000000890a400000,0x000000890a500000) (1024K)]
  0x00000269042f5600 JavaThread "pool-7-thread-1"                   [_thread_blocked, id=32664, stack(0x0000008907800000,0x0000008907900000) (1024K)]
  0x00000268ec0c3ab0 JavaThread "pool-10-thread-1"                  [_thread_blocked, id=35948, stack(0x0000008908700000,0x0000008908800000) (1024K)]
  0x0000026906175cf0 JavaThread "jar transforms"                    [_thread_blocked, id=15272, stack(0x0000008907700000,0x0000008907800000) (1024K)]
  0x0000026906174940 JavaThread "jar transforms Thread 2"           [_thread_blocked, id=39884, stack(0x0000008907900000,0x0000008907a00000) (1024K)]
  0x0000026906172870 JavaThread "jar transforms Thread 3"           [_thread_blocked, id=58444, stack(0x0000008907a00000,0x0000008907b00000) (1024K)]
  0x0000026904cc5340 JavaThread "jar transforms Thread 4"           [_thread_blocked, id=44888, stack(0x0000008908a00000,0x0000008908b00000) (1024K)]
  0x0000026904cc1ec0 JavaThread "jar transforms Thread 5"           [_thread_blocked, id=27548, stack(0x0000008908b00000,0x0000008908c00000) (1024K)]
  0x0000026904cc3900 JavaThread "jar transforms Thread 6"           [_thread_blocked, id=29252, stack(0x0000008908d00000,0x0000008908e00000) (1024K)]
  0x0000026904cc2be0 JavaThread "jar transforms Thread 7"           [_thread_blocked, id=46340, stack(0x0000008908c00000,0x0000008908d00000) (1024K)]
  0x0000026904cc3270 JavaThread "jar transforms Thread 8"           [_thread_blocked, id=33124, stack(0x0000008908e00000,0x0000008908f00000) (1024K)]
  0x00000269056bb2d0 JavaThread "pool-15-thread-1"                  [_thread_blocked, id=44972, stack(0x0000008909300000,0x0000008909400000) (1024K)]
  0x00000268ee21af40 JavaThread "pool-20-thread-1"                  [_thread_blocked, id=26140, stack(0x0000008909400000,0x0000008909500000) (1024K)]
  0x000002690baef160 JavaThread "pool-24-thread-1"                  [_thread_blocked, id=49460, stack(0x0000008909100000,0x0000008909200000) (1024K)]
  0x0000026905ccf840 JavaThread "jar transforms Thread 9"           [_thread_blocked, id=32164, stack(0x0000008906600000,0x0000008906700000) (1024K)]
  0x000002690bd08660 JavaThread "jar transforms Thread 10"          [_thread_blocked, id=49008, stack(0x0000008906700000,0x0000008906800000) (1024K)]
  0x000002690bd0adc0 JavaThread "jar transforms Thread 11"          [_thread_blocked, id=7456, stack(0x0000008907200000,0x0000008907300000) (1024K)]
  0x000002690bd0bae0 JavaThread "jar transforms Thread 12"          [_thread_blocked, id=38136, stack(0x0000008907600000,0x0000008907700000) (1024K)]
  0x0000026914308730 JavaThread "pool-29-thread-1"                  [_thread_blocked, id=37072, stack(0x0000008909e00000,0x0000008909f00000) (1024K)]
  0x000002690c152360 JavaThread "Daemon Thread 7"                   [_thread_blocked, id=73344, stack(0x0000008904400000,0x0000008904500000) (1024K)]
  0x000002690c9c0850 JavaThread "Handler for socket connection from /127.0.0.1:50222 to /127.0.0.1:50762"        [_thread_in_native, id=73336, stack(0x0000008904500000,0x0000008904600000) (1024K)]
  0x000002690c4c91f0 JavaThread "Cancel handler"                    [_thread_blocked, id=73364, stack(0x0000008905800000,0x0000008905900000) (1024K)]
  0x000002690c4c9f10 JavaThread "Daemon worker Thread 6"            [_thread_blocked, id=73360, stack(0x0000008905900000,0x0000008905a00000) (1024K)]
  0x00000268f5f50e60 JavaThread "Asynchronous log dispatcher for DefaultDaemonConnection: socket connection from /127.0.0.1:50222 to /127.0.0.1:50762"        [_thread_blocked, id=73284, stack(0x0000008906100000,0x0000008906200000) (1024K)]
  0x00000268f5f514f0 JavaThread "Stdin handler"                     [_thread_blocked, id=73332, stack(0x0000008906200000,0x0000008906300000) (1024K)]
  0x00000268f5f4e070 JavaThread "Daemon client event forwarder"        [_thread_blocked, id=73328, stack(0x0000008906300000,0x0000008906400000) (1024K)]
  0x00000268f5f51b80 JavaThread "Cache worker for file hash cache (C:\Users\hulbe\AndroidStudioProjects\ComuniApp\.gradle\9.4.1\fileHashes)"        [_thread_blocked, id=73448, stack(0x0000008906400000,0x0000008906500000) (1024K)]
  0x00000268f5f4e700 JavaThread "Cache worker for Build Output Cleanup Cache (C:\Users\hulbe\AndroidStudioProjects\ComuniApp\.gradle\buildOutputCleanup)"        [_thread_blocked, id=73444, stack(0x0000008906500000,0x0000008906600000) (1024K)]
  0x00000268f5f52210 JavaThread "Cache worker for checksums cache (C:\Users\hulbe\AndroidStudioProjects\ComuniApp\.gradle\9.4.1\checksums)"        [_thread_blocked, id=73624, stack(0x0000008907b00000,0x0000008907c00000) (1024K)]
  0x00000268f5f528a0 JavaThread "Cache worker for cache directory md-supplier (C:\Users\hulbe\.gradle\caches\9.4.1\md-supplier)"        [_thread_blocked, id=72924, stack(0x0000008907c00000,0x0000008907d00000) (1024K)]
  0x00000268f5f52f30 JavaThread "Cache worker for cache directory md-rule (C:\Users\hulbe\.gradle\caches\9.4.1\md-rule)"        [_thread_blocked, id=73636, stack(0x0000008907d00000,0x0000008907e00000) (1024K)]
  0x00000268f5f535c0 JavaThread "Build operations"                  [_thread_blocked, id=72972, stack(0x0000008907e00000,0x0000008907f00000) (1024K)]
  0x000002690bbf6f70 JavaThread "Build operations Thread 2"         [_thread_blocked, id=72964, stack(0x0000008907f00000,0x0000008908000000) (1024K)]
  0x000002690c9c0ee0 JavaThread "Build operations Thread 3"         [_thread_blocked, id=72108, stack(0x0000008908000000,0x0000008908100000) (1024K)]
  0x000002690c9c1570 JavaThread "Build operations Thread 4"         [_thread_blocked, id=72944, stack(0x0000008908100000,0x0000008908200000) (1024K)]
  0x000002690c9c3cd0 JavaThread "Build operations Thread 5"         [_thread_blocked, id=72956, stack(0x0000008908200000,0x0000008908300000) (1024K)]
  0x000002690c9c1c00 JavaThread "Build operations Thread 6"         [_thread_blocked, id=73644, stack(0x0000008908300000,0x0000008908400000) (1024K)]
  0x000002690c9c2fb0 JavaThread "Build operations Thread 7"         [_thread_blocked, id=73652, stack(0x0000008908600000,0x0000008908700000) (1024K)]
  0x0000026912ffd8f0 JavaThread "Build operations Thread 8"         [_thread_blocked, id=73460, stack(0x0000008908800000,0x0000008908900000) (1024K)]
  0x0000026912ffb820 JavaThread "Build operations Thread 9"         [_thread_blocked, id=73384, stack(0x0000008908900000,0x0000008908a00000) (1024K)]
  0x0000026912ffeca0 JavaThread "Build operations Thread 10"        [_thread_blocked, id=73280, stack(0x0000008908f00000,0x0000008909000000) (1024K)]
  0x0000026912ffc540 JavaThread "Build operations Thread 11"        [_thread_blocked, id=73672, stack(0x0000008909000000,0x0000008909100000) (1024K)]
  0x0000026912ffe610 JavaThread "Build operations Thread 12"        [_thread_blocked, id=73288, stack(0x0000008909200000,0x0000008909300000) (1024K)]
  0x00000268f50b15e0 JavaThread "build event listener"              [_thread_blocked, id=70884, stack(0x0000008909700000,0x0000008909800000) (1024K)]
  0x00000268f50b1c70 JavaThread "build event listener"              [_thread_blocked, id=70920, stack(0x0000008909500000,0x0000008909600000) (1024K)]
  0x000002690bbf96d0 JavaThread "pool-33-thread-1"                  [_thread_blocked, id=71028, stack(0x0000008909600000,0x0000008909700000) (1024K)]
  0x000002690bbf7c90 JavaThread "build event listener"              [_thread_blocked, id=73560, stack(0x0000008909a00000,0x0000008909b00000) (1024K)]
  0x000002690bbf8320 JavaThread "included builds"                   [_thread_blocked, id=71052, stack(0x0000008909f00000,0x000000890a000000) (1024K)]
  0x000002690c4c7120 JavaThread "Execution worker"                  [_thread_blocked, id=73712, stack(0x000000890a300000,0x000000890a400000) (1024K)]
  0x000002690c4c77b0 JavaThread "Execution worker Thread 2"         [_thread_blocked, id=54748, stack(0x000000890a500000,0x000000890a600000) (1024K)]
  0x0000026913695080 JavaThread "Execution worker Thread 3"         [_thread_blocked, id=50012, stack(0x000000890a600000,0x000000890a700000) (1024K)]
  0x00000268e7fda610 JavaThread "Execution worker Thread 4"         [_thread_blocked, id=73348, stack(0x000000890a700000,0x000000890a800000) (1024K)]
  0x00000268e7fdaca0 JavaThread "Execution worker Thread 5"         [_thread_blocked, id=73212, stack(0x000000890a800000,0x000000890a900000) (1024K)]
  0x00000268e7fd7820 JavaThread "Execution worker Thread 6"         [_thread_blocked, id=73148, stack(0x000000890a900000,0x000000890aa00000) (1024K)]
  0x00000268e7fdda90 JavaThread "Execution worker Thread 7"         [_thread_blocked, id=73140, stack(0x000000890aa00000,0x000000890ab00000) (1024K)]
  0x00000268e7fdb330 JavaThread "Execution worker Thread 8"         [_thread_blocked, id=73160, stack(0x000000890ab00000,0x000000890ac00000) (1024K)]
  0x00000268e7fdc6e0 JavaThread "Execution worker Thread 9"         [_thread_blocked, id=73164, stack(0x000000890ac00000,0x000000890ad00000) (1024K)]
  0x00000268e7fdee40 JavaThread "Execution worker Thread 10"        [_thread_blocked, id=73064, stack(0x000000890ad00000,0x000000890ae00000) (1024K)]
  0x00000268e7fdd400 JavaThread "Execution worker Thread 11"        [_thread_blocked, id=73356, stack(0x000000890ae00000,0x000000890af00000) (1024K)]
  0x0000026913696ac0 JavaThread "Cache worker for execution history cache (C:\Users\hulbe\AndroidStudioProjects\ComuniApp\.gradle\9.4.1\executionHistory)"        [_thread_blocked, id=73300, stack(0x000000890af00000,0x000000890b000000) (1024K)]
  0x0000026904348be0 JavaThread "WorkerExecutor Queue"              [_thread_blocked, id=73236, stack(0x000000890b100000,0x000000890b200000) (1024K)]
  0x0000026912fff330 JavaThread "WorkerExecutor Queue Thread 2"        [_thread_blocked, id=72844, stack(0x000000890b000000,0x000000890b100000) (1024K)]
  0x000002690baee440 JavaThread "WorkerExecutor Queue Thread 3"        [_thread_blocked, id=74112, stack(0x000000890b300000,0x000000890b400000) (1024K)]
  0x000002690baf46b0 JavaThread "WorkerExecutor Queue Thread 4"        [_thread_blocked, id=73708, stack(0x000000890b400000,0x000000890b500000) (1024K)]
  0x0000026905cd1280 JavaThread "WorkerExecutor Queue Thread 5"        [_thread_blocked, id=67036, stack(0x000000890b500000,0x000000890b600000) (1024K)]
  0x0000026905cd0560 JavaThread "WorkerExecutor Queue Thread 6"        [_thread_blocked, id=61392, stack(0x000000890b600000,0x000000890b700000) (1024K)]
  0x0000026905cd4070 JavaThread "WorkerExecutor Queue Thread 8"        [_thread_blocked, id=72524, stack(0x000000890b800000,0x000000890b900000) (1024K)]
  0x0000026905cd0bf0 JavaThread "WorkerExecutor Queue Thread 9"        [_thread_in_native, id=72596, stack(0x000000890b900000,0x000000890ba00000) (1024K)]
  0x000002690b8afe80 JavaThread "WorkerExecutor Queue Thread 11"        [_thread_blocked, id=70632, stack(0x000000890bb00000,0x000000890bc00000) (1024K)]
  0x0000026905a73800 JavaThread "WorkerExecutor Queue Thread 12"        [_thread_blocked, id=72472, stack(0x000000890bc00000,0x000000890bd00000) (1024K)]
  0x000002690bbfd870 JavaThread "WorkerExecutor Queue Thread 13"        [_thread_blocked, id=74744, stack(0x000000890c900000,0x000000890ca00000) (1024K)]
  0x000002690cef1630 JavaThread "Periodic tasks thread"      daemon [_thread_blocked, id=73900, stack(0x000000890ca00000,0x000000890cb00000) (1024K)]
  0x000002690cef4420 JavaThread "ApplicationImpl pooled thread 1" daemon [_thread_blocked, id=73852, stack(0x000000890cb00000,0x000000890cc00000) (1024K)]
  0x000002690d290e10 JavaThread "ForkJoinPool.commonPool-worker-23" daemon [_thread_blocked, id=72592, stack(0x000000890cc00000,0x000000890cd00000) (1024K)]
  0x000002690c156500 JavaThread "ForkJoinPool.commonPool-worker-24" daemon [_thread_blocked, id=75504, stack(0x000000890cd00000,0x000000890ce00000) (1024K)]
  0x000002690d21ec70 JavaThread "ForkJoinPool.commonPool-worker-25" daemon [_thread_blocked, id=75548, stack(0x000000890ce00000,0x000000890cf00000) (1024K)]
  0x000002690d21f300 JavaThread "ForkJoinPool.commonPool-worker-26" daemon [_thread_blocked, id=75544, stack(0x000000890cf00000,0x000000890d000000) (1024K)]
  0x000002690d220020 JavaThread "ForkJoinPool.commonPool-worker-27" daemon [_thread_blocked, id=75540, stack(0x000000890d000000,0x000000890d100000) (1024K)]
  0x000002690d21cba0 JavaThread "ForkJoinPool.commonPool-worker-29" daemon [_thread_blocked, id=75524, stack(0x000000890d200000,0x000000890d300000) (1024K)]
  0x0000026921eaaf60 JavaThread "ForkJoinPool-7-worker-1"    daemon [_thread_blocked, id=79240, stack(0x000000890b200000,0x000000890b300000) (1024K)]
  0x0000026921eab5f0 JavaThread "ForkJoinPool-7-worker-2"    daemon [_thread_blocked, id=79340, stack(0x000000890bd00000,0x000000890be00000) (1024K)]
  0x00000269120377d0 JavaThread "ForkJoinPool-7-worker-3"    daemon [_thread_blocked, id=79212, stack(0x000000890be00000,0x000000890bf00000) (1024K)]
  0x000002691d52d4f0 JavaThread "ForkJoinPool-7-worker-4"    daemon [_thread_blocked, id=78676, stack(0x000000890bf00000,0x000000890c000000) (1024K)]
  0x0000026921ea8e90 JavaThread "ForkJoinPool-7-worker-5"    daemon [_thread_blocked, id=79176, stack(0x000000890c000000,0x000000890c100000) (1024K)]
  0x000002691126b700 JavaThread "ForkJoinPool-7-worker-6"    daemon [_thread_blocked, id=79216, stack(0x000000890c100000,0x000000890c200000) (1024K)]
  0x0000026921eafe20 JavaThread "ForkJoinPool-7-worker-7"    daemon [_thread_blocked, id=78688, stack(0x000000890c200000,0x000000890c300000) (1024K)]
  0x000002690c800cb0 JavaThread "ForkJoinPool-7-worker-8"    daemon [_thread_blocked, id=79276, stack(0x000000890c300000,0x000000890c400000) (1024K)]
  0x000002691126c420 JavaThread "ForkJoinPool-7-worker-9"    daemon [_thread_blocked, id=79188, stack(0x000000890c400000,0x000000890c500000) (1024K)]
  0x000002690c1529f0 JavaThread "ForkJoinPool-7-worker-10"   daemon [_thread_blocked, id=79172, stack(0x000000890c500000,0x000000890c600000) (1024K)]
  0x0000026921a09980 JavaThread "ForkJoinPool-7-worker-11"   daemon [_thread_blocked, id=79272, stack(0x000000890c600000,0x000000890c700000) (1024K)]
  0x000002691126d140 JavaThread "ForkJoinPool-7-worker-12"   daemon [_thread_blocked, id=78720, stack(0x000000890c700000,0x000000890c800000) (1024K)]
  0x000002690c155150 JavaThread "RMI TCP Connection(idle)"   daemon [_thread_blocked, id=80124, stack(0x000000890d100000,0x000000890d200000) (1024K)]
  0x000002691d52c140 JavaThread "WorkerExecutor Queue Thread 14"        [_thread_blocked, id=51104, stack(0x000000890db00000,0x000000890dc00000) (1024K)]
  0x0000026921ea60a0 JavaThread "RMI RenewClean-[127.0.0.1:17293,org.jetbrains.kotlin.daemon.common.LoopbackNetworkInterface$ClientLoopbackSocketFactory@65a4e2bc]" daemon [_thread_blocked, id=57308, stack(0x000000890dc00000,0x000000890dd00000) (1024K)]
  0x0000026921ea9520 JavaThread "RMI TCP Accept-0"           daemon [_thread_in_native, id=78004, stack(0x000000890dd00000,0x000000890de00000) (1024K)]
  0x000002690c4c6400 JavaThread "RMI TCP Connection(idle)"   daemon [_thread_blocked, id=79080, stack(0x000000890df00000,0x000000890e000000) (1024K)]
Total: 126

Other Threads:
=>0x00000268a1a76fe0 VMThread "VM Thread"                           [id=27276, stack(0x0000008904d00000,0x0000008904e00000) (1024K)]
  0x00000268a1a66e50 WatcherThread "VM Periodic Task Thread"        [id=35188, stack(0x0000008904c00000,0x0000008904d00000) (1024K)]
  0x0000026884b16280 WorkerThread "GC Thread#0"                     [id=69076, stack(0x0000008904700000,0x0000008904800000) (1024K)]
  0x00000268a1fce580 WorkerThread "GC Thread#1"                     [id=5396, stack(0x0000008905a00000,0x0000008905b00000) (1024K)]
  0x00000268a1fcd310 WorkerThread "GC Thread#2"                     [id=2552, stack(0x0000008905b00000,0x0000008905c00000) (1024K)]
  0x00000268a1fcd6c0 WorkerThread "GC Thread#3"                     [id=54244, stack(0x0000008905c00000,0x0000008905d00000) (1024K)]
  0x00000268a1fcde20 WorkerThread "GC Thread#4"                     [id=86896, stack(0x0000008905d00000,0x0000008905e00000) (1024K)]
  0x00000268e7da5be0 WorkerThread "GC Thread#5"                     [id=53236, stack(0x0000008906b00000,0x0000008906c00000) (1024K)]
  0x00000268e7da5f90 WorkerThread "GC Thread#6"                     [id=15900, stack(0x0000008906c00000,0x0000008906d00000) (1024K)]
  0x00000268e7da6aa0 WorkerThread "GC Thread#7"                     [id=23824, stack(0x0000008906d00000,0x0000008906e00000) (1024K)]
  0x00000268e7da5480 WorkerThread "GC Thread#8"                     [id=45068, stack(0x0000008906e00000,0x0000008906f00000) (1024K)]
  0x00000268ea6a2680 WorkerThread "GC Thread#9"                     [id=36900, stack(0x0000008906f00000,0x0000008907000000) (1024K)]
  0x0000026884b65010 ConcurrentGCThread "G1 Main Marker"            [id=10880, stack(0x0000008904800000,0x0000008904900000) (1024K)]
  0x0000026884b66240 WorkerThread "G1 Conc#0"                       [id=9728, stack(0x0000008904900000,0x0000008904a00000) (1024K)]
  0x00000268ea6a38f0 WorkerThread "G1 Conc#1"                       [id=3476, stack(0x0000008907000000,0x0000008907100000) (1024K)]
  0x00000268ea6a4050 WorkerThread "G1 Conc#2"                       [id=66508, stack(0x0000008907100000,0x0000008907200000) (1024K)]
  0x00000268a1936360 ConcurrentGCThread "G1 Refine#0"               [id=35656, stack(0x0000008904a00000,0x0000008904b00000) (1024K)]
  0x000002690cd494e0 ConcurrentGCThread "G1 Refine#1"               [id=75132, stack(0x000000890b700000,0x000000890b800000) (1024K)]
  0x000002690cd47b00 ConcurrentGCThread "G1 Refine#2"               [id=73804, stack(0x000000890d300000,0x000000890d400000) (1024K)]
  0x000002690c1b6dc0 ConcurrentGCThread "G1 Refine#3"               [id=74316, stack(0x000000890d400000,0x000000890d500000) (1024K)]
  0x00000268ed9aa0a0 ConcurrentGCThread "G1 Refine#4"               [id=72512, stack(0x000000890d600000,0x000000890d700000) (1024K)]
  0x00000268eddb4840 ConcurrentGCThread "G1 Refine#5"               [id=75184, stack(0x000000890d700000,0x000000890d800000) (1024K)]
  0x00000268ec46d980 ConcurrentGCThread "G1 Refine#6"               [id=78712, stack(0x000000890c800000,0x000000890c900000) (1024K)]
  0x00000268ec46ddd0 ConcurrentGCThread "G1 Refine#7"               [id=79184, stack(0x000000890d800000,0x000000890d900000) (1024K)]
  0x00000268ec46d0e0 ConcurrentGCThread "G1 Refine#8"               [id=79192, stack(0x000000890d900000,0x000000890da00000) (1024K)]
  0x00000268ec46e670 ConcurrentGCThread "G1 Refine#9"               [id=79296, stack(0x000000890da00000,0x000000890db00000) (1024K)]
  0x00000268a1938e00 ConcurrentGCThread "G1 Service"                [id=40616, stack(0x0000008904b00000,0x0000008904c00000) (1024K)]
Total: 27

Threads with active compile tasks:
Total: 0

VM state: at safepoint (normal execution)

VM Mutex/Monitor currently owned by a thread:  ([mutex/lock_event])
[0x00007ffb4ac7b8a0] Threads_lock - owner thread: 0x00000268a1a76fe0
[0x00007ffb4ac7b9a0] Heap_lock - owner thread: 0x0000026921a09980

Heap address: 0x0000000080000000, size: 2048 MB, Compressed Oops mode: 32-bit

CDS archive(s) mapped at: [0x00000268a2000000-0x00000268a2c80000-0x00000268a2c80000), size 13107200, SharedBaseAddress: 0x00000268a2000000, ArchiveRelocationMode: 1.
Compressed class space mapped at: 0x00000268a3000000-0x00000268e3000000, reserved size: 1073741824
Narrow klass base: 0x00000268a2000000, Narrow klass shift: 0, Narrow klass range: 0x100000000

GC Precious Log:
 CardTable entry size: 512
 Card Set container configuration: InlinePtr #cards 5 size 8 Array Of Cards #cards 12 size 40 Howl #buckets 4 coarsen threshold 1843 Howl Bitmap #cards 512 size 80 coarsen threshold 460 Card regions per heap region 1 cards per card region 2048
 CPUs: 12 total, 12 available
 Memory: 7884M
 Large Page Support: Disabled
 NUMA Support: Disabled
 Compressed Oops: Enabled (32-bit)
 Heap Region Size: 1M
 Heap Min Capacity: 8M
 Heap Initial Capacity: 124M
 Heap Max Capacity: 2G
 Pre-touch: Disabled
 Parallel Workers: 10
 Concurrent Workers: 3
 Concurrent Refinement Workers: 10
 Periodic GC: Disabled

Heap:
 garbage-first heap   total 2097152K, used 1828152K [0x0000000080000000, 0x0000000100000000)
  region size 1024K, 1 young (1024K), 1 survivors (1024K)
 Metaspace       used 498071K, committed 500736K, reserved 1507328K
  class space    used 59679K, committed 61120K, reserved 1048576K

Heap Regions: E=young(eden), S=young(survivor), O=old, HS=humongous(starts), HC=humongous(continues), CS=collection set, F=free, TAMS=top-at-mark-start, PB=parsable bottom
|   0|0x0000000080000000, 0x0000000080100000, 0x0000000080100000|100%|HS|  |TAMS 0x0000000080100000| PB 0x0000000080000000| Complete 
|   1|0x0000000080100000, 0x0000000080200000, 0x0000000080200000|100%|HC|  |TAMS 0x0000000080200000| PB 0x0000000080100000| Complete 
|   2|0x0000000080200000, 0x0000000080300000, 0x0000000080300000|100%|HC|  |TAMS 0x0000000080300000| PB 0x0000000080200000| Complete 
|   3|0x0000000080300000, 0x0000000080400000, 0x0000000080400000|100%|HC|  |TAMS 0x0000000080400000| PB 0x0000000080300000| Complete 
|   4|0x0000000080400000, 0x0000000080500000, 0x0000000080500000|100%| O|  |TAMS 0x0000000080500000| PB 0x0000000080400000| Untracked 
|   5|0x0000000080500000, 0x00000000805ffff8, 0x0000000080600000| 99%| O|  |TAMS 0x00000000805ffff8| PB 0x0000000080500000| Untracked 
|   6|0x0000000080600000, 0x0000000080700000, 0x0000000080700000|100%| O|  |TAMS 0x0000000080700000| PB 0x0000000080600000| Untracked 
|   7|0x0000000080700000, 0x00000000807ffff0, 0x0000000080800000| 99%| O|  |TAMS 0x00000000807ffff0| PB 0x0000000080700000| Untracked 
|   8|0x0000000080800000, 0x0000000080900000, 0x0000000080900000|100%|HS|  |TAMS 0x0000000080900000| PB 0x0000000080800000| Complete 
|   9|0x0000000080900000, 0x00000000809ffff0, 0x0000000080a00000| 99%| O|  |TAMS 0x00000000809ffff0| PB 0x0000000080900000| Untracked 
|  10|0x0000000080a00000, 0x0000000080aff600, 0x0000000080b00000| 99%| O|  |TAMS 0x0000000080aff600| PB 0x0000000080a00000| Untracked 
|  11|0x0000000080b00000, 0x0000000080c00000, 0x0000000080c00000|100%| O|  |TAMS 0x0000000080c00000| PB 0x0000000080b00000| Untracked 
|  12|0x0000000080c00000, 0x0000000080cfca60, 0x0000000080d00000| 98%| O|  |TAMS 0x0000000080cfca60| PB 0x0000000080c00000| Untracked 
|  13|0x0000000080d00000, 0x0000000080dfffe8, 0x0000000080e00000| 99%| O|  |TAMS 0x0000000080dfffe8| PB 0x0000000080d00000| Untracked 
|  14|0x0000000080e00000, 0x0000000080effff8, 0x0000000080f00000| 99%| O|  |TAMS 0x0000000080effff8| PB 0x0000000080e00000| Untracked 
|  15|0x0000000080f00000, 0x0000000080fffff0, 0x0000000081000000| 99%| O|  |TAMS 0x0000000080fffff0| PB 0x0000000080f00000| Untracked 
|  16|0x0000000081000000, 0x00000000810ffff0, 0x0000000081100000| 99%| O|  |TAMS 0x00000000810ffff0| PB 0x0000000081000000| Untracked 
|  17|0x0000000081100000, 0x0000000081200000, 0x0000000081200000|100%| O|  |TAMS 0x0000000081200000| PB 0x0000000081100000| Untracked 
|  18|0x0000000081200000, 0x0000000081300000, 0x0000000081300000|100%| O|  |TAMS 0x0000000081300000| PB 0x0000000081200000| Untracked 
|  19|0x0000000081300000, 0x00000000813fffb0, 0x0000000081400000| 99%| O|  |TAMS 0x00000000813fffb0| PB 0x0000000081300000| Untracked 
|  20|0x0000000081400000, 0x00000000814ffff8, 0x0000000081500000| 99%| O|  |TAMS 0x00000000814ffff8| PB 0x0000000081400000| Untracked 
|  21|0x0000000081500000, 0x0000000081600000, 0x0000000081600000|100%| O|  |TAMS 0x0000000081600000| PB 0x0000000081500000| Untracked 
|  22|0x0000000081600000, 0x00000000816ffff0, 0x0000000081700000| 99%| O|  |TAMS 0x00000000816ffff0| PB 0x0000000081600000| Untracked 
|  23|0x0000000081700000, 0x00000000817fffb8, 0x0000000081800000| 99%| O|  |TAMS 0x00000000817fffb8| PB 0x0000000081700000| Untracked 
|  24|0x0000000081800000, 0x00000000818fffc0, 0x0000000081900000| 99%| O|  |TAMS 0x00000000818fffc0| PB 0x0000000081800000| Untracked 
|  25|0x0000000081900000, 0x00000000819ffff0, 0x0000000081a00000| 99%| O|  |TAMS 0x00000000819ffff0| PB 0x0000000081900000| Untracked 
|  26|0x0000000081a00000, 0x0000000081b00000, 0x0000000081b00000|100%| O|  |TAMS 0x0000000081b00000| PB 0x0000000081a00000| Untracked 
|  27|0x0000000081b00000, 0x0000000081bfffe8, 0x0000000081c00000| 99%| O|  |TAMS 0x0000000081bfffe8| PB 0x0000000081b00000| Untracked 
|  28|0x0000000081c00000, 0x0000000081cffff8, 0x0000000081d00000| 99%| O|  |TAMS 0x0000000081cffff8| PB 0x0000000081c00000| Untracked 
|  29|0x0000000081d00000, 0x0000000081e00000, 0x0000000081e00000|100%| O|  |TAMS 0x0000000081e00000| PB 0x0000000081d00000| Untracked 
|  30|0x0000000081e00000, 0x0000000081effff0, 0x0000000081f00000| 99%| O|  |TAMS 0x0000000081effff0| PB 0x0000000081e00000| Untracked 
|  31|0x0000000081f00000, 0x0000000081ffffe8, 0x0000000082000000| 99%| O|  |TAMS 0x0000000081ffffe8| PB 0x0000000081f00000| Untracked 
|  32|0x0000000082000000, 0x00000000820fe320, 0x0000000082100000| 99%| O|  |TAMS 0x00000000820fe320| PB 0x0000000082000000| Untracked 
|  33|0x0000000082100000, 0x00000000821ffff0, 0x0000000082200000| 99%| O|  |TAMS 0x00000000821ffff0| PB 0x0000000082100000| Untracked 
|  34|0x0000000082200000, 0x00000000822ffff0, 0x0000000082300000| 99%| O|  |TAMS 0x00000000822ffff0| PB 0x00000000822ffff0| Untracked 
|  35|0x0000000082300000, 0x00000000823ff908, 0x0000000082400000| 99%| O|  |TAMS 0x00000000823ff908| PB 0x00000000823ff908| Untracked 
|  36|0x0000000082400000, 0x0000000082500000, 0x0000000082500000|100%| O|  |TAMS 0x0000000082500000| PB 0x0000000082500000| Updating 
|  37|0x0000000082500000, 0x00000000825fc270, 0x0000000082600000| 98%| O|  |TAMS 0x00000000825fc270| PB 0x00000000825fc270| Untracked 
|  38|0x0000000082600000, 0x00000000826ff108, 0x0000000082700000| 99%| O|  |TAMS 0x00000000826ff108| PB 0x00000000826ff108| Untracked 
|  39|0x0000000082700000, 0x00000000827fff88, 0x0000000082800000| 99%| O|  |TAMS 0x00000000827fff88| PB 0x00000000827fff88| Untracked 
|  40|0x0000000082800000, 0x00000000828ffff8, 0x0000000082900000| 99%| O|  |TAMS 0x00000000828ffff8| PB 0x00000000828ffff8| Untracked 
|  41|0x0000000082900000, 0x00000000829fd8e0, 0x0000000082a00000| 99%| O|  |TAMS 0x00000000829fd8e0| PB 0x00000000829fd8e0| Untracked 
|  42|0x0000000082a00000, 0x0000000082afffe8, 0x0000000082b00000| 99%| O|  |TAMS 0x0000000082afffe8| PB 0x0000000082afffe8| Untracked 
|  43|0x0000000082b00000, 0x0000000082c00000, 0x0000000082c00000|100%| O|  |TAMS 0x0000000082c00000| PB 0x0000000082c00000| Untracked 
|  44|0x0000000082c00000, 0x0000000082cffff0, 0x0000000082d00000| 99%| O|  |TAMS 0x0000000082cffff0| PB 0x0000000082cffff0| Untracked 
|  45|0x0000000082d00000, 0x0000000082e00000, 0x0000000082e00000|100%|HS|  |TAMS 0x0000000082e00000| PB 0x0000000082d00000| Complete 
|  46|0x0000000082e00000, 0x0000000082f00000, 0x0000000082f00000|100%|HS|  |TAMS 0x0000000082f00000| PB 0x0000000082e00000| Complete 
|  47|0x0000000082f00000, 0x0000000083000000, 0x0000000083000000|100%|HS|  |TAMS 0x0000000083000000| PB 0x0000000082f00000| Complete 
|  48|0x0000000083000000, 0x0000000083100000, 0x0000000083100000|100%|HC|  |TAMS 0x0000000083100000| PB 0x0000000083000000| Complete 
|  49|0x0000000083100000, 0x00000000831ffff8, 0x0000000083200000| 99%| O|  |TAMS 0x00000000831ffff8| PB 0x00000000831ffff8| Untracked 
|  50|0x0000000083200000, 0x00000000832f0450, 0x0000000083300000| 93%| O|  |TAMS 0x00000000832f0450| PB 0x00000000832f0450| Untracked 
|  51|0x0000000083300000, 0x0000000083400000, 0x0000000083400000|100%|HS|  |TAMS 0x0000000083400000| PB 0x0000000083300000| Complete 
|  52|0x0000000083400000, 0x0000000083500000, 0x0000000083500000|100%|HC|  |TAMS 0x0000000083500000| PB 0x0000000083400000| Complete 
|  53|0x0000000083500000, 0x0000000083600000, 0x0000000083600000|100%|HS|  |TAMS 0x0000000083600000| PB 0x0000000083500000| Complete 
|  54|0x0000000083600000, 0x0000000083700000, 0x0000000083700000|100%|HS|  |TAMS 0x0000000083700000| PB 0x0000000083600000| Complete 
|  55|0x0000000083700000, 0x00000000837fffd8, 0x0000000083800000| 99%| O|  |TAMS 0x00000000837fffd8| PB 0x00000000837fffd8| Untracked 
|  56|0x0000000083800000, 0x0000000083900000, 0x0000000083900000|100%|HS|  |TAMS 0x0000000083900000| PB 0x0000000083800000| Complete 
|  57|0x0000000083900000, 0x0000000083a00000, 0x0000000083a00000|100%|HS|  |TAMS 0x0000000083a00000| PB 0x0000000083900000| Complete 
|  58|0x0000000083a00000, 0x0000000083a9f1b0, 0x0000000083b00000| 62%| O|  |TAMS 0x0000000083a9f1b0| PB 0x0000000083a9f1b0| Updating 
|  59|0x0000000083b00000, 0x0000000083bfffc8, 0x0000000083c00000| 99%| O|  |TAMS 0x0000000083bfffc8| PB 0x0000000083bfffc8| Updating 
|  60|0x0000000083c00000, 0x0000000083cfffe8, 0x0000000083d00000| 99%| O|  |TAMS 0x0000000083cfffe8| PB 0x0000000083cfffe8| Untracked 
|  61|0x0000000083d00000, 0x0000000083dffff8, 0x0000000083e00000| 99%| O|  |TAMS 0x0000000083dffff8| PB 0x0000000083dffff8| Untracked 
|  62|0x0000000083e00000, 0x0000000083f00000, 0x0000000083f00000|100%|HS|  |TAMS 0x0000000083f00000| PB 0x0000000083e00000| Complete 
|  63|0x0000000083f00000, 0x0000000083fffff0, 0x0000000084000000| 99%| O|  |TAMS 0x0000000083fffff0| PB 0x0000000083fffff0| Untracked 
|  64|0x0000000084000000, 0x00000000840fffa8, 0x0000000084100000| 99%| O|  |TAMS 0x00000000840fffa8| PB 0x00000000840fffa8| Updating 
|  65|0x0000000084100000, 0x00000000841d1b60, 0x0000000084200000| 81%| O|  |TAMS 0x00000000841d1b60| PB 0x00000000841d1b60| Updating 
|  66|0x0000000084200000, 0x0000000084300000, 0x0000000084300000|100%| O|  |TAMS 0x0000000084300000| PB 0x0000000084300000| Untracked 
|  67|0x0000000084300000, 0x0000000084400000, 0x0000000084400000|100%| O|  |TAMS 0x0000000084400000| PB 0x0000000084400000| Updating 
|  68|0x0000000084400000, 0x00000000844ffff0, 0x0000000084500000| 99%| O|  |TAMS 0x00000000844ffff0| PB 0x00000000844ffff0| Updating 
|  69|0x0000000084500000, 0x00000000845fffd0, 0x0000000084600000| 99%| O|  |TAMS 0x00000000845fffd0| PB 0x00000000845fffd0| Untracked 
|  70|0x0000000084600000, 0x00000000846ffff8, 0x0000000084700000| 99%| O|  |TAMS 0x00000000846ffff8| PB 0x00000000846ffff8| Untracked 
|  71|0x0000000084700000, 0x00000000847fffa0, 0x0000000084800000| 99%| O|  |TAMS 0x00000000847fffa0| PB 0x00000000847fffa0| Untracked 
|  72|0x0000000084800000, 0x00000000848fffe8, 0x0000000084900000| 99%| O|  |TAMS 0x00000000848fffe8| PB 0x00000000848fffe8| Untracked 
|  73|0x0000000084900000, 0x0000000084a00000, 0x0000000084a00000|100%| O|  |TAMS 0x0000000084a00000| PB 0x0000000084a00000| Untracked 
|  74|0x0000000084a00000, 0x0000000084affff8, 0x0000000084b00000| 99%| O|  |TAMS 0x0000000084affff8| PB 0x0000000084affff8| Untracked 
|  75|0x0000000084b00000, 0x0000000084bffd28, 0x0000000084c00000| 99%| O|  |TAMS 0x0000000084bffd28| PB 0x0000000084bffd28| Untracked 
|  76|0x0000000084c00000, 0x0000000084cfffe8, 0x0000000084d00000| 99%| O|  |TAMS 0x0000000084cfffe8| PB 0x0000000084cfffe8| Untracked 
|  77|0x0000000084d00000, 0x0000000084df99e0, 0x0000000084e00000| 97%| O|  |TAMS 0x0000000084df99e0| PB 0x0000000084df99e0| Updating 
|  78|0x0000000084e00000, 0x0000000084effff8, 0x0000000084f00000| 99%| O|  |TAMS 0x0000000084effff8| PB 0x0000000084effff8| Untracked 
|  79|0x0000000084f00000, 0x0000000085000000, 0x0000000085000000|100%| O|  |TAMS 0x0000000085000000| PB 0x0000000085000000| Untracked 
|  80|0x0000000085000000, 0x00000000850ffef0, 0x0000000085100000| 99%| O|  |TAMS 0x00000000850ffef0| PB 0x00000000850ffef0| Untracked 
|  81|0x0000000085100000, 0x00000000851fffe8, 0x0000000085200000| 99%| O|  |TAMS 0x00000000851fffe8| PB 0x00000000851fffe8| Untracked 
|  82|0x0000000085200000, 0x00000000852fff90, 0x0000000085300000| 99%| O|  |TAMS 0x00000000852fff90| PB 0x00000000852fff90| Updating 
|  83|0x0000000085300000, 0x00000000853ffff0, 0x0000000085400000| 99%| O|  |TAMS 0x00000000853ffff0| PB 0x00000000853ffff0| Untracked 
|  84|0x0000000085400000, 0x00000000854fffe8, 0x0000000085500000| 99%| O|  |TAMS 0x00000000854fffe8| PB 0x00000000854fffe8| Untracked 
|  85|0x0000000085500000, 0x00000000855ffff8, 0x0000000085600000| 99%| O|  |TAMS 0x00000000855ffff8| PB 0x00000000855ffff8| Untracked 
|  86|0x0000000085600000, 0x00000000856fffd8, 0x0000000085700000| 99%| O|  |TAMS 0x00000000856fffd8| PB 0x00000000856fffd8| Untracked 
|  87|0x0000000085700000, 0x0000000085800000, 0x0000000085800000|100%| O|  |TAMS 0x0000000085800000| PB 0x0000000085800000| Untracked 
|  88|0x0000000085800000, 0x00000000858ffff0, 0x0000000085900000| 99%| O|  |TAMS 0x00000000858ffff0| PB 0x00000000858ffff0| Untracked 
|  89|0x0000000085900000, 0x00000000859fffc8, 0x0000000085a00000| 99%| O|  |TAMS 0x00000000859fffc8| PB 0x00000000859fffc8| Updating 
|  90|0x0000000085a00000, 0x0000000085afffe0, 0x0000000085b00000| 99%| O|  |TAMS 0x0000000085afffe0| PB 0x0000000085afffe0| Untracked 
|  91|0x0000000085b00000, 0x0000000085bffff8, 0x0000000085c00000| 99%| O|  |TAMS 0x0000000085bffff8| PB 0x0000000085bffff8| Untracked 
|  92|0x0000000085c00000, 0x0000000085cfffd8, 0x0000000085d00000| 99%| O|  |TAMS 0x0000000085cfffd8| PB 0x0000000085cfffd8| Untracked 
|  93|0x0000000085d00000, 0x0000000085dfffb0, 0x0000000085e00000| 99%| O|  |TAMS 0x0000000085dfffb0| PB 0x0000000085dfffb0| Untracked 
|  94|0x0000000085e00000, 0x0000000085effff0, 0x0000000085f00000| 99%| O|  |TAMS 0x0000000085effff0| PB 0x0000000085effff0| Untracked 
|  95|0x0000000085f00000, 0x0000000085ffff58, 0x0000000086000000| 99%| O|  |TAMS 0x0000000085ffff58| PB 0x0000000085ffff58| Updating 
|  96|0x0000000086000000, 0x00000000860ffff8, 0x0000000086100000| 99%| O|  |TAMS 0x00000000860ffff8| PB 0x00000000860ffff8| Untracked 
|  97|0x0000000086100000, 0x00000000861ffff8, 0x0000000086200000| 99%| O|  |TAMS 0x00000000861ffff8| PB 0x00000000861ffff8| Untracked 
|  98|0x0000000086200000, 0x00000000862ffe08, 0x0000000086300000| 99%| O|  |TAMS 0x00000000862ffe08| PB 0x00000000862ffe08| Untracked 
|  99|0x0000000086300000, 0x0000000086400000, 0x0000000086400000|100%| O|  |TAMS 0x0000000086400000| PB 0x0000000086400000| Untracked 
| 100|0x0000000086400000, 0x00000000864ffc70, 0x0000000086500000| 99%| O|  |TAMS 0x00000000864ffc70| PB 0x00000000864ffc70| Untracked 
| 101|0x0000000086500000, 0x00000000865fe1f8, 0x0000000086600000| 99%| O|  |TAMS 0x00000000865fe1f8| PB 0x00000000865fe1f8| Updating 
| 102|0x0000000086600000, 0x0000000086700000, 0x0000000086700000|100%| O|  |TAMS 0x0000000086700000| PB 0x0000000086700000| Untracked 
| 103|0x0000000086700000, 0x00000000867ffff0, 0x0000000086800000| 99%| O|  |TAMS 0x00000000867ffff0| PB 0x00000000867ffff0| Updating 
| 104|0x0000000086800000, 0x0000000086900000, 0x0000000086900000|100%| O|  |TAMS 0x0000000086900000| PB 0x0000000086900000| Updating 
| 105|0x0000000086900000, 0x0000000086a00000, 0x0000000086a00000|100%| O|  |TAMS 0x0000000086a00000| PB 0x0000000086a00000| Untracked 
| 106|0x0000000086a00000, 0x0000000086b00000, 0x0000000086b00000|100%| O|  |TAMS 0x0000000086b00000| PB 0x0000000086b00000| Untracked 
| 107|0x0000000086b00000, 0x0000000086bffff0, 0x0000000086c00000| 99%| O|  |TAMS 0x0000000086bffff0| PB 0x0000000086bffff0| Untracked 
| 108|0x0000000086c00000, 0x0000000086d00000, 0x0000000086d00000|100%| O|  |TAMS 0x0000000086d00000| PB 0x0000000086d00000| Untracked 
| 109|0x0000000086d00000, 0x0000000086dfffd0, 0x0000000086e00000| 99%| O|  |TAMS 0x0000000086dfffd0| PB 0x0000000086dfffd0| Untracked 
| 110|0x0000000086e00000, 0x0000000086ef17f0, 0x0000000086f00000| 94%| O|  |TAMS 0x0000000086ef17f0| PB 0x0000000086ef17f0| Untracked 
| 111|0x0000000086f00000, 0x0000000087000000, 0x0000000087000000|100%| O|  |TAMS 0x0000000087000000| PB 0x0000000087000000| Untracked 
| 112|0x0000000087000000, 0x00000000870ffff8, 0x0000000087100000| 99%| O|  |TAMS 0x00000000870ffff8| PB 0x00000000870ffff8| Updating 
| 113|0x0000000087100000, 0x0000000087200000, 0x0000000087200000|100%| O|  |TAMS 0x0000000087200000| PB 0x0000000087200000| Updating 
| 114|0x0000000087200000, 0x0000000087300000, 0x0000000087300000|100%| O|  |TAMS 0x0000000087300000| PB 0x0000000087300000| Untracked 
| 115|0x0000000087300000, 0x00000000873fffe0, 0x0000000087400000| 99%| O|  |TAMS 0x00000000873fffe0| PB 0x00000000873fffe0| Untracked 
| 116|0x0000000087400000, 0x00000000874ffff8, 0x0000000087500000| 99%| O|  |TAMS 0x00000000874ffff8| PB 0x00000000874ffff8| Untracked 
| 117|0x0000000087500000, 0x0000000087600000, 0x0000000087600000|100%| O|  |TAMS 0x0000000087600000| PB 0x0000000087600000| Untracked 
| 118|0x0000000087600000, 0x0000000087700000, 0x0000000087700000|100%|HS|  |TAMS 0x0000000087700000| PB 0x0000000087600000| Complete 
| 119|0x0000000087700000, 0x0000000087800000, 0x0000000087800000|100%| O|  |TAMS 0x0000000087800000| PB 0x0000000087800000| Untracked 
| 120|0x0000000087800000, 0x0000000087900000, 0x0000000087900000|100%|HS|  |TAMS 0x0000000087900000| PB 0x0000000087800000| Complete 
| 121|0x0000000087900000, 0x0000000087a00000, 0x0000000087a00000|100%|HC|  |TAMS 0x0000000087a00000| PB 0x0000000087900000| Complete 
| 122|0x0000000087a00000, 0x0000000087b00000, 0x0000000087b00000|100%|HC|  |TAMS 0x0000000087b00000| PB 0x0000000087a00000| Complete 
| 123|0x0000000087b00000, 0x0000000087c00000, 0x0000000087c00000|100%|HC|  |TAMS 0x0000000087c00000| PB 0x0000000087b00000| Complete 
| 124|0x0000000087c00000, 0x0000000087d00000, 0x0000000087d00000|100%|HC|  |TAMS 0x0000000087d00000| PB 0x0000000087c00000| Complete 
| 125|0x0000000087d00000, 0x0000000087dffff8, 0x0000000087e00000| 99%| O|  |TAMS 0x0000000087dffff8| PB 0x0000000087dffff8| Untracked 
| 126|0x0000000087e00000, 0x0000000087f00000, 0x0000000087f00000|100%|HS|  |TAMS 0x0000000087f00000| PB 0x0000000087e00000| Complete 
| 127|0x0000000087f00000, 0x0000000088000000, 0x0000000088000000|100%|HS|  |TAMS 0x0000000088000000| PB 0x0000000087f00000| Complete 
| 128|0x0000000088000000, 0x0000000088100000, 0x0000000088100000|100%|HS|  |TAMS 0x0000000088100000| PB 0x0000000088000000| Complete 
| 129|0x0000000088100000, 0x00000000881ffff8, 0x0000000088200000| 99%| O|  |TAMS 0x00000000881ffff8| PB 0x00000000881ffff8| Untracked 
| 130|0x0000000088200000, 0x00000000882fffe8, 0x0000000088300000| 99%| O|  |TAMS 0x00000000882fffe8| PB 0x00000000882fffe8| Untracked 
| 131|0x0000000088300000, 0x00000000883ffff8, 0x0000000088400000| 99%| O|  |TAMS 0x00000000883ffff8| PB 0x00000000883ffff8| Untracked 
| 132|0x0000000088400000, 0x0000000088500000, 0x0000000088500000|100%| O|  |TAMS 0x0000000088500000| PB 0x0000000088500000| Updating 
| 133|0x0000000088500000, 0x0000000088600000, 0x0000000088600000|100%| O|  |TAMS 0x0000000088600000| PB 0x0000000088600000| Untracked 
| 134|0x0000000088600000, 0x00000000886fffe8, 0x0000000088700000| 99%| O|  |TAMS 0x00000000886fffe8| PB 0x00000000886fffe8| Updating 
| 135|0x0000000088700000, 0x0000000088800000, 0x0000000088800000|100%| O|  |TAMS 0x0000000088800000| PB 0x0000000088800000| Untracked 
| 136|0x0000000088800000, 0x0000000088900000, 0x0000000088900000|100%| O|  |TAMS 0x0000000088900000| PB 0x0000000088900000| Untracked 
| 137|0x0000000088900000, 0x00000000889fc8e0, 0x0000000088a00000| 98%| O|  |TAMS 0x00000000889fc8e0| PB 0x00000000889fc8e0| Untracked 
| 138|0x0000000088a00000, 0x0000000088b00000, 0x0000000088b00000|100%| O|  |TAMS 0x0000000088b00000| PB 0x0000000088b00000| Untracked 
| 139|0x0000000088b00000, 0x0000000088bdcd50, 0x0000000088c00000| 86%| O|  |TAMS 0x0000000088bdcd50| PB 0x0000000088bdcd50| Untracked 
| 140|0x0000000088c00000, 0x0000000088d00000, 0x0000000088d00000|100%| O|  |TAMS 0x0000000088d00000| PB 0x0000000088d00000| Untracked 
| 141|0x0000000088d00000, 0x0000000088e00000, 0x0000000088e00000|100%| O|  |TAMS 0x0000000088e00000| PB 0x0000000088e00000| Updating 
| 142|0x0000000088e00000, 0x0000000088efffc8, 0x0000000088f00000| 99%| O|  |TAMS 0x0000000088efffc8| PB 0x0000000088efffc8| Untracked 
| 143|0x0000000088f00000, 0x0000000088fffff8, 0x0000000089000000| 99%| O|  |TAMS 0x0000000088fffff8| PB 0x0000000088fffff8| Updating 
| 144|0x0000000089000000, 0x00000000890fffe8, 0x0000000089100000| 99%| O|  |TAMS 0x00000000890fffe8| PB 0x00000000890fffe8| Untracked 
| 145|0x0000000089100000, 0x00000000891fffe0, 0x0000000089200000| 99%| O|  |TAMS 0x00000000891fffe0| PB 0x00000000891fffe0| Updating 
| 146|0x0000000089200000, 0x00000000892ffff0, 0x0000000089300000| 99%| O|  |TAMS 0x00000000892ffff0| PB 0x00000000892ffff0| Untracked 
| 147|0x0000000089300000, 0x0000000089400000, 0x0000000089400000|100%| O|  |TAMS 0x0000000089400000| PB 0x0000000089400000| Untracked 
| 148|0x0000000089400000, 0x00000000894ffff8, 0x0000000089500000| 99%| O|  |TAMS 0x00000000894ffff8| PB 0x00000000894ffff8| Untracked 
| 149|0x0000000089500000, 0x00000000895f8c98, 0x0000000089600000| 97%| O|  |TAMS 0x00000000895f8c98| PB 0x00000000895f8c98| Untracked 
| 150|0x0000000089600000, 0x00000000896ffff8, 0x0000000089700000| 99%| O|  |TAMS 0x00000000896ffff8| PB 0x00000000896ffff8| Untracked 
| 151|0x0000000089700000, 0x00000000897fffe8, 0x0000000089800000| 99%| O|  |TAMS 0x00000000897fffe8| PB 0x00000000897fffe8| Untracked 
| 152|0x0000000089800000, 0x00000000898ffff0, 0x0000000089900000| 99%| O|  |TAMS 0x00000000898ffff0| PB 0x00000000898ffff0| Untracked 
| 153|0x0000000089900000, 0x0000000089a00000, 0x0000000089a00000|100%| O|  |TAMS 0x0000000089a00000| PB 0x0000000089a00000| Untracked 
| 154|0x0000000089a00000, 0x0000000089affff0, 0x0000000089b00000| 99%| O|  |TAMS 0x0000000089affff0| PB 0x0000000089affff0| Untracked 
| 155|0x0000000089b00000, 0x0000000089bffff0, 0x0000000089c00000| 99%| O|  |TAMS 0x0000000089bffff0| PB 0x0000000089bffff0| Untracked 
| 156|0x0000000089c00000, 0x0000000089cffff8, 0x0000000089d00000| 99%| O|  |TAMS 0x0000000089cffff8| PB 0x0000000089cffff8| Untracked 
| 157|0x0000000089d00000, 0x0000000089dfffc8, 0x0000000089e00000| 99%| O|  |TAMS 0x0000000089dfffc8| PB 0x0000000089dfffc8| Untracked 
| 158|0x0000000089e00000, 0x0000000089effef8, 0x0000000089f00000| 99%| O|  |TAMS 0x0000000089effef8| PB 0x0000000089effef8| Untracked 
| 159|0x0000000089f00000, 0x000000008a000000, 0x000000008a000000|100%| O|  |TAMS 0x000000008a000000| PB 0x000000008a000000| Untracked 
| 160|0x000000008a000000, 0x000000008a0fffa0, 0x000000008a100000| 99%| O|  |TAMS 0x000000008a0fffa0| PB 0x000000008a0fffa0| Untracked 
| 161|0x000000008a100000, 0x000000008a200000, 0x000000008a200000|100%| O|  |TAMS 0x000000008a200000| PB 0x000000008a200000| Updating 
| 162|0x000000008a200000, 0x000000008a2ffff0, 0x000000008a300000| 99%| O|  |TAMS 0x000000008a2ffff0| PB 0x000000008a2ffff0| Updating 
| 163|0x000000008a300000, 0x000000008a3fffd0, 0x000000008a400000| 99%| O|  |TAMS 0x000000008a3fffd0| PB 0x000000008a3fffd0| Untracked 
| 164|0x000000008a400000, 0x000000008a4fffe8, 0x000000008a500000| 99%| O|  |TAMS 0x000000008a4fffe8| PB 0x000000008a4fffe8| Untracked 
| 165|0x000000008a500000, 0x000000008a5ffff8, 0x000000008a600000| 99%| O|  |TAMS 0x000000008a5ffff8| PB 0x000000008a5ffff8| Untracked 
| 166|0x000000008a600000, 0x000000008a6fffc0, 0x000000008a700000| 99%| O|  |TAMS 0x000000008a6fffc0| PB 0x000000008a6fffc0| Untracked 
| 167|0x000000008a700000, 0x000000008a7ffff8, 0x000000008a800000| 99%| O|  |TAMS 0x000000008a7ffff8| PB 0x000000008a7ffff8| Untracked 
| 168|0x000000008a800000, 0x000000008a900000, 0x000000008a900000|100%| O|  |TAMS 0x000000008a900000| PB 0x000000008a900000| Untracked 
| 169|0x000000008a900000, 0x000000008a9fffc8, 0x000000008aa00000| 99%| O|  |TAMS 0x000000008a9fffc8| PB 0x000000008a9fffc8| Untracked 
| 170|0x000000008aa00000, 0x000000008aaffff0, 0x000000008ab00000| 99%| O|  |TAMS 0x000000008aaffff0| PB 0x000000008aaffff0| Untracked 
| 171|0x000000008ab00000, 0x000000008ac00000, 0x000000008ac00000|100%| O|  |TAMS 0x000000008ac00000| PB 0x000000008ac00000| Updating 
| 172|0x000000008ac00000, 0x000000008ad00000, 0x000000008ad00000|100%| O|  |TAMS 0x000000008ad00000| PB 0x000000008ad00000| Untracked 
| 173|0x000000008ad00000, 0x000000008adffff0, 0x000000008ae00000| 99%| O|  |TAMS 0x000000008adffff0| PB 0x000000008adffff0| Untracked 
| 174|0x000000008ae00000, 0x000000008aef5c38, 0x000000008af00000| 96%| O|  |TAMS 0x000000008aef5c38| PB 0x000000008aef5c38| Untracked 
| 175|0x000000008af00000, 0x000000008affffe8, 0x000000008b000000| 99%| O|  |TAMS 0x000000008affffe8| PB 0x000000008affffe8| Untracked 
| 176|0x000000008b000000, 0x000000008b0fffb0, 0x000000008b100000| 99%| O|  |TAMS 0x000000008b0fffb0| PB 0x000000008b0fffb0| Untracked 
| 177|0x000000008b100000, 0x000000008b1fff48, 0x000000008b200000| 99%| O|  |TAMS 0x000000008b1fff48| PB 0x000000008b1fff48| Untracked 
| 178|0x000000008b200000, 0x000000008b300000, 0x000000008b300000|100%| O|  |TAMS 0x000000008b300000| PB 0x000000008b300000| Untracked 
| 179|0x000000008b300000, 0x000000008b400000, 0x000000008b400000|100%| O|  |TAMS 0x000000008b400000| PB 0x000000008b400000| Updating 
| 180|0x000000008b400000, 0x000000008b4ffff8, 0x000000008b500000| 99%| O|  |TAMS 0x000000008b4ffff8| PB 0x000000008b4ffff8| Untracked 
| 181|0x000000008b500000, 0x000000008b5fffe8, 0x000000008b600000| 99%| O|  |TAMS 0x000000008b5fffe8| PB 0x000000008b5fffe8| Untracked 
| 182|0x000000008b600000, 0x000000008b6fffc0, 0x000000008b700000| 99%| O|  |TAMS 0x000000008b6fffc0| PB 0x000000008b6fffc0| Untracked 
| 183|0x000000008b700000, 0x000000008b800000, 0x000000008b800000|100%| O|  |TAMS 0x000000008b800000| PB 0x000000008b800000| Updating 
| 184|0x000000008b800000, 0x000000008b900000, 0x000000008b900000|100%| O|  |TAMS 0x000000008b900000| PB 0x000000008b900000| Untracked 
| 185|0x000000008b900000, 0x000000008b9ffff0, 0x000000008ba00000| 99%| O|  |TAMS 0x000000008b9ffff0| PB 0x000000008b9ffff0| Untracked 
| 186|0x000000008ba00000, 0x000000008baffff0, 0x000000008bb00000| 99%| O|  |TAMS 0x000000008baffff0| PB 0x000000008baffff0| Untracked 
| 187|0x000000008bb00000, 0x000000008bbfffe8, 0x000000008bc00000| 99%| O|  |TAMS 0x000000008bbfffe8| PB 0x000000008bbfffe8| Untracked 
| 188|0x000000008bc00000, 0x000000008bcfea18, 0x000000008bd00000| 99%| O|  |TAMS 0x000000008bcfea18| PB 0x000000008bcfea18| Untracked 
| 189|0x000000008bd00000, 0x000000008be00000, 0x000000008be00000|100%| O|  |TAMS 0x000000008be00000| PB 0x000000008be00000| Untracked 
| 190|0x000000008be00000, 0x000000008beffff8, 0x000000008bf00000| 99%| O|  |TAMS 0x000000008beffff8| PB 0x000000008beffff8| Untracked 
| 191|0x000000008bf00000, 0x000000008c000000, 0x000000008c000000|100%| O|  |TAMS 0x000000008c000000| PB 0x000000008c000000| Untracked 
| 192|0x000000008c000000, 0x000000008c100000, 0x000000008c100000|100%| O|  |TAMS 0x000000008c100000| PB 0x000000008c100000| Untracked 
| 193|0x000000008c100000, 0x000000008c1fffd8, 0x000000008c200000| 99%| O|  |TAMS 0x000000008c1fffd8| PB 0x000000008c1fffd8| Untracked 
| 194|0x000000008c200000, 0x000000008c300000, 0x000000008c300000|100%| O|  |TAMS 0x000000008c300000| PB 0x000000008c300000| Untracked 
| 195|0x000000008c300000, 0x000000008c400000, 0x000000008c400000|100%| O|  |TAMS 0x000000008c400000| PB 0x000000008c400000| Untracked 
| 196|0x000000008c400000, 0x000000008c4fffc0, 0x000000008c500000| 99%| O|  |TAMS 0x000000008c4fffc0| PB 0x000000008c4fffc0| Untracked 
| 197|0x000000008c500000, 0x000000008c5f98a0, 0x000000008c600000| 97%| O|  |TAMS 0x000000008c5f98a0| PB 0x000000008c5f98a0| Updating 
| 198|0x000000008c600000, 0x000000008c700000, 0x000000008c700000|100%| O|  |TAMS 0x000000008c600000| PB 0x000000008c600000| Untracked 
| 199|0x000000008c700000, 0x000000008c800000, 0x000000008c800000|100%| O|  |TAMS 0x000000008c800000| PB 0x000000008c800000| Untracked 
| 200|0x000000008c800000, 0x000000008c8fffe0, 0x000000008c900000| 99%| O|  |TAMS 0x000000008c8fffe0| PB 0x000000008c8fffe0| Untracked 
| 201|0x000000008c900000, 0x000000008ca00000, 0x000000008ca00000|100%| O|  |TAMS 0x000000008ca00000| PB 0x000000008ca00000| Updating 
| 202|0x000000008ca00000, 0x000000008caffff8, 0x000000008cb00000| 99%| O|  |TAMS 0x000000008caffff8| PB 0x000000008caffff8| Untracked 
| 203|0x000000008cb00000, 0x000000008cbfffd8, 0x000000008cc00000| 99%| O|  |TAMS 0x000000008cbfffd8| PB 0x000000008cbfffd8| Untracked 
| 204|0x000000008cc00000, 0x000000008ccffff8, 0x000000008cd00000| 99%| O|  |TAMS 0x000000008ccffff8| PB 0x000000008ccffff8| Untracked 
| 205|0x000000008cd00000, 0x000000008cdfffe8, 0x000000008ce00000| 99%| O|  |TAMS 0x000000008cdfffe8| PB 0x000000008cdfffe8| Untracked 
| 206|0x000000008ce00000, 0x000000008ceffff0, 0x000000008cf00000| 99%| O|  |TAMS 0x000000008ceffff0| PB 0x000000008ceffff0| Updating 
| 207|0x000000008cf00000, 0x000000008d000000, 0x000000008d000000|100%| O|  |TAMS 0x000000008d000000| PB 0x000000008d000000| Updating 
| 208|0x000000008d000000, 0x000000008d0ffff8, 0x000000008d100000| 99%| O|  |TAMS 0x000000008d0ffff8| PB 0x000000008d0ffff8| Untracked 
| 209|0x000000008d100000, 0x000000008d1fffe8, 0x000000008d200000| 99%| O|  |TAMS 0x000000008d1fffe8| PB 0x000000008d1fffe8| Untracked 
| 210|0x000000008d200000, 0x000000008d2fffe8, 0x000000008d300000| 99%| O|  |TAMS 0x000000008d2fffe8| PB 0x000000008d2fffe8| Untracked 
| 211|0x000000008d300000, 0x000000008d400000, 0x000000008d400000|100%| O|  |TAMS 0x000000008d400000| PB 0x000000008d400000| Untracked 
| 212|0x000000008d400000, 0x000000008d4fffe8, 0x000000008d500000| 99%| O|  |TAMS 0x000000008d4fffe8| PB 0x000000008d4fffe8| Untracked 
| 213|0x000000008d500000, 0x000000008d5fffe0, 0x000000008d600000| 99%| O|  |TAMS 0x000000008d5fffe0| PB 0x000000008d5fffe0| Updating 
| 214|0x000000008d600000, 0x000000008d6fef60, 0x000000008d700000| 99%| O|  |TAMS 0x000000008d6fef60| PB 0x000000008d6fef60| Untracked 
| 215|0x000000008d700000, 0x000000008d7fffe0, 0x000000008d800000| 99%| O|  |TAMS 0x000000008d7fffe0| PB 0x000000008d7fffe0| Untracked 
| 216|0x000000008d800000, 0x000000008d8ffff0, 0x000000008d900000| 99%| O|  |TAMS 0x000000008d8ffff0| PB 0x000000008d8ffff0| Untracked 
| 217|0x000000008d900000, 0x000000008d9e52f8, 0x000000008da00000| 89%| O|  |TAMS 0x000000008d9e52f8| PB 0x000000008d9e52f8| Untracked 
| 218|0x000000008da00000, 0x000000008daffff8, 0x000000008db00000| 99%| O|  |TAMS 0x000000008daffff8| PB 0x000000008daffff8| Updating 
| 219|0x000000008db00000, 0x000000008dc00000, 0x000000008dc00000|100%| O|  |TAMS 0x000000008dc00000| PB 0x000000008dc00000| Updating 
| 220|0x000000008dc00000, 0x000000008dcfffe8, 0x000000008dd00000| 99%| O|  |TAMS 0x000000008dcfffe8| PB 0x000000008dcfffe8| Untracked 
| 221|0x000000008dd00000, 0x000000008ddfffb8, 0x000000008de00000| 99%| O|  |TAMS 0x000000008ddfffb8| PB 0x000000008ddfffb8| Untracked 
| 222|0x000000008de00000, 0x000000008defd4b8, 0x000000008df00000| 98%| O|  |TAMS 0x000000008defd4b8| PB 0x000000008defd4b8| Untracked 
| 223|0x000000008df00000, 0x000000008dffffe0, 0x000000008e000000| 99%| O|  |TAMS 0x000000008dffffe0| PB 0x000000008dffffe0| Untracked 
| 224|0x000000008e000000, 0x000000008e0ffff0, 0x000000008e100000| 99%| O|  |TAMS 0x000000008e0ffff0| PB 0x000000008e0ffff0| Updating 
| 225|0x000000008e100000, 0x000000008e1ffff0, 0x000000008e200000| 99%| O|  |TAMS 0x000000008e1ffff0| PB 0x000000008e1ffff0| Untracked 
| 226|0x000000008e200000, 0x000000008e300000, 0x000000008e300000|100%|HS|  |TAMS 0x000000008e300000| PB 0x000000008e200000| Complete 
| 227|0x000000008e300000, 0x000000008e400000, 0x000000008e400000|100%| O|  |TAMS 0x000000008e400000| PB 0x000000008e400000| Updating 
| 228|0x000000008e400000, 0x000000008e500000, 0x000000008e500000|100%|HS|  |TAMS 0x000000008e500000| PB 0x000000008e400000| Complete 
| 229|0x000000008e500000, 0x000000008e600000, 0x000000008e600000|100%|HC|  |TAMS 0x000000008e600000| PB 0x000000008e500000| Complete 
| 230|0x000000008e600000, 0x000000008e6fffc8, 0x000000008e700000| 99%| O|  |TAMS 0x000000008e6fffc8| PB 0x000000008e6fffc8| Updating 
| 231|0x000000008e700000, 0x000000008e800000, 0x000000008e800000|100%| O|  |TAMS 0x000000008e800000| PB 0x000000008e800000| Untracked 
| 232|0x000000008e800000, 0x000000008e900000, 0x000000008e900000|100%| O|  |TAMS 0x000000008e900000| PB 0x000000008e900000| Untracked 
| 233|0x000000008e900000, 0x000000008ea00000, 0x000000008ea00000|100%| O|  |TAMS 0x000000008ea00000| PB 0x000000008ea00000| Updating 
| 234|0x000000008ea00000, 0x000000008eafffe8, 0x000000008eb00000| 99%| O|  |TAMS 0x000000008eafffe8| PB 0x000000008eafffe8| Untracked 
| 235|0x000000008eb00000, 0x000000008ebffff8, 0x000000008ec00000| 99%| O|  |TAMS 0x000000008ebffff8| PB 0x000000008ebffff8| Updating 
| 236|0x000000008ec00000, 0x000000008ecfffe8, 0x000000008ed00000| 99%| O|  |TAMS 0x000000008ecfffe8| PB 0x000000008ecfffe8| Untracked 
| 237|0x000000008ed00000, 0x000000008ee00000, 0x000000008ee00000|100%| O|  |TAMS 0x000000008ee00000| PB 0x000000008ee00000| Updating 
| 238|0x000000008ee00000, 0x000000008eeffff0, 0x000000008ef00000| 99%| O|  |TAMS 0x000000008eeffff0| PB 0x000000008eeffff0| Untracked 
| 239|0x000000008ef00000, 0x000000008f000000, 0x000000008f000000|100%| O|  |TAMS 0x000000008f000000| PB 0x000000008f000000| Untracked 
| 240|0x000000008f000000, 0x000000008f100000, 0x000000008f100000|100%| O|  |TAMS 0x000000008f100000| PB 0x000000008f100000| Updating 
| 241|0x000000008f100000, 0x000000008f1ffdd8, 0x000000008f200000| 99%| O|  |TAMS 0x000000008f1ffdd8| PB 0x000000008f1ffdd8| Updating 
| 242|0x000000008f200000, 0x000000008f2fffb0, 0x000000008f300000| 99%| O|  |TAMS 0x000000008f2fffb0| PB 0x000000008f2fffb0| Untracked 
| 243|0x000000008f300000, 0x000000008f3ffff0, 0x000000008f400000| 99%| O|  |TAMS 0x000000008f3ffff0| PB 0x000000008f3ffff0| Untracked 
| 244|0x000000008f400000, 0x000000008f4ffff8, 0x000000008f500000| 99%| O|  |TAMS 0x000000008f4ffff8| PB 0x000000008f4ffff8| Updating 
| 245|0x000000008f500000, 0x000000008f600000, 0x000000008f600000|100%| O|  |TAMS 0x000000008f600000| PB 0x000000008f600000| Untracked 
| 246|0x000000008f600000, 0x000000008f6fffb0, 0x000000008f700000| 99%| O|  |TAMS 0x000000008f6fffb0| PB 0x000000008f6fffb0| Updating 
| 247|0x000000008f700000, 0x000000008f7fff28, 0x000000008f800000| 99%| O|  |TAMS 0x000000008f7fff28| PB 0x000000008f7fff28| Updating 
| 248|0x000000008f800000, 0x000000008f900000, 0x000000008f900000|100%|HS|  |TAMS 0x000000008f900000| PB 0x000000008f800000| Complete 
| 249|0x000000008f900000, 0x000000008fa00000, 0x000000008fa00000|100%|HC|  |TAMS 0x000000008fa00000| PB 0x000000008f900000| Complete 
| 250|0x000000008fa00000, 0x000000008faffff8, 0x000000008fb00000| 99%| O|  |TAMS 0x000000008faffff8| PB 0x000000008faffff8| Untracked 
| 251|0x000000008fb00000, 0x000000008fc00000, 0x000000008fc00000|100%| O|  |TAMS 0x000000008fc00000| PB 0x000000008fc00000| Untracked 
| 252|0x000000008fc00000, 0x000000008fd00000, 0x000000008fd00000|100%| O|  |TAMS 0x000000008fd00000| PB 0x000000008fd00000| Untracked 
| 253|0x000000008fd00000, 0x000000008fe00000, 0x000000008fe00000|100%| O|  |TAMS 0x000000008fe00000| PB 0x000000008fe00000| Untracked 
| 254|0x000000008fe00000, 0x000000008fef7800, 0x000000008ff00000| 96%| O|  |TAMS 0x000000008fef7800| PB 0x000000008fef7800| Updating 
| 255|0x000000008ff00000, 0x000000008ffffff0, 0x0000000090000000| 99%| O|  |TAMS 0x000000008ffffff0| PB 0x000000008ffffff0| Untracked 
| 256|0x0000000090000000, 0x00000000900ffff0, 0x0000000090100000| 99%| O|  |TAMS 0x00000000900ffff0| PB 0x00000000900ffff0| Untracked 
| 257|0x0000000090100000, 0x0000000090200000, 0x0000000090200000|100%| O|  |TAMS 0x0000000090200000| PB 0x0000000090200000| Untracked 
| 258|0x0000000090200000, 0x00000000902f63e0, 0x0000000090300000| 96%| O|  |TAMS 0x00000000902f63e0| PB 0x00000000902f63e0| Updating 
| 259|0x0000000090300000, 0x00000000903ffff0, 0x0000000090400000| 99%| O|  |TAMS 0x00000000903ffff0| PB 0x00000000903ffff0| Updating 
| 260|0x0000000090400000, 0x00000000904ffff0, 0x0000000090500000| 99%| O|  |TAMS 0x00000000904ffff0| PB 0x00000000904ffff0| Untracked 
| 261|0x0000000090500000, 0x00000000905fffd0, 0x0000000090600000| 99%| O|  |TAMS 0x00000000905fffd0| PB 0x00000000905fffd0| Untracked 
| 262|0x0000000090600000, 0x00000000906f8360, 0x0000000090700000| 96%| O|  |TAMS 0x00000000906f8360| PB 0x00000000906f8360| Updating 
| 263|0x0000000090700000, 0x00000000907ffff0, 0x0000000090800000| 99%| O|  |TAMS 0x00000000907ffff0| PB 0x00000000907ffff0| Updating 
| 264|0x0000000090800000, 0x0000000090900000, 0x0000000090900000|100%| O|  |TAMS 0x0000000090900000| PB 0x0000000090900000| Updating 
| 265|0x0000000090900000, 0x00000000909ffff0, 0x0000000090a00000| 99%| O|  |TAMS 0x00000000909ffff0| PB 0x00000000909ffff0| Updating 
| 266|0x0000000090a00000, 0x0000000090affff8, 0x0000000090b00000| 99%| O|  |TAMS 0x0000000090affff8| PB 0x0000000090affff8| Updating 
| 267|0x0000000090b00000, 0x0000000090bffff8, 0x0000000090c00000| 99%| O|  |TAMS 0x0000000090bffff8| PB 0x0000000090bffff8| Untracked 
| 268|0x0000000090c00000, 0x0000000090cffff0, 0x0000000090d00000| 99%| O|  |TAMS 0x0000000090cffff0| PB 0x0000000090cffff0| Updating 
| 269|0x0000000090d00000, 0x0000000090e00000, 0x0000000090e00000|100%| O|  |TAMS 0x0000000090e00000| PB 0x0000000090e00000| Updating 
| 270|0x0000000090e00000, 0x0000000090efffe0, 0x0000000090f00000| 99%| O|  |TAMS 0x0000000090efffe0| PB 0x0000000090efffe0| Untracked 
| 271|0x0000000090f00000, 0x0000000090fffff0, 0x0000000091000000| 99%| O|  |TAMS 0x0000000090fffff0| PB 0x0000000090fffff0| Updating 
| 272|0x0000000091000000, 0x00000000910ffe58, 0x0000000091100000| 99%| O|  |TAMS 0x00000000910ffe58| PB 0x00000000910ffe58| Untracked 
| 273|0x0000000091100000, 0x0000000091200000, 0x0000000091200000|100%| O|  |TAMS 0x0000000091200000| PB 0x0000000091200000| Untracked 
| 274|0x0000000091200000, 0x00000000912ffff8, 0x0000000091300000| 99%| O|  |TAMS 0x00000000912ffff8| PB 0x00000000912ffff8| Updating 
| 275|0x0000000091300000, 0x00000000913ffff8, 0x0000000091400000| 99%| O|  |TAMS 0x00000000913ffff8| PB 0x00000000913ffff8| Untracked 
| 276|0x0000000091400000, 0x0000000091500000, 0x0000000091500000|100%| O|  |TAMS 0x0000000091500000| PB 0x0000000091500000| Updating 
| 277|0x0000000091500000, 0x00000000915fffc0, 0x0000000091600000| 99%| O|  |TAMS 0x00000000915fffc0| PB 0x00000000915fffc0| Untracked 
| 278|0x0000000091600000, 0x0000000091700000, 0x0000000091700000|100%| O|  |TAMS 0x0000000091600000| PB 0x0000000091600000| Untracked 
| 279|0x0000000091700000, 0x00000000917ffff0, 0x0000000091800000| 99%| O|  |TAMS 0x00000000917ffff0| PB 0x00000000917ffff0| Updating 
| 280|0x0000000091800000, 0x0000000091900000, 0x0000000091900000|100%| O|  |TAMS 0x0000000091900000| PB 0x0000000091900000| Untracked 
| 281|0x0000000091900000, 0x00000000919fffd0, 0x0000000091a00000| 99%| O|  |TAMS 0x00000000919fffd0| PB 0x00000000919fffd0| Untracked 
| 282|0x0000000091a00000, 0x0000000091affed8, 0x0000000091b00000| 99%| O|  |TAMS 0x0000000091affed8| PB 0x0000000091affed8| Updating 
| 283|0x0000000091b00000, 0x0000000091bfffe8, 0x0000000091c00000| 99%| O|  |TAMS 0x0000000091bfffe8| PB 0x0000000091bfffe8| Untracked 
| 284|0x0000000091c00000, 0x0000000091d00000, 0x0000000091d00000|100%| O|  |TAMS 0x0000000091d00000| PB 0x0000000091d00000| Untracked 
| 285|0x0000000091d00000, 0x0000000091dfffe8, 0x0000000091e00000| 99%| O|  |TAMS 0x0000000091dfffe8| PB 0x0000000091dfffe8| Updating 
| 286|0x0000000091e00000, 0x0000000091effac8, 0x0000000091f00000| 99%| O|  |TAMS 0x0000000091effac8| PB 0x0000000091effac8| Updating 
| 287|0x0000000091f00000, 0x0000000091ffffe8, 0x0000000092000000| 99%| O|  |TAMS 0x0000000091ffffe8| PB 0x0000000091ffffe8| Untracked 
| 288|0x0000000092000000, 0x00000000920fffc0, 0x0000000092100000| 99%| O|  |TAMS 0x00000000920fffc0| PB 0x00000000920fffc0| Updating 
| 289|0x0000000092100000, 0x00000000921fffe8, 0x0000000092200000| 99%| O|  |TAMS 0x00000000921fffe8| PB 0x00000000921fffe8| Updating 
| 290|0x0000000092200000, 0x00000000922fffc8, 0x0000000092300000| 99%| O|  |TAMS 0x00000000922fffc8| PB 0x00000000922fffc8| Updating 
| 291|0x0000000092300000, 0x00000000923ffff8, 0x0000000092400000| 99%| O|  |TAMS 0x00000000923ffff8| PB 0x00000000923ffff8| Updating 
| 292|0x0000000092400000, 0x00000000924fffe8, 0x0000000092500000| 99%| O|  |TAMS 0x00000000924fffe8| PB 0x00000000924fffe8| Untracked 
| 293|0x0000000092500000, 0x00000000925fffc0, 0x0000000092600000| 99%| O|  |TAMS 0x00000000925fffc0| PB 0x00000000925fffc0| Updating 
| 294|0x0000000092600000, 0x0000000092700000, 0x0000000092700000|100%| O|  |TAMS 0x0000000092700000| PB 0x0000000092700000| Untracked 
| 295|0x0000000092700000, 0x0000000092800000, 0x0000000092800000|100%| O|  |TAMS 0x0000000092800000| PB 0x0000000092800000| Untracked 
| 296|0x0000000092800000, 0x0000000092900000, 0x0000000092900000|100%| O|  |TAMS 0x0000000092800000| PB 0x0000000092800000| Untracked 
| 297|0x0000000092900000, 0x0000000092a00000, 0x0000000092a00000|100%|HS|  |TAMS 0x0000000092a00000| PB 0x0000000092900000| Complete 
| 298|0x0000000092a00000, 0x0000000092b00000, 0x0000000092b00000|100%|HC|  |TAMS 0x0000000092b00000| PB 0x0000000092a00000| Complete 
| 299|0x0000000092b00000, 0x0000000092c00000, 0x0000000092c00000|100%|HC|  |TAMS 0x0000000092c00000| PB 0x0000000092b00000| Complete 
| 300|0x0000000092c00000, 0x0000000092d00000, 0x0000000092d00000|100%|HC|  |TAMS 0x0000000092d00000| PB 0x0000000092c00000| Complete 
| 301|0x0000000092d00000, 0x0000000092e00000, 0x0000000092e00000|100%|HC|  |TAMS 0x0000000092e00000| PB 0x0000000092d00000| Complete 
| 302|0x0000000092e00000, 0x0000000092f00000, 0x0000000092f00000|100%|HC|  |TAMS 0x0000000092f00000| PB 0x0000000092e00000| Complete 
| 303|0x0000000092f00000, 0x0000000093000000, 0x0000000093000000|100%|HC|  |TAMS 0x0000000093000000| PB 0x0000000092f00000| Complete 
| 304|0x0000000093000000, 0x0000000093100000, 0x0000000093100000|100%| O|  |TAMS 0x0000000093000000| PB 0x0000000093000000| Untracked 
| 305|0x0000000093100000, 0x00000000931ff710, 0x0000000093200000| 99%| O|  |TAMS 0x00000000931ff710| PB 0x00000000931ff710| Updating 
| 306|0x0000000093200000, 0x00000000932ffff0, 0x0000000093300000| 99%| O|  |TAMS 0x00000000932ffff0| PB 0x00000000932ffff0| Updating 
| 307|0x0000000093300000, 0x00000000933fffb0, 0x0000000093400000| 99%| O|  |TAMS 0x00000000933fffb0| PB 0x00000000933fffb0| Untracked 
| 308|0x0000000093400000, 0x00000000934ffff8, 0x0000000093500000| 99%| O|  |TAMS 0x00000000934ffff8| PB 0x00000000934ffff8| Updating 
| 309|0x0000000093500000, 0x0000000093600000, 0x0000000093600000|100%| O|  |TAMS 0x0000000093600000| PB 0x0000000093600000| Untracked 
| 310|0x0000000093600000, 0x00000000936ffff8, 0x0000000093700000| 99%| O|  |TAMS 0x00000000936ffff8| PB 0x00000000936ffff8| Untracked 
| 311|0x0000000093700000, 0x00000000937ffff0, 0x0000000093800000| 99%| O|  |TAMS 0x00000000937ffff0| PB 0x00000000937ffff0| Updating 
| 312|0x0000000093800000, 0x00000000938fffe8, 0x0000000093900000| 99%| O|  |TAMS 0x00000000938fffe8| PB 0x00000000938fffe8| Untracked 
| 313|0x0000000093900000, 0x00000000939ffff0, 0x0000000093a00000| 99%| O|  |TAMS 0x00000000939ffff0| PB 0x00000000939ffff0| Updating 
| 314|0x0000000093a00000, 0x0000000093afffe8, 0x0000000093b00000| 99%| O|  |TAMS 0x0000000093afffe8| PB 0x0000000093afffe8| Untracked 
| 315|0x0000000093b00000, 0x0000000093bffe10, 0x0000000093c00000| 99%| O|  |TAMS 0x0000000093bffe10| PB 0x0000000093bffe10| Updating 
| 316|0x0000000093c00000, 0x0000000093cfffd8, 0x0000000093d00000| 99%| O|  |TAMS 0x0000000093cfffd8| PB 0x0000000093cfffd8| Updating 
| 317|0x0000000093d00000, 0x0000000093e00000, 0x0000000093e00000|100%| O|  |TAMS 0x0000000093e00000| PB 0x0000000093e00000| Updating 
| 318|0x0000000093e00000, 0x0000000093efffe8, 0x0000000093f00000| 99%| O|  |TAMS 0x0000000093efffe8| PB 0x0000000093efffe8| Updating 
| 319|0x0000000093f00000, 0x0000000093ffffc8, 0x0000000094000000| 99%| O|  |TAMS 0x0000000093ffffc8| PB 0x0000000093ffffc8| Updating 
| 320|0x0000000094000000, 0x0000000094100000, 0x0000000094100000|100%| O|  |TAMS 0x0000000094100000| PB 0x0000000094100000| Untracked 
| 321|0x0000000094100000, 0x00000000941fffa0, 0x0000000094200000| 99%| O|  |TAMS 0x00000000941fffa0| PB 0x00000000941fffa0| Updating 
| 322|0x0000000094200000, 0x00000000942ffff0, 0x0000000094300000| 99%| O|  |TAMS 0x00000000942ffff0| PB 0x00000000942ffff0| Updating 
| 323|0x0000000094300000, 0x00000000943ffe90, 0x0000000094400000| 99%| O|  |TAMS 0x00000000943ffe90| PB 0x00000000943ffe90| Untracked 
| 324|0x0000000094400000, 0x00000000944fffd8, 0x0000000094500000| 99%| O|  |TAMS 0x00000000944fffd8| PB 0x00000000944fffd8| Updating 
| 325|0x0000000094500000, 0x0000000094600000, 0x0000000094600000|100%| O|  |TAMS 0x0000000094600000| PB 0x0000000094600000| Untracked 
| 326|0x0000000094600000, 0x0000000094700000, 0x0000000094700000|100%| O|  |TAMS 0x0000000094600000| PB 0x0000000094600000| Untracked 
| 327|0x0000000094700000, 0x0000000094800000, 0x0000000094800000|100%|HS|  |TAMS 0x0000000094800000| PB 0x0000000094700000| Complete 
| 328|0x0000000094800000, 0x0000000094900000, 0x0000000094900000|100%| O|  |TAMS 0x0000000094900000| PB 0x0000000094900000| Untracked 
| 329|0x0000000094900000, 0x0000000094a00000, 0x0000000094a00000|100%| O|  |TAMS 0x0000000094900000| PB 0x0000000094900000| Untracked 
| 330|0x0000000094a00000, 0x0000000094afffe8, 0x0000000094b00000| 99%| O|  |TAMS 0x0000000094afffe8| PB 0x0000000094afffe8| Untracked 
| 331|0x0000000094b00000, 0x0000000094c00000, 0x0000000094c00000|100%|HS|  |TAMS 0x0000000094c00000| PB 0x0000000094b00000| Untracked 
| 332|0x0000000094c00000, 0x0000000094cffff0, 0x0000000094d00000| 99%| O|  |TAMS 0x0000000094cffff0| PB 0x0000000094cffff0| Untracked 
| 333|0x0000000094d00000, 0x0000000094e00000, 0x0000000094e00000|100%| O|  |TAMS 0x0000000094e00000| PB 0x0000000094e00000| Untracked 
| 334|0x0000000094e00000, 0x0000000094effff8, 0x0000000094f00000| 99%| O|  |TAMS 0x0000000094effff8| PB 0x0000000094effff8| Untracked 
| 335|0x0000000094f00000, 0x0000000095000000, 0x0000000095000000|100%| O|  |TAMS 0x0000000094f00000| PB 0x0000000094f00000| Untracked 
| 336|0x0000000095000000, 0x0000000095100000, 0x0000000095100000|100%| O|  |TAMS 0x0000000095100000| PB 0x0000000095100000| Untracked 
| 337|0x0000000095100000, 0x0000000095200000, 0x0000000095200000|100%| O|  |TAMS 0x0000000095200000| PB 0x0000000095200000| Untracked 
| 338|0x0000000095200000, 0x00000000952fffe0, 0x0000000095300000| 99%| O|  |TAMS 0x00000000952fffe0| PB 0x00000000952fffe0| Updating 
| 339|0x0000000095300000, 0x00000000953fffe8, 0x0000000095400000| 99%| O|  |TAMS 0x00000000953fffe8| PB 0x00000000953fffe8| Untracked 
| 340|0x0000000095400000, 0x0000000095500000, 0x0000000095500000|100%| O|  |TAMS 0x0000000095500000| PB 0x0000000095500000| Updating 
| 341|0x0000000095500000, 0x00000000955ed2a0, 0x0000000095600000| 92%| O|  |TAMS 0x00000000955ed2a0| PB 0x00000000955ed2a0| Updating 
| 342|0x0000000095600000, 0x00000000956ffff8, 0x0000000095700000| 99%| O|  |TAMS 0x00000000956ffff8| PB 0x00000000956ffff8| Updating 
| 343|0x0000000095700000, 0x0000000095800000, 0x0000000095800000|100%| O|  |TAMS 0x0000000095800000| PB 0x0000000095800000| Untracked 
| 344|0x0000000095800000, 0x00000000958fffe0, 0x0000000095900000| 99%| O|  |TAMS 0x00000000958fffe0| PB 0x00000000958fffe0| Updating 
| 345|0x0000000095900000, 0x0000000095a00000, 0x0000000095a00000|100%| O|  |TAMS 0x0000000095a00000| PB 0x0000000095a00000| Updating 
| 346|0x0000000095a00000, 0x0000000095afecb0, 0x0000000095b00000| 99%| O|  |TAMS 0x0000000095afecb0| PB 0x0000000095afecb0| Updating 
| 347|0x0000000095b00000, 0x0000000095c00000, 0x0000000095c00000|100%|HS|  |TAMS 0x0000000095c00000| PB 0x0000000095b00000| Untracked 
| 348|0x0000000095c00000, 0x0000000095cfffe8, 0x0000000095d00000| 99%| O|  |TAMS 0x0000000095cfffe8| PB 0x0000000095cfffe8| Updating 
| 349|0x0000000095d00000, 0x0000000095e00000, 0x0000000095e00000|100%| O|  |TAMS 0x0000000095e00000| PB 0x0000000095e00000| Updating 
| 350|0x0000000095e00000, 0x0000000095f00000, 0x0000000095f00000|100%| O|  |TAMS 0x0000000095f00000| PB 0x0000000095f00000| Updating 
| 351|0x0000000095f00000, 0x0000000095fffff0, 0x0000000096000000| 99%| O|  |TAMS 0x0000000095fffff0| PB 0x0000000095fffff0| Updating 
| 352|0x0000000096000000, 0x0000000096100000, 0x0000000096100000|100%| O|  |TAMS 0x0000000096000000| PB 0x0000000096000000| Untracked 
| 353|0x0000000096100000, 0x0000000096200000, 0x0000000096200000|100%| O|  |TAMS 0x0000000096100000| PB 0x0000000096100000| Untracked 
| 354|0x0000000096200000, 0x00000000962fffd0, 0x0000000096300000| 99%| O|  |TAMS 0x00000000962fffd0| PB 0x00000000962fffd0| Updating 
| 355|0x0000000096300000, 0x00000000963ff840, 0x0000000096400000| 99%| O|  |TAMS 0x00000000963ff840| PB 0x00000000963ff840| Updating 
| 356|0x0000000096400000, 0x0000000096500000, 0x0000000096500000|100%| O|  |TAMS 0x0000000096400000| PB 0x0000000096400000| Untracked 
| 357|0x0000000096500000, 0x00000000965ffff0, 0x0000000096600000| 99%| O|  |TAMS 0x00000000965ffff0| PB 0x00000000965ffff0| Untracked 
| 358|0x0000000096600000, 0x00000000966ffff8, 0x0000000096700000| 99%| O|  |TAMS 0x00000000966ffff8| PB 0x00000000966ffff8| Updating 
| 359|0x0000000096700000, 0x00000000967ffff8, 0x0000000096800000| 99%| O|  |TAMS 0x00000000967ffff8| PB 0x00000000967ffff8| Untracked 
| 360|0x0000000096800000, 0x00000000968fffe8, 0x0000000096900000| 99%| O|  |TAMS 0x00000000968fffe8| PB 0x00000000968fffe8| Updating 
| 361|0x0000000096900000, 0x00000000969ffee0, 0x0000000096a00000| 99%| O|  |TAMS 0x00000000969ffee0| PB 0x00000000969ffee0| Updating 
| 362|0x0000000096a00000, 0x0000000096affff8, 0x0000000096b00000| 99%| O|  |TAMS 0x0000000096affff8| PB 0x0000000096affff8| Untracked 
| 363|0x0000000096b00000, 0x0000000096bffff0, 0x0000000096c00000| 99%| O|  |TAMS 0x0000000096bffff0| PB 0x0000000096bffff0| Untracked 
| 364|0x0000000096c00000, 0x0000000096cffff0, 0x0000000096d00000| 99%| O|  |TAMS 0x0000000096cffff0| PB 0x0000000096cffff0| Updating 
| 365|0x0000000096d00000, 0x0000000096e00000, 0x0000000096e00000|100%| O|  |TAMS 0x0000000096e00000| PB 0x0000000096e00000| Updating 
| 366|0x0000000096e00000, 0x0000000096efffe0, 0x0000000096f00000| 99%| O|  |TAMS 0x0000000096efffe0| PB 0x0000000096efffe0| Untracked 
| 367|0x0000000096f00000, 0x0000000097000000, 0x0000000097000000|100%| O|  |TAMS 0x0000000097000000| PB 0x0000000097000000| Untracked 
| 368|0x0000000097000000, 0x0000000097100000, 0x0000000097100000|100%| O|  |TAMS 0x0000000097100000| PB 0x0000000097100000| Untracked 
| 369|0x0000000097100000, 0x00000000971ffff8, 0x0000000097200000| 99%| O|  |TAMS 0x00000000971ffff8| PB 0x00000000971ffff8| Untracked 
| 370|0x0000000097200000, 0x00000000972ffff0, 0x0000000097300000| 99%| O|  |TAMS 0x00000000972ffff0| PB 0x00000000972ffff0| Untracked 
| 371|0x0000000097300000, 0x0000000097400000, 0x0000000097400000|100%| O|  |TAMS 0x0000000097400000| PB 0x0000000097400000| Updating 
| 372|0x0000000097400000, 0x00000000974ffff8, 0x0000000097500000| 99%| O|  |TAMS 0x00000000974ffff8| PB 0x00000000974ffff8| Updating 
| 373|0x0000000097500000, 0x00000000975fffc8, 0x0000000097600000| 99%| O|  |TAMS 0x00000000975fffc8| PB 0x00000000975fffc8| Untracked 
| 374|0x0000000097600000, 0x00000000976ffff8, 0x0000000097700000| 99%| O|  |TAMS 0x00000000976ffff8| PB 0x00000000976ffff8| Updating 
| 375|0x0000000097700000, 0x00000000977fffc0, 0x0000000097800000| 99%| O|  |TAMS 0x00000000977fffc0| PB 0x00000000977fffc0| Untracked 
| 376|0x0000000097800000, 0x00000000978ffff0, 0x0000000097900000| 99%| O|  |TAMS 0x00000000978ffff0| PB 0x00000000978ffff0| Untracked 
| 377|0x0000000097900000, 0x0000000097a00000, 0x0000000097a00000|100%| O|  |TAMS 0x0000000097900000| PB 0x0000000097900000| Untracked 
| 378|0x0000000097a00000, 0x0000000097affff8, 0x0000000097b00000| 99%| O|  |TAMS 0x0000000097affff8| PB 0x0000000097affff8| Untracked 
| 379|0x0000000097b00000, 0x0000000097bffff8, 0x0000000097c00000| 99%| O|  |TAMS 0x0000000097bffff8| PB 0x0000000097bffff8| Untracked 
| 380|0x0000000097c00000, 0x0000000097cffff0, 0x0000000097d00000| 99%| O|  |TAMS 0x0000000097cffff0| PB 0x0000000097cffff0| Untracked 
| 381|0x0000000097d00000, 0x0000000097dffff8, 0x0000000097e00000| 99%| O|  |TAMS 0x0000000097dffff8| PB 0x0000000097dffff8| Updating 
| 382|0x0000000097e00000, 0x0000000097f00000, 0x0000000097f00000|100%| O|  |TAMS 0x0000000097e00000| PB 0x0000000097e00000| Untracked 
| 383|0x0000000097f00000, 0x0000000097fffff8, 0x0000000098000000| 99%| O|  |TAMS 0x0000000097fffff8| PB 0x0000000097fffff8| Untracked 
| 384|0x0000000098000000, 0x00000000980ffff0, 0x0000000098100000| 99%| O|  |TAMS 0x00000000980ffff0| PB 0x00000000980ffff0| Untracked 
| 385|0x0000000098100000, 0x00000000981fffe0, 0x0000000098200000| 99%| O|  |TAMS 0x00000000981fffe0| PB 0x00000000981fffe0| Updating 
| 386|0x0000000098200000, 0x0000000098300000, 0x0000000098300000|100%| O|  |TAMS 0x0000000098300000| PB 0x0000000098300000| Updating 
| 387|0x0000000098300000, 0x0000000098400000, 0x0000000098400000|100%| O|  |TAMS 0x0000000098400000| PB 0x0000000098400000| Untracked 
| 388|0x0000000098400000, 0x0000000098500000, 0x0000000098500000|100%| O|  |TAMS 0x0000000098500000| PB 0x0000000098500000| Updating 
| 389|0x0000000098500000, 0x0000000098600000, 0x0000000098600000|100%| O|  |TAMS 0x0000000098600000| PB 0x0000000098600000| Untracked 
| 390|0x0000000098600000, 0x0000000098700000, 0x0000000098700000|100%| O|  |TAMS 0x0000000098700000| PB 0x0000000098700000| Updating 
| 391|0x0000000098700000, 0x0000000098800000, 0x0000000098800000|100%| O|  |TAMS 0x0000000098800000| PB 0x0000000098800000| Untracked 
| 392|0x0000000098800000, 0x00000000988ffff8, 0x0000000098900000| 99%| O|  |TAMS 0x00000000988ffff8| PB 0x00000000988ffff8| Untracked 
| 393|0x0000000098900000, 0x0000000098a00000, 0x0000000098a00000|100%|HS|  |TAMS 0x0000000098a00000| PB 0x0000000098900000| Complete 
| 394|0x0000000098a00000, 0x0000000098b00000, 0x0000000098b00000|100%| O|  |TAMS 0x0000000098b00000| PB 0x0000000098b00000| Updating 
| 395|0x0000000098b00000, 0x0000000098bfffe0, 0x0000000098c00000| 99%| O|  |TAMS 0x0000000098bfffe0| PB 0x0000000098bfffe0| Untracked 
| 396|0x0000000098c00000, 0x0000000098cfc6e8, 0x0000000098d00000| 98%| O|  |TAMS 0x0000000098cfc6e8| PB 0x0000000098cfc6e8| Updating 
| 397|0x0000000098d00000, 0x0000000098e00000, 0x0000000098e00000|100%| O|  |TAMS 0x0000000098e00000| PB 0x0000000098e00000| Updating 
| 398|0x0000000098e00000, 0x0000000098effff0, 0x0000000098f00000| 99%| O|  |TAMS 0x0000000098effff0| PB 0x0000000098effff0| Updating 
| 399|0x0000000098f00000, 0x0000000098ffffd8, 0x0000000099000000| 99%| O|  |TAMS 0x0000000098ffffd8| PB 0x0000000098ffffd8| Untracked 
| 400|0x0000000099000000, 0x00000000990ffff8, 0x0000000099100000| 99%| O|  |TAMS 0x00000000990ffff8| PB 0x00000000990ffff8| Untracked 
| 401|0x0000000099100000, 0x00000000991ffff8, 0x0000000099200000| 99%| O|  |TAMS 0x00000000991ffff8| PB 0x00000000991ffff8| Untracked 
| 402|0x0000000099200000, 0x00000000992ffff8, 0x0000000099300000| 99%| O|  |TAMS 0x00000000992ffff8| PB 0x00000000992ffff8| Untracked 
| 403|0x0000000099300000, 0x0000000099400000, 0x0000000099400000|100%| O|  |TAMS 0x0000000099400000| PB 0x0000000099400000| Untracked 
| 404|0x0000000099400000, 0x00000000994ffff0, 0x0000000099500000| 99%| O|  |TAMS 0x00000000994ffff0| PB 0x00000000994ffff0| Untracked 
| 405|0x0000000099500000, 0x0000000099600000, 0x0000000099600000|100%| O|  |TAMS 0x0000000099600000| PB 0x0000000099600000| Untracked 
| 406|0x0000000099600000, 0x00000000996ffff8, 0x0000000099700000| 99%| O|  |TAMS 0x00000000996ffff8| PB 0x00000000996ffff8| Untracked 
| 407|0x0000000099700000, 0x0000000099800000, 0x0000000099800000|100%| O|  |TAMS 0x0000000099800000| PB 0x0000000099800000| Updating 
| 408|0x0000000099800000, 0x00000000998ffff0, 0x0000000099900000| 99%| O|  |TAMS 0x00000000998ffff0| PB 0x00000000998ffff0| Untracked 
| 409|0x0000000099900000, 0x0000000099a00000, 0x0000000099a00000|100%| O|  |TAMS 0x0000000099a00000| PB 0x0000000099a00000| Untracked 
| 410|0x0000000099a00000, 0x0000000099affdc0, 0x0000000099b00000| 99%| O|  |TAMS 0x0000000099affdc0| PB 0x0000000099affdc0| Untracked 
| 411|0x0000000099b00000, 0x0000000099bfffe0, 0x0000000099c00000| 99%| O|  |TAMS 0x0000000099bfffe0| PB 0x0000000099bfffe0| Untracked 
| 412|0x0000000099c00000, 0x0000000099cfffd8, 0x0000000099d00000| 99%| O|  |TAMS 0x0000000099cfffd8| PB 0x0000000099cfffd8| Untracked 
| 413|0x0000000099d00000, 0x0000000099dffff0, 0x0000000099e00000| 99%| O|  |TAMS 0x0000000099dffff0| PB 0x0000000099dffff0| Updating 
| 414|0x0000000099e00000, 0x0000000099f00000, 0x0000000099f00000|100%| O|  |TAMS 0x0000000099f00000| PB 0x0000000099f00000| Untracked 
| 415|0x0000000099f00000, 0x000000009a000000, 0x000000009a000000|100%| O|  |TAMS 0x000000009a000000| PB 0x000000009a000000| Untracked 
| 416|0x000000009a000000, 0x000000009a0ffff8, 0x000000009a100000| 99%| O|  |TAMS 0x000000009a0ffff8| PB 0x000000009a0ffff8| Untracked 
| 417|0x000000009a100000, 0x000000009a200000, 0x000000009a200000|100%| O|  |TAMS 0x000000009a200000| PB 0x000000009a200000| Updating 
| 418|0x000000009a200000, 0x000000009a300000, 0x000000009a300000|100%| O|  |TAMS 0x000000009a300000| PB 0x000000009a300000| Untracked 
| 419|0x000000009a300000, 0x000000009a3ffff8, 0x000000009a400000| 99%| O|  |TAMS 0x000000009a3ffff8| PB 0x000000009a3ffff8| Untracked 
| 420|0x000000009a400000, 0x000000009a500000, 0x000000009a500000|100%| O|  |TAMS 0x000000009a500000| PB 0x000000009a500000| Untracked 
| 421|0x000000009a500000, 0x000000009a5ffff0, 0x000000009a600000| 99%| O|  |TAMS 0x000000009a5ffff0| PB 0x000000009a5ffff0| Untracked 
| 422|0x000000009a600000, 0x000000009a6ffff8, 0x000000009a700000| 99%| O|  |TAMS 0x000000009a6ffff8| PB 0x000000009a6ffff8| Untracked 
| 423|0x000000009a700000, 0x000000009a800000, 0x000000009a800000|100%| O|  |TAMS 0x000000009a800000| PB 0x000000009a800000| Untracked 
| 424|0x000000009a800000, 0x000000009a900000, 0x000000009a900000|100%| O|  |TAMS 0x000000009a900000| PB 0x000000009a900000| Untracked 
| 425|0x000000009a900000, 0x000000009aa00000, 0x000000009aa00000|100%| O|  |TAMS 0x000000009aa00000| PB 0x000000009aa00000| Untracked 
| 426|0x000000009aa00000, 0x000000009aafffe8, 0x000000009ab00000| 99%| O|  |TAMS 0x000000009aafffe8| PB 0x000000009aafffe8| Untracked 
| 427|0x000000009ab00000, 0x000000009ac00000, 0x000000009ac00000|100%| O|  |TAMS 0x000000009ac00000| PB 0x000000009ac00000| Untracked 
| 428|0x000000009ac00000, 0x000000009acfff80, 0x000000009ad00000| 99%| O|  |TAMS 0x000000009acfff80| PB 0x000000009acfff80| Updating 
| 429|0x000000009ad00000, 0x000000009ae00000, 0x000000009ae00000|100%| O|  |TAMS 0x000000009ae00000| PB 0x000000009ae00000| Untracked 
| 430|0x000000009ae00000, 0x000000009aeffff8, 0x000000009af00000| 99%| O|  |TAMS 0x000000009aeffff8| PB 0x000000009aeffff8| Untracked 
| 431|0x000000009af00000, 0x000000009b000000, 0x000000009b000000|100%|HS|  |TAMS 0x000000009b000000| PB 0x000000009af00000| Untracked 
| 432|0x000000009b000000, 0x000000009b100000, 0x000000009b100000|100%|HC|  |TAMS 0x000000009b100000| PB 0x000000009b000000| Untracked 
| 433|0x000000009b100000, 0x000000009b200000, 0x000000009b200000|100%| O|  |TAMS 0x000000009b200000| PB 0x000000009b200000| Updating 
| 434|0x000000009b200000, 0x000000009b300000, 0x000000009b300000|100%| O|  |TAMS 0x000000009b300000| PB 0x000000009b300000| Untracked 
| 435|0x000000009b300000, 0x000000009b3fffd0, 0x000000009b400000| 99%| O|  |TAMS 0x000000009b3fffd0| PB 0x000000009b3fffd0| Untracked 
| 436|0x000000009b400000, 0x000000009b4fffe8, 0x000000009b500000| 99%| O|  |TAMS 0x000000009b4fffe8| PB 0x000000009b4fffe8| Untracked 
| 437|0x000000009b500000, 0x000000009b600000, 0x000000009b600000|100%| O|  |TAMS 0x000000009b600000| PB 0x000000009b600000| Untracked 
| 438|0x000000009b600000, 0x000000009b6ffff8, 0x000000009b700000| 99%| O|  |TAMS 0x000000009b6ffff8| PB 0x000000009b6ffff8| Untracked 
| 439|0x000000009b700000, 0x000000009b800000, 0x000000009b800000|100%| O|  |TAMS 0x000000009b800000| PB 0x000000009b800000| Updating 
| 440|0x000000009b800000, 0x000000009b900000, 0x000000009b900000|100%| O|  |TAMS 0x000000009b900000| PB 0x000000009b900000| Updating 
| 441|0x000000009b900000, 0x000000009ba00000, 0x000000009ba00000|100%| O|  |TAMS 0x000000009ba00000| PB 0x000000009ba00000| Untracked 
| 442|0x000000009ba00000, 0x000000009baffff8, 0x000000009bb00000| 99%| O|  |TAMS 0x000000009baffff8| PB 0x000000009baffff8| Untracked 
| 443|0x000000009bb00000, 0x000000009bbfffe8, 0x000000009bc00000| 99%| O|  |TAMS 0x000000009bbfffe8| PB 0x000000009bbfffe8| Updating 
| 444|0x000000009bc00000, 0x000000009bcffff8, 0x000000009bd00000| 99%| O|  |TAMS 0x000000009bcffff8| PB 0x000000009bcffff8| Untracked 
| 445|0x000000009bd00000, 0x000000009bdffff8, 0x000000009be00000| 99%| O|  |TAMS 0x000000009bdffff8| PB 0x000000009bdffff8| Updating 
| 446|0x000000009be00000, 0x000000009beffff8, 0x000000009bf00000| 99%| O|  |TAMS 0x000000009beffff8| PB 0x000000009beffff8| Untracked 
| 447|0x000000009bf00000, 0x000000009bfffff8, 0x000000009c000000| 99%| O|  |TAMS 0x000000009bfffff8| PB 0x000000009bfffff8| Untracked 
| 448|0x000000009c000000, 0x000000009c0ffab0, 0x000000009c100000| 99%| O|  |TAMS 0x000000009c0ffab0| PB 0x000000009c0ffab0| Updating 
| 449|0x000000009c100000, 0x000000009c1fffe8, 0x000000009c200000| 99%| O|  |TAMS 0x000000009c1fffe8| PB 0x000000009c1fffe8| Updating 
| 450|0x000000009c200000, 0x000000009c2ffff0, 0x000000009c300000| 99%| O|  |TAMS 0x000000009c2ffff0| PB 0x000000009c2ffff0| Updating 
| 451|0x000000009c300000, 0x000000009c3ffff8, 0x000000009c400000| 99%| O|  |TAMS 0x000000009c3ffff8| PB 0x000000009c3ffff8| Updating 
| 452|0x000000009c400000, 0x000000009c4fffd0, 0x000000009c500000| 99%| O|  |TAMS 0x000000009c4fffd0| PB 0x000000009c4fffd0| Untracked 
| 453|0x000000009c500000, 0x000000009c600000, 0x000000009c600000|100%| O|  |TAMS 0x000000009c600000| PB 0x000000009c600000| Updating 
| 454|0x000000009c600000, 0x000000009c6ffff0, 0x000000009c700000| 99%| O|  |TAMS 0x000000009c6ffff0| PB 0x000000009c6ffff0| Updating 
| 455|0x000000009c700000, 0x000000009c7ffff8, 0x000000009c800000| 99%| O|  |TAMS 0x000000009c7ffff8| PB 0x000000009c7ffff8| Updating 
| 456|0x000000009c800000, 0x000000009c900000, 0x000000009c900000|100%| O|  |TAMS 0x000000009c900000| PB 0x000000009c900000| Untracked 
| 457|0x000000009c900000, 0x000000009ca00000, 0x000000009ca00000|100%| O|  |TAMS 0x000000009ca00000| PB 0x000000009ca00000| Updating 
| 458|0x000000009ca00000, 0x000000009cb00000, 0x000000009cb00000|100%| O|  |TAMS 0x000000009cb00000| PB 0x000000009cb00000| Untracked 
| 459|0x000000009cb00000, 0x000000009cbfffd0, 0x000000009cc00000| 99%| O|  |TAMS 0x000000009cbfffd0| PB 0x000000009cbfffd0| Updating 
| 460|0x000000009cc00000, 0x000000009cd00000, 0x000000009cd00000|100%| O|  |TAMS 0x000000009cd00000| PB 0x000000009cd00000| Updating 
| 461|0x000000009cd00000, 0x000000009ce00000, 0x000000009ce00000|100%| O|  |TAMS 0x000000009ce00000| PB 0x000000009ce00000| Updating 
| 462|0x000000009ce00000, 0x000000009cf00000, 0x000000009cf00000|100%| O|  |TAMS 0x000000009cf00000| PB 0x000000009cf00000| Untracked 
| 463|0x000000009cf00000, 0x000000009cfffff8, 0x000000009d000000| 99%| O|  |TAMS 0x000000009cfffff8| PB 0x000000009cfffff8| Untracked 
| 464|0x000000009d000000, 0x000000009d0ffff0, 0x000000009d100000| 99%| O|  |TAMS 0x000000009d0ffff0| PB 0x000000009d0ffff0| Untracked 
| 465|0x000000009d100000, 0x000000009d1ffff0, 0x000000009d200000| 99%| O|  |TAMS 0x000000009d1ffff0| PB 0x000000009d1ffff0| Updating 
| 466|0x000000009d200000, 0x000000009d300000, 0x000000009d300000|100%| O|  |TAMS 0x000000009d300000| PB 0x000000009d300000| Updating 
| 467|0x000000009d300000, 0x000000009d3fff60, 0x000000009d400000| 99%| O|  |TAMS 0x000000009d3fff60| PB 0x000000009d3fff60| Untracked 
| 468|0x000000009d400000, 0x000000009d4ffff0, 0x000000009d500000| 99%| O|  |TAMS 0x000000009d4ffff0| PB 0x000000009d4ffff0| Untracked 
| 469|0x000000009d500000, 0x000000009d5fffe8, 0x000000009d600000| 99%| O|  |TAMS 0x000000009d5fffe8| PB 0x000000009d5fffe8| Untracked 
| 470|0x000000009d600000, 0x000000009d6ffff8, 0x000000009d700000| 99%| O|  |TAMS 0x000000009d6ffff8| PB 0x000000009d6ffff8| Untracked 
| 471|0x000000009d700000, 0x000000009d7ffff8, 0x000000009d800000| 99%| O|  |TAMS 0x000000009d7ffff8| PB 0x000000009d7ffff8| Untracked 
| 472|0x000000009d800000, 0x000000009d8ffff8, 0x000000009d900000| 99%| O|  |TAMS 0x000000009d8ffff8| PB 0x000000009d8ffff8| Updating 
| 473|0x000000009d900000, 0x000000009d9ffff8, 0x000000009da00000| 99%| O|  |TAMS 0x000000009d9ffff8| PB 0x000000009d9ffff8| Untracked 
| 474|0x000000009da00000, 0x000000009dafffc0, 0x000000009db00000| 99%| O|  |TAMS 0x000000009dafffc0| PB 0x000000009dafffc0| Updating 
| 475|0x000000009db00000, 0x000000009dbffff8, 0x000000009dc00000| 99%| O|  |TAMS 0x000000009dbffff8| PB 0x000000009dbffff8| Untracked 
| 476|0x000000009dc00000, 0x000000009dcffff0, 0x000000009dd00000| 99%| O|  |TAMS 0x000000009dcffff0| PB 0x000000009dcffff0| Untracked 
| 477|0x000000009dd00000, 0x000000009ddffef0, 0x000000009de00000| 99%| O|  |TAMS 0x000000009ddffef0| PB 0x000000009ddffef0| Updating 
| 478|0x000000009de00000, 0x000000009df00000, 0x000000009df00000|100%| O|  |TAMS 0x000000009df00000| PB 0x000000009df00000| Untracked 
| 479|0x000000009df00000, 0x000000009e000000, 0x000000009e000000|100%| O|  |TAMS 0x000000009e000000| PB 0x000000009e000000| Updating 
| 480|0x000000009e000000, 0x000000009e100000, 0x000000009e100000|100%| O|  |TAMS 0x000000009e100000| PB 0x000000009e100000| Updating 
| 481|0x000000009e100000, 0x000000009e1ffff0, 0x000000009e200000| 99%| O|  |TAMS 0x000000009e1ffff0| PB 0x000000009e1ffff0| Untracked 
| 482|0x000000009e200000, 0x000000009e300000, 0x000000009e300000|100%|HS|  |TAMS 0x000000009e300000| PB 0x000000009e200000| Complete 
| 483|0x000000009e300000, 0x000000009e3fffa0, 0x000000009e400000| 99%| O|  |TAMS 0x000000009e3fffa0| PB 0x000000009e3fffa0| Untracked 
| 484|0x000000009e400000, 0x000000009e4fffc8, 0x000000009e500000| 99%| O|  |TAMS 0x000000009e4fffc8| PB 0x000000009e4fffc8| Untracked 
| 485|0x000000009e500000, 0x000000009e5ffff0, 0x000000009e600000| 99%| O|  |TAMS 0x000000009e5ffff0| PB 0x000000009e5ffff0| Updating 
| 486|0x000000009e600000, 0x000000009e6fff98, 0x000000009e700000| 99%| O|  |TAMS 0x000000009e6fff98| PB 0x000000009e6fff98| Untracked 
| 487|0x000000009e700000, 0x000000009e7ffff8, 0x000000009e800000| 99%| O|  |TAMS 0x000000009e7ffff8| PB 0x000000009e7ffff8| Untracked 
| 488|0x000000009e800000, 0x000000009e900000, 0x000000009e900000|100%| O|  |TAMS 0x000000009e900000| PB 0x000000009e900000| Updating 
| 489|0x000000009e900000, 0x000000009ea00000, 0x000000009ea00000|100%| O|  |TAMS 0x000000009ea00000| PB 0x000000009ea00000| Updating 
| 490|0x000000009ea00000, 0x000000009eaffff8, 0x000000009eb00000| 99%| O|  |TAMS 0x000000009eaffff8| PB 0x000000009eaffff8| Updating 
| 491|0x000000009eb00000, 0x000000009ebffff8, 0x000000009ec00000| 99%| O|  |TAMS 0x000000009ebffff8| PB 0x000000009ebffff8| Untracked 
| 492|0x000000009ec00000, 0x000000009ecffff0, 0x000000009ed00000| 99%| O|  |TAMS 0x000000009ecffff0| PB 0x000000009ecffff0| Updating 
| 493|0x000000009ed00000, 0x000000009edffff8, 0x000000009ee00000| 99%| O|  |TAMS 0x000000009edffff8| PB 0x000000009edffff8| Untracked 
| 494|0x000000009ee00000, 0x000000009eeffff8, 0x000000009ef00000| 99%| O|  |TAMS 0x000000009eeffff8| PB 0x000000009eeffff8| Untracked 
| 495|0x000000009ef00000, 0x000000009f000000, 0x000000009f000000|100%| O|  |TAMS 0x000000009f000000| PB 0x000000009f000000| Updating 
| 496|0x000000009f000000, 0x000000009f100000, 0x000000009f100000|100%| O|  |TAMS 0x000000009f100000| PB 0x000000009f100000| Untracked 
| 497|0x000000009f100000, 0x000000009f1ffff0, 0x000000009f200000| 99%| O|  |TAMS 0x000000009f1ffff0| PB 0x000000009f1ffff0| Updating 
| 498|0x000000009f200000, 0x000000009f300000, 0x000000009f300000|100%| O|  |TAMS 0x000000009f300000| PB 0x000000009f300000| Updating 
| 499|0x000000009f300000, 0x000000009f3f9628, 0x000000009f400000| 97%| O|  |TAMS 0x000000009f3f9628| PB 0x000000009f3f9628| Updating 
| 500|0x000000009f400000, 0x000000009f4fffb0, 0x000000009f500000| 99%| O|  |TAMS 0x000000009f4fffb0| PB 0x000000009f4fffb0| Updating 
| 501|0x000000009f500000, 0x000000009f5ffff8, 0x000000009f600000| 99%| O|  |TAMS 0x000000009f5ffff8| PB 0x000000009f5ffff8| Updating 
| 502|0x000000009f600000, 0x000000009f700000, 0x000000009f700000|100%| O|  |TAMS 0x000000009f700000| PB 0x000000009f700000| Updating 
| 503|0x000000009f700000, 0x000000009f7ffff8, 0x000000009f800000| 99%| O|  |TAMS 0x000000009f7ffff8| PB 0x000000009f7ffff8| Updating 
| 504|0x000000009f800000, 0x000000009f900000, 0x000000009f900000|100%|HS|  |TAMS 0x000000009f900000| PB 0x000000009f800000| Untracked 
| 505|0x000000009f900000, 0x000000009fa00000, 0x000000009fa00000|100%|HC|  |TAMS 0x000000009fa00000| PB 0x000000009f900000| Untracked 
| 506|0x000000009fa00000, 0x000000009fb00000, 0x000000009fb00000|100%|HC|  |TAMS 0x000000009fb00000| PB 0x000000009fa00000| Untracked 
| 507|0x000000009fb00000, 0x000000009fc00000, 0x000000009fc00000|100%| O|  |TAMS 0x000000009fc00000| PB 0x000000009fc00000| Updating 
| 508|0x000000009fc00000, 0x000000009fd00000, 0x000000009fd00000|100%|HS|  |TAMS 0x000000009fd00000| PB 0x000000009fc00000| Untracked 
| 509|0x000000009fd00000, 0x000000009fe00000, 0x000000009fe00000|100%|HC|  |TAMS 0x000000009fe00000| PB 0x000000009fd00000| Untracked 
| 510|0x000000009fe00000, 0x000000009ff00000, 0x000000009ff00000|100%|HC|  |TAMS 0x000000009ff00000| PB 0x000000009fe00000| Untracked 
| 511|0x000000009ff00000, 0x000000009ffffff8, 0x00000000a0000000| 99%| O|  |TAMS 0x000000009ffffff8| PB 0x000000009ffffff8| Untracked 
| 512|0x00000000a0000000, 0x00000000a00fffe8, 0x00000000a0100000| 99%| O|  |TAMS 0x00000000a00fffe8| PB 0x00000000a00fffe8| Untracked 
| 513|0x00000000a0100000, 0x00000000a0200000, 0x00000000a0200000|100%|HS|  |TAMS 0x00000000a0200000| PB 0x00000000a0100000| Complete 
| 514|0x00000000a0200000, 0x00000000a02ffff8, 0x00000000a0300000| 99%| O|  |TAMS 0x00000000a02ffff8| PB 0x00000000a02ffff8| Updating 
| 515|0x00000000a0300000, 0x00000000a03fecd8, 0x00000000a0400000| 99%| O|  |TAMS 0x00000000a03fecd8| PB 0x00000000a03fecd8| Updating 
| 516|0x00000000a0400000, 0x00000000a0500000, 0x00000000a0500000|100%| O|  |TAMS 0x00000000a0500000| PB 0x00000000a0500000| Updating 
| 517|0x00000000a0500000, 0x00000000a0600000, 0x00000000a0600000|100%|HS|  |TAMS 0x00000000a0600000| PB 0x00000000a0500000| Complete 
| 518|0x00000000a0600000, 0x00000000a0700000, 0x00000000a0700000|100%|HC|  |TAMS 0x00000000a0700000| PB 0x00000000a0600000| Complete 
| 519|0x00000000a0700000, 0x00000000a0800000, 0x00000000a0800000|100%|HC|  |TAMS 0x00000000a0800000| PB 0x00000000a0700000| Complete 
| 520|0x00000000a0800000, 0x00000000a08fffc8, 0x00000000a0900000| 99%| O|  |TAMS 0x00000000a08fffc8| PB 0x00000000a08fffc8| Updating 
| 521|0x00000000a0900000, 0x00000000a09ffe58, 0x00000000a0a00000| 99%| O|  |TAMS 0x00000000a09ffe58| PB 0x00000000a09ffe58| Updating 
| 522|0x00000000a0a00000, 0x00000000a0b00000, 0x00000000a0b00000|100%|HS|  |TAMS 0x00000000a0b00000| PB 0x00000000a0a00000| Complete 
| 523|0x00000000a0b00000, 0x00000000a0c00000, 0x00000000a0c00000|100%|HC|  |TAMS 0x00000000a0c00000| PB 0x00000000a0b00000| Complete 
| 524|0x00000000a0c00000, 0x00000000a0cffff8, 0x00000000a0d00000| 99%| O|  |TAMS 0x00000000a0cffff8| PB 0x00000000a0cffff8| Updating 
| 525|0x00000000a0d00000, 0x00000000a0e00000, 0x00000000a0e00000|100%|HS|  |TAMS 0x00000000a0e00000| PB 0x00000000a0d00000| Complete 
| 526|0x00000000a0e00000, 0x00000000a0f00000, 0x00000000a0f00000|100%|HC|  |TAMS 0x00000000a0f00000| PB 0x00000000a0e00000| Complete 
| 527|0x00000000a0f00000, 0x00000000a1000000, 0x00000000a1000000|100%|HC|  |TAMS 0x00000000a1000000| PB 0x00000000a0f00000| Complete 
| 528|0x00000000a1000000, 0x00000000a1100000, 0x00000000a1100000|100%|HS|  |TAMS 0x00000000a1100000| PB 0x00000000a1000000| Complete 
| 529|0x00000000a1100000, 0x00000000a1200000, 0x00000000a1200000|100%|HC|  |TAMS 0x00000000a1200000| PB 0x00000000a1100000| Complete 
| 530|0x00000000a1200000, 0x00000000a1300000, 0x00000000a1300000|100%|HS|  |TAMS 0x00000000a1300000| PB 0x00000000a1200000| Complete 
| 531|0x00000000a1300000, 0x00000000a1400000, 0x00000000a1400000|100%| O|  |TAMS 0x00000000a1400000| PB 0x00000000a1400000| Updating 
| 532|0x00000000a1400000, 0x00000000a1500000, 0x00000000a1500000|100%|HS|  |TAMS 0x00000000a1500000| PB 0x00000000a1400000| Complete 
| 533|0x00000000a1500000, 0x00000000a1600000, 0x00000000a1600000|100%|HS|  |TAMS 0x00000000a1600000| PB 0x00000000a1500000| Complete 
| 534|0x00000000a1600000, 0x00000000a1700000, 0x00000000a1700000|100%|HC|  |TAMS 0x00000000a1700000| PB 0x00000000a1600000| Complete 
| 535|0x00000000a1700000, 0x00000000a1800000, 0x00000000a1800000|100%|HS|  |TAMS 0x00000000a1800000| PB 0x00000000a1700000| Complete 
| 536|0x00000000a1800000, 0x00000000a1900000, 0x00000000a1900000|100%|HC|  |TAMS 0x00000000a1900000| PB 0x00000000a1800000| Complete 
| 537|0x00000000a1900000, 0x00000000a1a00000, 0x00000000a1a00000|100%|HC|  |TAMS 0x00000000a1a00000| PB 0x00000000a1900000| Complete 
| 538|0x00000000a1a00000, 0x00000000a1b00000, 0x00000000a1b00000|100%|HC|  |TAMS 0x00000000a1b00000| PB 0x00000000a1a00000| Complete 
| 539|0x00000000a1b00000, 0x00000000a1c00000, 0x00000000a1c00000|100%|HC|  |TAMS 0x00000000a1c00000| PB 0x00000000a1b00000| Complete 
| 540|0x00000000a1c00000, 0x00000000a1d00000, 0x00000000a1d00000|100%|HC|  |TAMS 0x00000000a1d00000| PB 0x00000000a1c00000| Complete 
| 541|0x00000000a1d00000, 0x00000000a1e00000, 0x00000000a1e00000|100%|HC|  |TAMS 0x00000000a1e00000| PB 0x00000000a1d00000| Complete 
| 542|0x00000000a1e00000, 0x00000000a1f00000, 0x00000000a1f00000|100%| O|  |TAMS 0x00000000a1f00000| PB 0x00000000a1f00000| Updating 
| 543|0x00000000a1f00000, 0x00000000a2000000, 0x00000000a2000000|100%|HS|  |TAMS 0x00000000a2000000| PB 0x00000000a1f00000| Complete 
| 544|0x00000000a2000000, 0x00000000a2100000, 0x00000000a2100000|100%|HC|  |TAMS 0x00000000a2100000| PB 0x00000000a2000000| Complete 
| 545|0x00000000a2100000, 0x00000000a2200000, 0x00000000a2200000|100%|HS|  |TAMS 0x00000000a2200000| PB 0x00000000a2100000| Complete 
| 546|0x00000000a2200000, 0x00000000a2300000, 0x00000000a2300000|100%| O|  |TAMS 0x00000000a2300000| PB 0x00000000a2300000| Updating 
| 547|0x00000000a2300000, 0x00000000a2400000, 0x00000000a2400000|100%|HS|  |TAMS 0x00000000a2400000| PB 0x00000000a2300000| Complete 
| 548|0x00000000a2400000, 0x00000000a2500000, 0x00000000a2500000|100%|HS|  |TAMS 0x00000000a2500000| PB 0x00000000a2400000| Complete 
| 549|0x00000000a2500000, 0x00000000a2600000, 0x00000000a2600000|100%|HS|  |TAMS 0x00000000a2600000| PB 0x00000000a2500000| Complete 
| 550|0x00000000a2600000, 0x00000000a26ffe50, 0x00000000a2700000| 99%| O|  |TAMS 0x00000000a26ffe50| PB 0x00000000a26ffe50| Updating 
| 551|0x00000000a2700000, 0x00000000a2800000, 0x00000000a2800000|100%|HS|  |TAMS 0x00000000a2800000| PB 0x00000000a2700000| Complete 
| 552|0x00000000a2800000, 0x00000000a28ffdf0, 0x00000000a2900000| 99%| O|  |TAMS 0x00000000a28ffdf0| PB 0x00000000a28ffdf0| Untracked 
| 553|0x00000000a2900000, 0x00000000a2a00000, 0x00000000a2a00000|100%| O|  |TAMS 0x00000000a2a00000| PB 0x00000000a2a00000| Updating 
| 554|0x00000000a2a00000, 0x00000000a2affff0, 0x00000000a2b00000| 99%| O|  |TAMS 0x00000000a2affff0| PB 0x00000000a2affff0| Untracked 
| 555|0x00000000a2b00000, 0x00000000a2c00000, 0x00000000a2c00000|100%|HS|  |TAMS 0x00000000a2c00000| PB 0x00000000a2b00000| Complete 
| 556|0x00000000a2c00000, 0x00000000a2d00000, 0x00000000a2d00000|100%|HC|  |TAMS 0x00000000a2d00000| PB 0x00000000a2c00000| Complete 
| 557|0x00000000a2d00000, 0x00000000a2e00000, 0x00000000a2e00000|100%|HC|  |TAMS 0x00000000a2e00000| PB 0x00000000a2d00000| Complete 
| 558|0x00000000a2e00000, 0x00000000a2f00000, 0x00000000a2f00000|100%|HC|  |TAMS 0x00000000a2f00000| PB 0x00000000a2e00000| Complete 
| 559|0x00000000a2f00000, 0x00000000a3000000, 0x00000000a3000000|100%|HC|  |TAMS 0x00000000a3000000| PB 0x00000000a2f00000| Complete 
| 560|0x00000000a3000000, 0x00000000a3100000, 0x00000000a3100000|100%| O|  |TAMS 0x00000000a3100000| PB 0x00000000a3100000| Updating 
| 561|0x00000000a3100000, 0x00000000a3200000, 0x00000000a3200000|100%|HS|  |TAMS 0x00000000a3200000| PB 0x00000000a3100000| Complete 
| 562|0x00000000a3200000, 0x00000000a3300000, 0x00000000a3300000|100%|HC|  |TAMS 0x00000000a3300000| PB 0x00000000a3200000| Complete 
| 563|0x00000000a3300000, 0x00000000a3400000, 0x00000000a3400000|100%| O|  |TAMS 0x00000000a3400000| PB 0x00000000a3400000| Untracked 
| 564|0x00000000a3400000, 0x00000000a3500000, 0x00000000a3500000|100%|HS|  |TAMS 0x00000000a3500000| PB 0x00000000a3400000| Complete 
| 565|0x00000000a3500000, 0x00000000a3600000, 0x00000000a3600000|100%| O|  |TAMS 0x00000000a3500000| PB 0x00000000a3500000| Untracked 
| 566|0x00000000a3600000, 0x00000000a3700000, 0x00000000a3700000|100%| O|  |TAMS 0x00000000a3700000| PB 0x00000000a3700000| Updating 
| 567|0x00000000a3700000, 0x00000000a37ffff8, 0x00000000a3800000| 99%| O|  |TAMS 0x00000000a37ffff8| PB 0x00000000a37ffff8| Updating 
| 568|0x00000000a3800000, 0x00000000a3900000, 0x00000000a3900000|100%|HS|  |TAMS 0x00000000a3900000| PB 0x00000000a3800000| Complete 
| 569|0x00000000a3900000, 0x00000000a3a00000, 0x00000000a3a00000|100%|HC|  |TAMS 0x00000000a3a00000| PB 0x00000000a3900000| Complete 
| 570|0x00000000a3a00000, 0x00000000a3b00000, 0x00000000a3b00000|100%| O|  |TAMS 0x00000000a3b00000| PB 0x00000000a3b00000| Untracked 
| 571|0x00000000a3b00000, 0x00000000a3bffff0, 0x00000000a3c00000| 99%| O|  |TAMS 0x00000000a3bffff0| PB 0x00000000a3bffff0| Updating 
| 572|0x00000000a3c00000, 0x00000000a3cffff0, 0x00000000a3d00000| 99%| O|  |TAMS 0x00000000a3cffff0| PB 0x00000000a3cffff0| Updating 
| 573|0x00000000a3d00000, 0x00000000a3dfffc8, 0x00000000a3e00000| 99%| O|  |TAMS 0x00000000a3dfffc8| PB 0x00000000a3dfffc8| Untracked 
| 574|0x00000000a3e00000, 0x00000000a3f00000, 0x00000000a3f00000|100%|HS|  |TAMS 0x00000000a3f00000| PB 0x00000000a3e00000| Complete 
| 575|0x00000000a3f00000, 0x00000000a4000000, 0x00000000a4000000|100%|HC|  |TAMS 0x00000000a4000000| PB 0x00000000a3f00000| Complete 
| 576|0x00000000a4000000, 0x00000000a4100000, 0x00000000a4100000|100%|HS|  |TAMS 0x00000000a4100000| PB 0x00000000a4000000| Complete 
| 577|0x00000000a4100000, 0x00000000a4200000, 0x00000000a4200000|100%|HS|  |TAMS 0x00000000a4200000| PB 0x00000000a4100000| Complete 
| 578|0x00000000a4200000, 0x00000000a42ffff0, 0x00000000a4300000| 99%| O|  |TAMS 0x00000000a42ffff0| PB 0x00000000a42ffff0| Untracked 
| 579|0x00000000a4300000, 0x00000000a4400000, 0x00000000a4400000|100%|HS|  |TAMS 0x00000000a4400000| PB 0x00000000a4300000| Complete 
| 580|0x00000000a4400000, 0x00000000a4500000, 0x00000000a4500000|100%|HC|  |TAMS 0x00000000a4500000| PB 0x00000000a4400000| Complete 
| 581|0x00000000a4500000, 0x00000000a45ffff8, 0x00000000a4600000| 99%| O|  |TAMS 0x00000000a45ffff8| PB 0x00000000a45ffff8| Updating 
| 582|0x00000000a4600000, 0x00000000a46f7508, 0x00000000a4700000| 96%| O|  |TAMS 0x00000000a46f7508| PB 0x00000000a46f7508| Updating 
| 583|0x00000000a4700000, 0x00000000a4800000, 0x00000000a4800000|100%|HS|  |TAMS 0x00000000a4800000| PB 0x00000000a4700000| Complete 
| 584|0x00000000a4800000, 0x00000000a48ffe60, 0x00000000a4900000| 99%| O|  |TAMS 0x00000000a48ffe60| PB 0x00000000a48ffe60| Updating 
| 585|0x00000000a4900000, 0x00000000a4a00000, 0x00000000a4a00000|100%| O|  |TAMS 0x00000000a4a00000| PB 0x00000000a4a00000| Updating 
| 586|0x00000000a4a00000, 0x00000000a4affff8, 0x00000000a4b00000| 99%| O|  |TAMS 0x00000000a4affff8| PB 0x00000000a4affff8| Untracked 
| 587|0x00000000a4b00000, 0x00000000a4bfffe8, 0x00000000a4c00000| 99%| O|  |TAMS 0x00000000a4bfffe8| PB 0x00000000a4bfffe8| Updating 
| 588|0x00000000a4c00000, 0x00000000a4d00000, 0x00000000a4d00000|100%| O|  |TAMS 0x00000000a4d00000| PB 0x00000000a4d00000| Updating 
| 589|0x00000000a4d00000, 0x00000000a4dfc1b8, 0x00000000a4e00000| 98%| O|  |TAMS 0x00000000a4dfc1b8| PB 0x00000000a4dfc1b8| Updating 
| 590|0x00000000a4e00000, 0x00000000a4effff0, 0x00000000a4f00000| 99%| O|  |TAMS 0x00000000a4effff0| PB 0x00000000a4effff0| Updating 
| 591|0x00000000a4f00000, 0x00000000a4fffff0, 0x00000000a5000000| 99%| O|  |TAMS 0x00000000a4fffff0| PB 0x00000000a4fffff0| Untracked 
| 592|0x00000000a5000000, 0x00000000a50ffff0, 0x00000000a5100000| 99%| O|  |TAMS 0x00000000a50ffff0| PB 0x00000000a50ffff0| Untracked 
| 593|0x00000000a5100000, 0x00000000a51f2080, 0x00000000a5200000| 94%| O|  |TAMS 0x00000000a51f2080| PB 0x00000000a51f2080| Updating 
| 594|0x00000000a5200000, 0x00000000a52fffd8, 0x00000000a5300000| 99%| O|  |TAMS 0x00000000a52fffd8| PB 0x00000000a52fffd8| Updating 
| 595|0x00000000a5300000, 0x00000000a53dc870, 0x00000000a5400000| 86%| O|  |TAMS 0x00000000a53dc870| PB 0x00000000a53dc870| Updating 
| 596|0x00000000a5400000, 0x00000000a5500000, 0x00000000a5500000|100%| O|  |TAMS 0x00000000a5500000| PB 0x00000000a5500000| Updating 
| 597|0x00000000a5500000, 0x00000000a5600000, 0x00000000a5600000|100%| O|  |TAMS 0x00000000a5600000| PB 0x00000000a5600000| Updating 
| 598|0x00000000a5600000, 0x00000000a5700000, 0x00000000a5700000|100%| O|  |TAMS 0x00000000a5700000| PB 0x00000000a5700000| Updating 
| 599|0x00000000a5700000, 0x00000000a5800000, 0x00000000a5800000|100%| O|  |TAMS 0x00000000a5800000| PB 0x00000000a5800000| Updating 
| 600|0x00000000a5800000, 0x00000000a58ffff0, 0x00000000a5900000| 99%| O|  |TAMS 0x00000000a58ffff0| PB 0x00000000a58ffff0| Updating 
| 601|0x00000000a5900000, 0x00000000a59ffff8, 0x00000000a5a00000| 99%| O|  |TAMS 0x00000000a59ffff8| PB 0x00000000a59ffff8| Untracked 
| 602|0x00000000a5a00000, 0x00000000a5affff0, 0x00000000a5b00000| 99%| O|  |TAMS 0x00000000a5affff0| PB 0x00000000a5affff0| Updating 
| 603|0x00000000a5b00000, 0x00000000a5bffff0, 0x00000000a5c00000| 99%| O|  |TAMS 0x00000000a5bffff0| PB 0x00000000a5bffff0| Updating 
| 604|0x00000000a5c00000, 0x00000000a5cfba08, 0x00000000a5d00000| 98%| O|  |TAMS 0x00000000a5cfba08| PB 0x00000000a5cfba08| Updating 
| 605|0x00000000a5d00000, 0x00000000a5e00000, 0x00000000a5e00000|100%| O|  |TAMS 0x00000000a5e00000| PB 0x00000000a5e00000| Untracked 
| 606|0x00000000a5e00000, 0x00000000a5efffe8, 0x00000000a5f00000| 99%| O|  |TAMS 0x00000000a5efffe8| PB 0x00000000a5efffe8| Updating 
| 607|0x00000000a5f00000, 0x00000000a6000000, 0x00000000a6000000|100%| O|  |TAMS 0x00000000a5f00000| PB 0x00000000a5f00000| Untracked 
| 608|0x00000000a6000000, 0x00000000a60ffff8, 0x00000000a6100000| 99%| O|  |TAMS 0x00000000a60ffff8| PB 0x00000000a60ffff8| Updating 
| 609|0x00000000a6100000, 0x00000000a6200000, 0x00000000a6200000|100%|HS|  |TAMS 0x00000000a6200000| PB 0x00000000a6100000| Complete 
| 610|0x00000000a6200000, 0x00000000a6300000, 0x00000000a6300000|100%|HC|  |TAMS 0x00000000a6300000| PB 0x00000000a6200000| Complete 
| 611|0x00000000a6300000, 0x00000000a6400000, 0x00000000a6400000|100%|HC|  |TAMS 0x00000000a6400000| PB 0x00000000a6300000| Complete 
| 612|0x00000000a6400000, 0x00000000a6500000, 0x00000000a6500000|100%|HC|  |TAMS 0x00000000a6500000| PB 0x00000000a6400000| Complete 
| 613|0x00000000a6500000, 0x00000000a6600000, 0x00000000a6600000|100%|HC|  |TAMS 0x00000000a6600000| PB 0x00000000a6500000| Complete 
| 614|0x00000000a6600000, 0x00000000a6700000, 0x00000000a6700000|100%|HC|  |TAMS 0x00000000a6700000| PB 0x00000000a6600000| Complete 
| 615|0x00000000a6700000, 0x00000000a6800000, 0x00000000a6800000|100%|HS|  |TAMS 0x00000000a6800000| PB 0x00000000a6700000| Complete 
| 616|0x00000000a6800000, 0x00000000a6900000, 0x00000000a6900000|100%|HC|  |TAMS 0x00000000a6900000| PB 0x00000000a6800000| Complete 
| 617|0x00000000a6900000, 0x00000000a6a00000, 0x00000000a6a00000|100%|HC|  |TAMS 0x00000000a6a00000| PB 0x00000000a6900000| Complete 
| 618|0x00000000a6a00000, 0x00000000a6b00000, 0x00000000a6b00000|100%|HC|  |TAMS 0x00000000a6b00000| PB 0x00000000a6a00000| Complete 
| 619|0x00000000a6b00000, 0x00000000a6c00000, 0x00000000a6c00000|100%|HC|  |TAMS 0x00000000a6c00000| PB 0x00000000a6b00000| Complete 
| 620|0x00000000a6c00000, 0x00000000a6d00000, 0x00000000a6d00000|100%|HC|  |TAMS 0x00000000a6d00000| PB 0x00000000a6c00000| Complete 
| 621|0x00000000a6d00000, 0x00000000a6dffff8, 0x00000000a6e00000| 99%| O|  |TAMS 0x00000000a6dffff8| PB 0x00000000a6dffff8| Untracked 
| 622|0x00000000a6e00000, 0x00000000a6effff0, 0x00000000a6f00000| 99%| O|  |TAMS 0x00000000a6effff0| PB 0x00000000a6effff0| Updating 
| 623|0x00000000a6f00000, 0x00000000a6ffda40, 0x00000000a7000000| 99%| O|  |TAMS 0x00000000a6ffda40| PB 0x00000000a6ffda40| Updating 
| 624|0x00000000a7000000, 0x00000000a7100000, 0x00000000a7100000|100%| O|  |TAMS 0x00000000a7000000| PB 0x00000000a7000000| Untracked 
| 625|0x00000000a7100000, 0x00000000a71cf6c8, 0x00000000a7200000| 81%| O|  |TAMS 0x00000000a71cf6c8| PB 0x00000000a71cf6c8| Updating 
| 626|0x00000000a7200000, 0x00000000a7300000, 0x00000000a7300000|100%| O|  |TAMS 0x00000000a7200000| PB 0x00000000a7200000| Untracked 
| 627|0x00000000a7300000, 0x00000000a73ffff8, 0x00000000a7400000| 99%| O|  |TAMS 0x00000000a73ffff8| PB 0x00000000a73ffff8| Updating 
| 628|0x00000000a7400000, 0x00000000a74c21f8, 0x00000000a7500000| 75%| O|  |TAMS 0x00000000a74c21f8| PB 0x00000000a74c21f8| Updating 
| 629|0x00000000a7500000, 0x00000000a7600000, 0x00000000a7600000|100%| O|  |TAMS 0x00000000a7500000| PB 0x00000000a7500000| Untracked 
| 630|0x00000000a7600000, 0x00000000a7700000, 0x00000000a7700000|100%| O|  |TAMS 0x00000000a7700000| PB 0x00000000a7700000| Updating 
| 631|0x00000000a7700000, 0x00000000a77ffff0, 0x00000000a7800000| 99%| O|  |TAMS 0x00000000a77ffff0| PB 0x00000000a77ffff0| Updating 
| 632|0x00000000a7800000, 0x00000000a78ffff8, 0x00000000a7900000| 99%| O|  |TAMS 0x00000000a78ffff8| PB 0x00000000a78ffff8| Updating 
| 633|0x00000000a7900000, 0x00000000a79ffff8, 0x00000000a7a00000| 99%| O|  |TAMS 0x00000000a79ffff8| PB 0x00000000a79ffff8| Untracked 
| 634|0x00000000a7a00000, 0x00000000a7b00000, 0x00000000a7b00000|100%| O|  |TAMS 0x00000000a7b00000| PB 0x00000000a7b00000| Updating 
| 635|0x00000000a7b00000, 0x00000000a7c00000, 0x00000000a7c00000|100%|HS|  |TAMS 0x00000000a7c00000| PB 0x00000000a7b00000| Complete 
| 636|0x00000000a7c00000, 0x00000000a7d00000, 0x00000000a7d00000|100%|HS|  |TAMS 0x00000000a7d00000| PB 0x00000000a7c00000| Complete 
| 637|0x00000000a7d00000, 0x00000000a7e00000, 0x00000000a7e00000|100%| O|  |TAMS 0x00000000a7d00000| PB 0x00000000a7d00000| Untracked 
| 638|0x00000000a7e00000, 0x00000000a7f00000, 0x00000000a7f00000|100%|HS|  |TAMS 0x00000000a7f00000| PB 0x00000000a7e00000| Complete 
| 639|0x00000000a7f00000, 0x00000000a8000000, 0x00000000a8000000|100%|HC|  |TAMS 0x00000000a8000000| PB 0x00000000a7f00000| Complete 
| 640|0x00000000a8000000, 0x00000000a8100000, 0x00000000a8100000|100%|HS|  |TAMS 0x00000000a8100000| PB 0x00000000a8000000| Complete 
| 641|0x00000000a8100000, 0x00000000a81ffff0, 0x00000000a8200000| 99%| O|  |TAMS 0x00000000a81ffff0| PB 0x00000000a81ffff0| Updating 
| 642|0x00000000a8200000, 0x00000000a8300000, 0x00000000a8300000|100%| O|  |TAMS 0x00000000a8200000| PB 0x00000000a8200000| Untracked 
| 643|0x00000000a8300000, 0x00000000a8400000, 0x00000000a8400000|100%|HS|  |TAMS 0x00000000a8400000| PB 0x00000000a8300000| Complete 
| 644|0x00000000a8400000, 0x00000000a8500000, 0x00000000a8500000|100%|HC|  |TAMS 0x00000000a8500000| PB 0x00000000a8400000| Complete 
| 645|0x00000000a8500000, 0x00000000a8600000, 0x00000000a8600000|100%|HC|  |TAMS 0x00000000a8600000| PB 0x00000000a8500000| Complete 
| 646|0x00000000a8600000, 0x00000000a86e7c18, 0x00000000a8700000| 90%| O|  |TAMS 0x00000000a86e7c18| PB 0x00000000a86e7c18| Untracked 
| 647|0x00000000a8700000, 0x00000000a87ffff0, 0x00000000a8800000| 99%| O|  |TAMS 0x00000000a87ffff0| PB 0x00000000a87ffff0| Updating 
| 648|0x00000000a8800000, 0x00000000a8900000, 0x00000000a8900000|100%| O|  |TAMS 0x00000000a8900000| PB 0x00000000a8900000| Updating 
| 649|0x00000000a8900000, 0x00000000a89fe3a0, 0x00000000a8a00000| 99%| O|  |TAMS 0x00000000a89fe3a0| PB 0x00000000a89fe3a0| Updating 
| 650|0x00000000a8a00000, 0x00000000a8affff0, 0x00000000a8b00000| 99%| O|  |TAMS 0x00000000a8affff0| PB 0x00000000a8affff0| Updating 
| 651|0x00000000a8b00000, 0x00000000a8bffff8, 0x00000000a8c00000| 99%| O|  |TAMS 0x00000000a8bffff8| PB 0x00000000a8bffff8| Updating 
| 652|0x00000000a8c00000, 0x00000000a8cff0a0, 0x00000000a8d00000| 99%| O|  |TAMS 0x00000000a8cff0a0| PB 0x00000000a8cff0a0| Updating 
| 653|0x00000000a8d00000, 0x00000000a8dea930, 0x00000000a8e00000| 91%| O|  |TAMS 0x00000000a8dea930| PB 0x00000000a8dea930| Updating 
| 654|0x00000000a8e00000, 0x00000000a8efffe8, 0x00000000a8f00000| 99%| O|  |TAMS 0x00000000a8efffe8| PB 0x00000000a8efffe8| Updating 
| 655|0x00000000a8f00000, 0x00000000a8fdcde0, 0x00000000a9000000| 86%| O|  |TAMS 0x00000000a8fdcde0| PB 0x00000000a8fdcde0| Updating 
| 656|0x00000000a9000000, 0x00000000a9100000, 0x00000000a9100000|100%|HS|  |TAMS 0x00000000a9100000| PB 0x00000000a9000000| Complete 
| 657|0x00000000a9100000, 0x00000000a91ffff8, 0x00000000a9200000| 99%| O|  |TAMS 0x00000000a91ffff8| PB 0x00000000a91ffff8| Untracked 
| 658|0x00000000a9200000, 0x00000000a9300000, 0x00000000a9300000|100%|HS|  |TAMS 0x00000000a9300000| PB 0x00000000a9200000| Complete 
| 659|0x00000000a9300000, 0x00000000a9400000, 0x00000000a9400000|100%|HC|  |TAMS 0x00000000a9400000| PB 0x00000000a9300000| Complete 
| 660|0x00000000a9400000, 0x00000000a9500000, 0x00000000a9500000|100%|HC|  |TAMS 0x00000000a9500000| PB 0x00000000a9400000| Complete 
| 661|0x00000000a9500000, 0x00000000a9600000, 0x00000000a9600000|100%| O|  |TAMS 0x00000000a9500000| PB 0x00000000a9500000| Untracked 
| 662|0x00000000a9600000, 0x00000000a9700000, 0x00000000a9700000|100%| O|  |TAMS 0x00000000a9700000| PB 0x00000000a9700000| Untracked 
| 663|0x00000000a9700000, 0x00000000a97fdf60, 0x00000000a9800000| 99%| O|  |TAMS 0x00000000a97fdf60| PB 0x00000000a97fdf60| Updating 
| 664|0x00000000a9800000, 0x00000000a98f43c0, 0x00000000a9900000| 95%| O|  |TAMS 0x00000000a98f43c0| PB 0x00000000a98f43c0| Updating 
| 665|0x00000000a9900000, 0x00000000a99ffff0, 0x00000000a9a00000| 99%| O|  |TAMS 0x00000000a99ffff0| PB 0x00000000a99ffff0| Updating 
| 666|0x00000000a9a00000, 0x00000000a9affff0, 0x00000000a9b00000| 99%| O|  |TAMS 0x00000000a9affff0| PB 0x00000000a9affff0| Untracked 
| 667|0x00000000a9b00000, 0x00000000a9bfffb8, 0x00000000a9c00000| 99%| O|  |TAMS 0x00000000a9bfffb8| PB 0x00000000a9bfffb8| Untracked 
| 668|0x00000000a9c00000, 0x00000000a9cffff8, 0x00000000a9d00000| 99%| O|  |TAMS 0x00000000a9cffff8| PB 0x00000000a9cffff8| Updating 
| 669|0x00000000a9d00000, 0x00000000a9df9e70, 0x00000000a9e00000| 97%| O|  |TAMS 0x00000000a9df9e70| PB 0x00000000a9df9e70| Untracked 
| 670|0x00000000a9e00000, 0x00000000a9effff0, 0x00000000a9f00000| 99%| O|  |TAMS 0x00000000a9effff0| PB 0x00000000a9effff0| Updating 
| 671|0x00000000a9f00000, 0x00000000aa000000, 0x00000000aa000000|100%|HS|  |TAMS 0x00000000aa000000| PB 0x00000000a9f00000| Complete 
| 672|0x00000000aa000000, 0x00000000aa100000, 0x00000000aa100000|100%|HC|  |TAMS 0x00000000aa100000| PB 0x00000000aa000000| Complete 
| 673|0x00000000aa100000, 0x00000000aa200000, 0x00000000aa200000|100%|HC|  |TAMS 0x00000000aa200000| PB 0x00000000aa100000| Complete 
| 674|0x00000000aa200000, 0x00000000aa300000, 0x00000000aa300000|100%|HC|  |TAMS 0x00000000aa300000| PB 0x00000000aa200000| Complete 
| 675|0x00000000aa300000, 0x00000000aa400000, 0x00000000aa400000|100%|HC|  |TAMS 0x00000000aa400000| PB 0x00000000aa300000| Complete 
| 676|0x00000000aa400000, 0x00000000aa500000, 0x00000000aa500000|100%|HC|  |TAMS 0x00000000aa500000| PB 0x00000000aa400000| Complete 
| 677|0x00000000aa500000, 0x00000000aa600000, 0x00000000aa600000|100%| O|  |TAMS 0x00000000aa500000| PB 0x00000000aa500000| Untracked 
| 678|0x00000000aa600000, 0x00000000aa700000, 0x00000000aa700000|100%| O|  |TAMS 0x00000000aa700000| PB 0x00000000aa700000| Updating 
| 679|0x00000000aa700000, 0x00000000aa800000, 0x00000000aa800000|100%| O|  |TAMS 0x00000000aa800000| PB 0x00000000aa800000| Updating 
| 680|0x00000000aa800000, 0x00000000aa8ffff0, 0x00000000aa900000| 99%| O|  |TAMS 0x00000000aa8ffff0| PB 0x00000000aa8ffff0| Updating 
| 681|0x00000000aa900000, 0x00000000aaa00000, 0x00000000aaa00000|100%|HS|  |TAMS 0x00000000aaa00000| PB 0x00000000aa900000| Complete 
| 682|0x00000000aaa00000, 0x00000000aab00000, 0x00000000aab00000|100%| O|  |TAMS 0x00000000aab00000| PB 0x00000000aaa00000| Untracked 
| 683|0x00000000aab00000, 0x00000000aabffff0, 0x00000000aac00000| 99%| O|  |TAMS 0x00000000aabffff0| PB 0x00000000aab00000| Updating 
| 684|0x00000000aac00000, 0x00000000aacffe28, 0x00000000aad00000| 99%| O|  |TAMS 0x00000000aacffe28| PB 0x00000000aac00000| Updating 
| 685|0x00000000aad00000, 0x00000000aae00000, 0x00000000aae00000|100%| O|  |TAMS 0x00000000aad00000| PB 0x00000000aad00000| Untracked 
| 686|0x00000000aae00000, 0x00000000aaee0968, 0x00000000aaf00000| 87%| O|  |TAMS 0x00000000aaee0968| PB 0x00000000aae00000| Untracked 
| 687|0x00000000aaf00000, 0x00000000aafffa18, 0x00000000ab000000| 99%| O|  |TAMS 0x00000000aafffa18| PB 0x00000000aaf00000| Untracked 
| 688|0x00000000ab000000, 0x00000000ab0ffff8, 0x00000000ab100000| 99%| O|  |TAMS 0x00000000ab0ffff8| PB 0x00000000ab000000| Untracked 
| 689|0x00000000ab100000, 0x00000000ab200000, 0x00000000ab200000|100%|HS|  |TAMS 0x00000000ab200000| PB 0x00000000ab100000| Complete 
| 690|0x00000000ab200000, 0x00000000ab300000, 0x00000000ab300000|100%|HC|  |TAMS 0x00000000ab300000| PB 0x00000000ab200000| Complete 
| 691|0x00000000ab300000, 0x00000000ab400000, 0x00000000ab400000|100%|HC|  |TAMS 0x00000000ab400000| PB 0x00000000ab300000| Complete 
| 692|0x00000000ab400000, 0x00000000ab500000, 0x00000000ab500000|100%|HC|  |TAMS 0x00000000ab500000| PB 0x00000000ab400000| Complete 
| 693|0x00000000ab500000, 0x00000000ab600000, 0x00000000ab600000|100%|HS|  |TAMS 0x00000000ab600000| PB 0x00000000ab500000| Complete 
| 694|0x00000000ab600000, 0x00000000ab700000, 0x00000000ab700000|100%|HS|  |TAMS 0x00000000ab700000| PB 0x00000000ab600000| Complete 
| 695|0x00000000ab700000, 0x00000000ab800000, 0x00000000ab800000|100%| O|  |TAMS 0x00000000ab800000| PB 0x00000000ab800000| Untracked 
| 696|0x00000000ab800000, 0x00000000ab900000, 0x00000000ab900000|100%| O|  |TAMS 0x00000000ab800000| PB 0x00000000ab800000| Untracked 
| 697|0x00000000ab900000, 0x00000000ab9ffff8, 0x00000000aba00000| 99%| O|  |TAMS 0x00000000ab9ffff8| PB 0x00000000ab9ffff8| Updating 
| 698|0x00000000aba00000, 0x00000000abaffff8, 0x00000000abb00000| 99%| O|  |TAMS 0x00000000abaffff8| PB 0x00000000abaffff8| Untracked 
| 699|0x00000000abb00000, 0x00000000abbffff8, 0x00000000abc00000| 99%| O|  |TAMS 0x00000000abbffff8| PB 0x00000000abbffff8| Untracked 
| 700|0x00000000abc00000, 0x00000000abcfff60, 0x00000000abd00000| 99%| O|  |TAMS 0x00000000abcfff60| PB 0x00000000abcfff60| Updating 
| 701|0x00000000abd00000, 0x00000000abdf46c8, 0x00000000abe00000| 95%| O|  |TAMS 0x00000000abdf46c8| PB 0x00000000abdf46c8| Untracked 
| 702|0x00000000abe00000, 0x00000000abefffd0, 0x00000000abf00000| 99%| O|  |TAMS 0x00000000abefffd0| PB 0x00000000abefffd0| Untracked 
| 703|0x00000000abf00000, 0x00000000abfffff0, 0x00000000ac000000| 99%| O|  |TAMS 0x00000000abfffff0| PB 0x00000000abfffff0| Updating 
| 704|0x00000000ac000000, 0x00000000ac0f3e48, 0x00000000ac100000| 95%| O|  |TAMS 0x00000000ac0f3e48| PB 0x00000000ac0f3e48| Untracked 
| 705|0x00000000ac100000, 0x00000000ac1fffe8, 0x00000000ac200000| 99%| O|  |TAMS 0x00000000ac1fffe8| PB 0x00000000ac1fffe8| Untracked 
| 706|0x00000000ac200000, 0x00000000ac300000, 0x00000000ac300000|100%| O|  |TAMS 0x00000000ac200000| PB 0x00000000ac200000| Untracked 
| 707|0x00000000ac300000, 0x00000000ac3fffd0, 0x00000000ac400000| 99%| O|  |TAMS 0x00000000ac3fffd0| PB 0x00000000ac3fffd0| Updating 
| 708|0x00000000ac400000, 0x00000000ac500000, 0x00000000ac500000|100%| O|  |TAMS 0x00000000ac500000| PB 0x00000000ac500000| Updating 
| 709|0x00000000ac500000, 0x00000000ac5ffff0, 0x00000000ac600000| 99%| O|  |TAMS 0x00000000ac5ffff0| PB 0x00000000ac5ffff0| Untracked 
| 710|0x00000000ac600000, 0x00000000ac6ffff0, 0x00000000ac700000| 99%| O|  |TAMS 0x00000000ac6ffff0| PB 0x00000000ac6ffff0| Updating 
| 711|0x00000000ac700000, 0x00000000ac7ffff8, 0x00000000ac800000| 99%| O|  |TAMS 0x00000000ac7ffff8| PB 0x00000000ac7ffff8| Updating 
| 712|0x00000000ac800000, 0x00000000ac8d5758, 0x00000000ac900000| 83%| O|  |TAMS 0x00000000ac8d5758| PB 0x00000000ac8d5758| Updating 
| 713|0x00000000ac900000, 0x00000000aca00000, 0x00000000aca00000|100%|HS|  |TAMS 0x00000000aca00000| PB 0x00000000ac900000| Complete 
| 714|0x00000000aca00000, 0x00000000acb00000, 0x00000000acb00000|100%|HS|  |TAMS 0x00000000acb00000| PB 0x00000000aca00000| Complete 
| 715|0x00000000acb00000, 0x00000000acc00000, 0x00000000acc00000|100%|HS|  |TAMS 0x00000000acc00000| PB 0x00000000acb00000| Complete 
| 716|0x00000000acc00000, 0x00000000accfffe8, 0x00000000acd00000| 99%| O|  |TAMS 0x00000000accfffe8| PB 0x00000000accfffe8| Untracked 
| 717|0x00000000acd00000, 0x00000000acdfffe8, 0x00000000ace00000| 99%| O|  |TAMS 0x00000000acdfffe8| PB 0x00000000acdfffe8| Updating 
| 718|0x00000000ace00000, 0x00000000acf00000, 0x00000000acf00000|100%| O|  |TAMS 0x00000000acf00000| PB 0x00000000acf00000| Untracked 
| 719|0x00000000acf00000, 0x00000000ad000000, 0x00000000ad000000|100%|HS|  |TAMS 0x00000000ad000000| PB 0x00000000acf00000| Complete 
| 720|0x00000000ad000000, 0x00000000ad100000, 0x00000000ad100000|100%| O|  |TAMS 0x00000000ad000000| PB 0x00000000ad000000| Untracked 
| 721|0x00000000ad100000, 0x00000000ad200000, 0x00000000ad200000|100%| O|  |TAMS 0x00000000ad100000| PB 0x00000000ad100000| Untracked 
| 722|0x00000000ad200000, 0x00000000ad2ffff0, 0x00000000ad300000| 99%| O|  |TAMS 0x00000000ad2ffff0| PB 0x00000000ad2ffff0| Untracked 
| 723|0x00000000ad300000, 0x00000000ad3ffff0, 0x00000000ad400000| 99%| O|  |TAMS 0x00000000ad3ffff0| PB 0x00000000ad3ffff0| Updating 
| 724|0x00000000ad400000, 0x00000000ad500000, 0x00000000ad500000|100%| O|  |TAMS 0x00000000ad400000| PB 0x00000000ad400000| Untracked 
| 725|0x00000000ad500000, 0x00000000ad5ffff8, 0x00000000ad600000| 99%| O|  |TAMS 0x00000000ad5ffff8| PB 0x00000000ad5ffff8| Untracked 
| 726|0x00000000ad600000, 0x00000000ad6ffff8, 0x00000000ad700000| 99%| O|  |TAMS 0x00000000ad6ffff8| PB 0x00000000ad6ffff8| Untracked 
| 727|0x00000000ad700000, 0x00000000ad7ffd38, 0x00000000ad800000| 99%| O|  |TAMS 0x00000000ad7ffd38| PB 0x00000000ad7ffd38| Untracked 
| 728|0x00000000ad800000, 0x00000000ad8ffff8, 0x00000000ad900000| 99%| O|  |TAMS 0x00000000ad8ffff8| PB 0x00000000ad8ffff8| Updating 
| 729|0x00000000ad900000, 0x00000000ad9ffff0, 0x00000000ada00000| 99%| O|  |TAMS 0x00000000ad9ffff0| PB 0x00000000ad9ffff0| Untracked 
| 730|0x00000000ada00000, 0x00000000adafffd0, 0x00000000adb00000| 99%| O|  |TAMS 0x00000000adafffd0| PB 0x00000000adafffd0| Updating 
| 731|0x00000000adb00000, 0x00000000adbffff0, 0x00000000adc00000| 99%| O|  |TAMS 0x00000000adbffff0| PB 0x00000000adbffff0| Untracked 
| 732|0x00000000adc00000, 0x00000000adcfffd8, 0x00000000add00000| 99%| O|  |TAMS 0x00000000adcfffd8| PB 0x00000000adcfffd8| Updating 
| 733|0x00000000add00000, 0x00000000ade00000, 0x00000000ade00000|100%| O|  |TAMS 0x00000000add00000| PB 0x00000000add00000| Untracked 
| 734|0x00000000ade00000, 0x00000000adf00000, 0x00000000adf00000|100%| O|  |TAMS 0x00000000ade00000| PB 0x00000000ade00000| Untracked 
| 735|0x00000000adf00000, 0x00000000adfffff8, 0x00000000ae000000| 99%| O|  |TAMS 0x00000000adfffff8| PB 0x00000000adfffff8| Updating 
| 736|0x00000000ae000000, 0x00000000ae100000, 0x00000000ae100000|100%| O|  |TAMS 0x00000000ae000000| PB 0x00000000ae000000| Untracked 
| 737|0x00000000ae100000, 0x00000000ae200000, 0x00000000ae200000|100%| O|  |TAMS 0x00000000ae200000| PB 0x00000000ae200000| Untracked 
| 738|0x00000000ae200000, 0x00000000ae2ffed0, 0x00000000ae300000| 99%| O|  |TAMS 0x00000000ae2ffed0| PB 0x00000000ae2ffed0| Updating 
| 739|0x00000000ae300000, 0x00000000ae400000, 0x00000000ae400000|100%| O|  |TAMS 0x00000000ae300000| PB 0x00000000ae300000| Untracked 
| 740|0x00000000ae400000, 0x00000000ae500000, 0x00000000ae500000|100%| O|  |TAMS 0x00000000ae500000| PB 0x00000000ae500000| Updating 
| 741|0x00000000ae500000, 0x00000000ae600000, 0x00000000ae600000|100%| O|  |TAMS 0x00000000ae600000| PB 0x00000000ae600000| Updating 
| 742|0x00000000ae600000, 0x00000000ae6ffff0, 0x00000000ae700000| 99%| O|  |TAMS 0x00000000ae6ffff0| PB 0x00000000ae6ffff0| Updating 
| 743|0x00000000ae700000, 0x00000000ae7ffff0, 0x00000000ae800000| 99%| O|  |TAMS 0x00000000ae7ffff0| PB 0x00000000ae7ffff0| Untracked 
| 744|0x00000000ae800000, 0x00000000ae8ffff8, 0x00000000ae900000| 99%| O|  |TAMS 0x00000000ae8ffff8| PB 0x00000000ae8ffff8| Untracked 
| 745|0x00000000ae900000, 0x00000000ae9fffe8, 0x00000000aea00000| 99%| O|  |TAMS 0x00000000ae9fffe8| PB 0x00000000ae9fffe8| Untracked 
| 746|0x00000000aea00000, 0x00000000aeafffd0, 0x00000000aeb00000| 99%| O|  |TAMS 0x00000000aeafffd0| PB 0x00000000aeafffd0| Updating 
| 747|0x00000000aeb00000, 0x00000000aebffff8, 0x00000000aec00000| 99%| O|  |TAMS 0x00000000aebffff8| PB 0x00000000aebffff8| Updating 
| 748|0x00000000aec00000, 0x00000000aecfffe8, 0x00000000aed00000| 99%| O|  |TAMS 0x00000000aecfffe8| PB 0x00000000aecfffe8| Updating 
| 749|0x00000000aed00000, 0x00000000aee00000, 0x00000000aee00000|100%| O|  |TAMS 0x00000000aee00000| PB 0x00000000aee00000| Untracked 
| 750|0x00000000aee00000, 0x00000000aeefffe8, 0x00000000aef00000| 99%| O|  |TAMS 0x00000000aeefffe8| PB 0x00000000aeefffe8| Untracked 
| 751|0x00000000aef00000, 0x00000000af000000, 0x00000000af000000|100%| O|  |TAMS 0x00000000af000000| PB 0x00000000af000000| Updating 
| 752|0x00000000af000000, 0x00000000af100000, 0x00000000af100000|100%| O|  |TAMS 0x00000000af100000| PB 0x00000000af100000| Untracked 
| 753|0x00000000af100000, 0x00000000af200000, 0x00000000af200000|100%| O|  |TAMS 0x00000000af200000| PB 0x00000000af200000| Updating 
| 754|0x00000000af200000, 0x00000000af2ffff8, 0x00000000af300000| 99%| O|  |TAMS 0x00000000af2ffff8| PB 0x00000000af2ffff8| Updating 
| 755|0x00000000af300000, 0x00000000af3fffe8, 0x00000000af400000| 99%| O|  |TAMS 0x00000000af3fffe8| PB 0x00000000af3fffe8| Updating 
| 756|0x00000000af400000, 0x00000000af4ffff8, 0x00000000af500000| 99%| O|  |TAMS 0x00000000af4ffff8| PB 0x00000000af4ffff8| Updating 
| 757|0x00000000af500000, 0x00000000af600000, 0x00000000af600000|100%| O|  |TAMS 0x00000000af600000| PB 0x00000000af600000| Untracked 
| 758|0x00000000af600000, 0x00000000af700000, 0x00000000af700000|100%| O|  |TAMS 0x00000000af700000| PB 0x00000000af700000| Updating 
| 759|0x00000000af700000, 0x00000000af800000, 0x00000000af800000|100%| O|  |TAMS 0x00000000af700000| PB 0x00000000af700000| Untracked 
| 760|0x00000000af800000, 0x00000000af900000, 0x00000000af900000|100%| O|  |TAMS 0x00000000af900000| PB 0x00000000af900000| Updating 
| 761|0x00000000af900000, 0x00000000afa00000, 0x00000000afa00000|100%| O|  |TAMS 0x00000000afa00000| PB 0x00000000afa00000| Updating 
| 762|0x00000000afa00000, 0x00000000afaff8a8, 0x00000000afb00000| 99%| O|  |TAMS 0x00000000afaff8a8| PB 0x00000000afaff8a8| Untracked 
| 763|0x00000000afb00000, 0x00000000afbffff0, 0x00000000afc00000| 99%| O|  |TAMS 0x00000000afbffff0| PB 0x00000000afbffff0| Updating 
| 764|0x00000000afc00000, 0x00000000afd00000, 0x00000000afd00000|100%| O|  |TAMS 0x00000000afd00000| PB 0x00000000afd00000| Untracked 
| 765|0x00000000afd00000, 0x00000000afe00000, 0x00000000afe00000|100%|HS|  |TAMS 0x00000000afe00000| PB 0x00000000afd00000| Complete 
| 766|0x00000000afe00000, 0x00000000aff00000, 0x00000000aff00000|100%| O|  |TAMS 0x00000000aff00000| PB 0x00000000aff00000| Updating 
| 767|0x00000000aff00000, 0x00000000b0000000, 0x00000000b0000000|100%| O|  |TAMS 0x00000000aff00000| PB 0x00000000aff00000| Untracked 
| 768|0x00000000b0000000, 0x00000000b0100000, 0x00000000b0100000|100%| O|  |TAMS 0x00000000b0000000| PB 0x00000000b0000000| Untracked 
| 769|0x00000000b0100000, 0x00000000b0200000, 0x00000000b0200000|100%| O|  |TAMS 0x00000000b0200000| PB 0x00000000b0200000| Updating 
| 770|0x00000000b0200000, 0x00000000b02ffff0, 0x00000000b0300000| 99%| O|  |TAMS 0x00000000b02ffff0| PB 0x00000000b02ffff0| Updating 
| 771|0x00000000b0300000, 0x00000000b03ffff8, 0x00000000b0400000| 99%| O|  |TAMS 0x00000000b03ffff8| PB 0x00000000b03ffff8| Updating 
| 772|0x00000000b0400000, 0x00000000b04ffff8, 0x00000000b0500000| 99%| O|  |TAMS 0x00000000b04ffff8| PB 0x00000000b04ffff8| Updating 
| 773|0x00000000b0500000, 0x00000000b05fffe8, 0x00000000b0600000| 99%| O|  |TAMS 0x00000000b05fffe8| PB 0x00000000b05fffe8| Untracked 
| 774|0x00000000b0600000, 0x00000000b0700000, 0x00000000b0700000|100%| O|  |TAMS 0x00000000b0600000| PB 0x00000000b0600000| Untracked 
| 775|0x00000000b0700000, 0x00000000b07fffe8, 0x00000000b0800000| 99%| O|  |TAMS 0x00000000b07fffe8| PB 0x00000000b07fffe8| Updating 
| 776|0x00000000b0800000, 0x00000000b08ffff0, 0x00000000b0900000| 99%| O|  |TAMS 0x00000000b08ffff0| PB 0x00000000b08ffff0| Untracked 
| 777|0x00000000b0900000, 0x00000000b09c1a38, 0x00000000b0a00000| 75%| O|  |TAMS 0x00000000b09c1a38| PB 0x00000000b09c1a38| Updating 
| 778|0x00000000b0a00000, 0x00000000b0b00000, 0x00000000b0b00000|100%| O|  |TAMS 0x00000000b0b00000| PB 0x00000000b0b00000| Untracked 
| 779|0x00000000b0b00000, 0x00000000b0bffff8, 0x00000000b0c00000| 99%| O|  |TAMS 0x00000000b0bffff8| PB 0x00000000b0bffff8| Updating 
| 780|0x00000000b0c00000, 0x00000000b0cffff8, 0x00000000b0d00000| 99%| O|  |TAMS 0x00000000b0cffff8| PB 0x00000000b0cffff8| Updating 
| 781|0x00000000b0d00000, 0x00000000b0dffff8, 0x00000000b0e00000| 99%| O|  |TAMS 0x00000000b0dffff8| PB 0x00000000b0dffff8| Untracked 
| 782|0x00000000b0e00000, 0x00000000b0f00000, 0x00000000b0f00000|100%| O|  |TAMS 0x00000000b0f00000| PB 0x00000000b0f00000| Updating 
| 783|0x00000000b0f00000, 0x00000000b0fffff0, 0x00000000b1000000| 99%| O|  |TAMS 0x00000000b0fffff0| PB 0x00000000b0fffff0| Untracked 
| 784|0x00000000b1000000, 0x00000000b1100000, 0x00000000b1100000|100%| O|  |TAMS 0x00000000b1000000| PB 0x00000000b1000000| Untracked 
| 785|0x00000000b1100000, 0x00000000b1200000, 0x00000000b1200000|100%| O|  |TAMS 0x00000000b1100000| PB 0x00000000b1100000| Untracked 
| 786|0x00000000b1200000, 0x00000000b12ffff8, 0x00000000b1300000| 99%| O|  |TAMS 0x00000000b12ffff8| PB 0x00000000b12ffff8| Updating 
| 787|0x00000000b1300000, 0x00000000b1400000, 0x00000000b1400000|100%| O|  |TAMS 0x00000000b1400000| PB 0x00000000b1400000| Updating 
| 788|0x00000000b1400000, 0x00000000b1500000, 0x00000000b1500000|100%| O|  |TAMS 0x00000000b1400000| PB 0x00000000b1400000| Untracked 
| 789|0x00000000b1500000, 0x00000000b15ffff8, 0x00000000b1600000| 99%| O|  |TAMS 0x00000000b15ffff8| PB 0x00000000b15ffff8| Updating 
| 790|0x00000000b1600000, 0x00000000b1700000, 0x00000000b1700000|100%| O|  |TAMS 0x00000000b1700000| PB 0x00000000b1700000| Updating 
| 791|0x00000000b1700000, 0x00000000b1800000, 0x00000000b1800000|100%| O|  |TAMS 0x00000000b1700000| PB 0x00000000b1700000| Untracked 
| 792|0x00000000b1800000, 0x00000000b1900000, 0x00000000b1900000|100%| O|  |TAMS 0x00000000b1900000| PB 0x00000000b1900000| Updating 
| 793|0x00000000b1900000, 0x00000000b19fffe0, 0x00000000b1a00000| 99%| O|  |TAMS 0x00000000b19fffe0| PB 0x00000000b19fffe0| Updating 
| 794|0x00000000b1a00000, 0x00000000b1afffe0, 0x00000000b1b00000| 99%| O|  |TAMS 0x00000000b1afffe0| PB 0x00000000b1afffe0| Untracked 
| 795|0x00000000b1b00000, 0x00000000b1bffff0, 0x00000000b1c00000| 99%| O|  |TAMS 0x00000000b1bffff0| PB 0x00000000b1bffff0| Untracked 
| 796|0x00000000b1c00000, 0x00000000b1d00000, 0x00000000b1d00000|100%|HS|  |TAMS 0x00000000b1d00000| PB 0x00000000b1c00000| Complete 
| 797|0x00000000b1d00000, 0x00000000b1dffff0, 0x00000000b1e00000| 99%| O|  |TAMS 0x00000000b1dffff0| PB 0x00000000b1dffff0| Updating 
| 798|0x00000000b1e00000, 0x00000000b1f00000, 0x00000000b1f00000|100%|HS|  |TAMS 0x00000000b1f00000| PB 0x00000000b1e00000| Complete 
| 799|0x00000000b1f00000, 0x00000000b2000000, 0x00000000b2000000|100%| O|  |TAMS 0x00000000b2000000| PB 0x00000000b2000000| Updating 
| 800|0x00000000b2000000, 0x00000000b2100000, 0x00000000b2100000|100%| O|  |TAMS 0x00000000b2000000| PB 0x00000000b2000000| Untracked 
| 801|0x00000000b2100000, 0x00000000b21ffff8, 0x00000000b2200000| 99%| O|  |TAMS 0x00000000b21ffff8| PB 0x00000000b21ffff8| Updating 
| 802|0x00000000b2200000, 0x00000000b22fffe8, 0x00000000b2300000| 99%| O|  |TAMS 0x00000000b22fffe8| PB 0x00000000b22fffe8| Untracked 
| 803|0x00000000b2300000, 0x00000000b23ffff0, 0x00000000b2400000| 99%| O|  |TAMS 0x00000000b23ffff0| PB 0x00000000b23ffff0| Updating 
| 804|0x00000000b2400000, 0x00000000b24ffff0, 0x00000000b2500000| 99%| O|  |TAMS 0x00000000b24ffff0| PB 0x00000000b24ffff0| Updating 
| 805|0x00000000b2500000, 0x00000000b25fffd0, 0x00000000b2600000| 99%| O|  |TAMS 0x00000000b25fffd0| PB 0x00000000b25fffd0| Untracked 
| 806|0x00000000b2600000, 0x00000000b26ffff8, 0x00000000b2700000| 99%| O|  |TAMS 0x00000000b26ffff8| PB 0x00000000b26ffff8| Updating 
| 807|0x00000000b2700000, 0x00000000b2800000, 0x00000000b2800000|100%| O|  |TAMS 0x00000000b2800000| PB 0x00000000b2800000| Updating 
| 808|0x00000000b2800000, 0x00000000b2900000, 0x00000000b2900000|100%|HS|  |TAMS 0x00000000b2900000| PB 0x00000000b2800000| Complete 
| 809|0x00000000b2900000, 0x00000000b2a00000, 0x00000000b2a00000|100%| O|  |TAMS 0x00000000b2a00000| PB 0x00000000b2a00000| Untracked 
| 810|0x00000000b2a00000, 0x00000000b2b00000, 0x00000000b2b00000|100%| O|  |TAMS 0x00000000b2a00000| PB 0x00000000b2a00000| Untracked 
| 811|0x00000000b2b00000, 0x00000000b2bfffe8, 0x00000000b2c00000| 99%| O|  |TAMS 0x00000000b2bfffe8| PB 0x00000000b2bfffe8| Updating 
| 812|0x00000000b2c00000, 0x00000000b2d00000, 0x00000000b2d00000|100%| O|  |TAMS 0x00000000b2c00000| PB 0x00000000b2c00000| Untracked 
| 813|0x00000000b2d00000, 0x00000000b2e00000, 0x00000000b2e00000|100%| O|  |TAMS 0x00000000b2e00000| PB 0x00000000b2e00000| Updating 
| 814|0x00000000b2e00000, 0x00000000b2f00000, 0x00000000b2f00000|100%| O|  |TAMS 0x00000000b2e00000| PB 0x00000000b2e00000| Untracked 
| 815|0x00000000b2f00000, 0x00000000b3000000, 0x00000000b3000000|100%| O|  |TAMS 0x00000000b2f00000| PB 0x00000000b2f00000| Untracked 
| 816|0x00000000b3000000, 0x00000000b3100000, 0x00000000b3100000|100%| O|  |TAMS 0x00000000b3000000| PB 0x00000000b3000000| Untracked 
| 817|0x00000000b3100000, 0x00000000b3200000, 0x00000000b3200000|100%|HS|  |TAMS 0x00000000b3200000| PB 0x00000000b3100000| Complete 
| 818|0x00000000b3200000, 0x00000000b3300000, 0x00000000b3300000|100%|HC|  |TAMS 0x00000000b3300000| PB 0x00000000b3200000| Complete 
| 819|0x00000000b3300000, 0x00000000b3400000, 0x00000000b3400000|100%| O|  |TAMS 0x00000000b3300000| PB 0x00000000b3300000| Untracked 
| 820|0x00000000b3400000, 0x00000000b34ffff8, 0x00000000b3500000| 99%| O|  |TAMS 0x00000000b34ffff8| PB 0x00000000b34ffff8| Untracked 
| 821|0x00000000b3500000, 0x00000000b35ffff8, 0x00000000b3600000| 99%| O|  |TAMS 0x00000000b35ffff8| PB 0x00000000b35ffff8| Updating 
| 822|0x00000000b3600000, 0x00000000b3700000, 0x00000000b3700000|100%| O|  |TAMS 0x00000000b3700000| PB 0x00000000b3700000| Updating 
| 823|0x00000000b3700000, 0x00000000b3795a68, 0x00000000b3800000| 58%| O|  |TAMS 0x00000000b3795a68| PB 0x00000000b3795a68| Updating 
| 824|0x00000000b3800000, 0x00000000b38ffff0, 0x00000000b3900000| 99%| O|  |TAMS 0x00000000b38ffff0| PB 0x00000000b38ffff0| Updating 
| 825|0x00000000b3900000, 0x00000000b3a00000, 0x00000000b3a00000|100%|HS|  |TAMS 0x00000000b3a00000| PB 0x00000000b3900000| Complete 
| 826|0x00000000b3a00000, 0x00000000b3b00000, 0x00000000b3b00000|100%| O|  |TAMS 0x00000000b3b00000| PB 0x00000000b3b00000| Untracked 
| 827|0x00000000b3b00000, 0x00000000b3bfffe8, 0x00000000b3c00000| 99%| O|  |TAMS 0x00000000b3bfffe8| PB 0x00000000b3bfffe8| Untracked 
| 828|0x00000000b3c00000, 0x00000000b3d00000, 0x00000000b3d00000|100%|HS|  |TAMS 0x00000000b3d00000| PB 0x00000000b3c00000| Complete 
| 829|0x00000000b3d00000, 0x00000000b3e00000, 0x00000000b3e00000|100%|HS|  |TAMS 0x00000000b3e00000| PB 0x00000000b3d00000| Complete 
| 830|0x00000000b3e00000, 0x00000000b3f00000, 0x00000000b3f00000|100%|HS|  |TAMS 0x00000000b3f00000| PB 0x00000000b3e00000| Complete 
| 831|0x00000000b3f00000, 0x00000000b4000000, 0x00000000b4000000|100%|HS|  |TAMS 0x00000000b4000000| PB 0x00000000b3f00000| Complete 
| 832|0x00000000b4000000, 0x00000000b4100000, 0x00000000b4100000|100%|HC|  |TAMS 0x00000000b4100000| PB 0x00000000b4000000| Complete 
| 833|0x00000000b4100000, 0x00000000b4200000, 0x00000000b4200000|100%|HS|  |TAMS 0x00000000b4200000| PB 0x00000000b4100000| Complete 
| 834|0x00000000b4200000, 0x00000000b4300000, 0x00000000b4300000|100%|HS|  |TAMS 0x00000000b4300000| PB 0x00000000b4200000| Complete 
| 835|0x00000000b4300000, 0x00000000b43e3e50, 0x00000000b4400000| 89%| O|  |TAMS 0x00000000b43e3e50| PB 0x00000000b43e3e50| Updating 
| 836|0x00000000b4400000, 0x00000000b44ffff8, 0x00000000b4500000| 99%| O|  |TAMS 0x00000000b44ffff8| PB 0x00000000b44ffff8| Updating 
| 837|0x00000000b4500000, 0x00000000b4600000, 0x00000000b4600000|100%|HS|  |TAMS 0x00000000b4600000| PB 0x00000000b4500000| Complete 
| 838|0x00000000b4600000, 0x00000000b4700000, 0x00000000b4700000|100%|HS|  |TAMS 0x00000000b4700000| PB 0x00000000b4600000| Complete 
| 839|0x00000000b4700000, 0x00000000b4800000, 0x00000000b4800000|100%| O|  |TAMS 0x00000000b4700000| PB 0x00000000b4700000| Untracked 
| 840|0x00000000b4800000, 0x00000000b4900000, 0x00000000b4900000|100%|HS|  |TAMS 0x00000000b4900000| PB 0x00000000b4800000| Complete 
| 841|0x00000000b4900000, 0x00000000b49f5fb0, 0x00000000b4a00000| 96%| O|  |TAMS 0x00000000b49f5fb0| PB 0x00000000b49f5fb0| Untracked 
| 842|0x00000000b4a00000, 0x00000000b4b00000, 0x00000000b4b00000|100%|HS|  |TAMS 0x00000000b4b00000| PB 0x00000000b4a00000| Complete 
| 843|0x00000000b4b00000, 0x00000000b4c00000, 0x00000000b4c00000|100%|HC|  |TAMS 0x00000000b4c00000| PB 0x00000000b4b00000| Complete 
| 844|0x00000000b4c00000, 0x00000000b4d00000, 0x00000000b4d00000|100%| O|  |TAMS 0x00000000b4d00000| PB 0x00000000b4d00000| Updating 
| 845|0x00000000b4d00000, 0x00000000b4e00000, 0x00000000b4e00000|100%| O|  |TAMS 0x00000000b4e00000| PB 0x00000000b4e00000| Updating 
| 846|0x00000000b4e00000, 0x00000000b4ebadc0, 0x00000000b4f00000| 72%| O|  |TAMS 0x00000000b4ebadc0| PB 0x00000000b4ebadc0| Updating 
| 847|0x00000000b4f00000, 0x00000000b5000000, 0x00000000b5000000|100%|HS|  |TAMS 0x00000000b5000000| PB 0x00000000b4f00000| Complete 
| 848|0x00000000b5000000, 0x00000000b5100000, 0x00000000b5100000|100%|HC|  |TAMS 0x00000000b5100000| PB 0x00000000b5000000| Complete 
| 849|0x00000000b5100000, 0x00000000b5200000, 0x00000000b5200000|100%|HC|  |TAMS 0x00000000b5200000| PB 0x00000000b5100000| Complete 
| 850|0x00000000b5200000, 0x00000000b5300000, 0x00000000b5300000|100%|HS|  |TAMS 0x00000000b5300000| PB 0x00000000b5200000| Complete 
| 851|0x00000000b5300000, 0x00000000b53ffff8, 0x00000000b5400000| 99%| O|  |TAMS 0x00000000b53ffff8| PB 0x00000000b53ffff8| Updating 
| 852|0x00000000b5400000, 0x00000000b5500000, 0x00000000b5500000|100%|HS|  |TAMS 0x00000000b5500000| PB 0x00000000b5400000| Complete 
| 853|0x00000000b5500000, 0x00000000b5600000, 0x00000000b5600000|100%|HC|  |TAMS 0x00000000b5600000| PB 0x00000000b5500000| Complete 
| 854|0x00000000b5600000, 0x00000000b5700000, 0x00000000b5700000|100%|HS|  |TAMS 0x00000000b5700000| PB 0x00000000b5600000| Complete 
| 855|0x00000000b5700000, 0x00000000b5800000, 0x00000000b5800000|100%|HC|  |TAMS 0x00000000b5800000| PB 0x00000000b5700000| Complete 
| 856|0x00000000b5800000, 0x00000000b5900000, 0x00000000b5900000|100%|HS|  |TAMS 0x00000000b5900000| PB 0x00000000b5800000| Complete 
| 857|0x00000000b5900000, 0x00000000b5a00000, 0x00000000b5a00000|100%|HC|  |TAMS 0x00000000b5a00000| PB 0x00000000b5900000| Complete 
| 858|0x00000000b5a00000, 0x00000000b5b00000, 0x00000000b5b00000|100%| O|  |TAMS 0x00000000b5b00000| PB 0x00000000b5b00000| Untracked 
| 859|0x00000000b5b00000, 0x00000000b5c00000, 0x00000000b5c00000|100%|HS|  |TAMS 0x00000000b5c00000| PB 0x00000000b5b00000| Complete 
| 860|0x00000000b5c00000, 0x00000000b5d00000, 0x00000000b5d00000|100%|HS|  |TAMS 0x00000000b5d00000| PB 0x00000000b5c00000| Complete 
| 861|0x00000000b5d00000, 0x00000000b5e00000, 0x00000000b5e00000|100%|HC|  |TAMS 0x00000000b5e00000| PB 0x00000000b5d00000| Complete 
| 862|0x00000000b5e00000, 0x00000000b5f00000, 0x00000000b5f00000|100%|HC|  |TAMS 0x00000000b5f00000| PB 0x00000000b5e00000| Complete 
| 863|0x00000000b5f00000, 0x00000000b6000000, 0x00000000b6000000|100%| O|  |TAMS 0x00000000b6000000| PB 0x00000000b6000000| Updating 
| 864|0x00000000b6000000, 0x00000000b6100000, 0x00000000b6100000|100%|HS|  |TAMS 0x00000000b6100000| PB 0x00000000b6000000| Complete 
| 865|0x00000000b6100000, 0x00000000b6200000, 0x00000000b6200000|100%|HC|  |TAMS 0x00000000b6200000| PB 0x00000000b6100000| Complete 
| 866|0x00000000b6200000, 0x00000000b62ffff8, 0x00000000b6300000| 99%| O|  |TAMS 0x00000000b62ffff8| PB 0x00000000b62ffff8| Updating 
| 867|0x00000000b6300000, 0x00000000b6400000, 0x00000000b6400000|100%|HS|  |TAMS 0x00000000b6400000| PB 0x00000000b6300000| Complete 
| 868|0x00000000b6400000, 0x00000000b6500000, 0x00000000b6500000|100%|HC|  |TAMS 0x00000000b6500000| PB 0x00000000b6400000| Complete 
| 869|0x00000000b6500000, 0x00000000b6600000, 0x00000000b6600000|100%| O|  |TAMS 0x00000000b6600000| PB 0x00000000b6600000| Updating 
| 870|0x00000000b6600000, 0x00000000b6700000, 0x00000000b6700000|100%| O|  |TAMS 0x00000000b6700000| PB 0x00000000b6700000| Updating 
| 871|0x00000000b6700000, 0x00000000b6800000, 0x00000000b6800000|100%| O|  |TAMS 0x00000000b6800000| PB 0x00000000b6800000| Updating 
| 872|0x00000000b6800000, 0x00000000b6900000, 0x00000000b6900000|100%| O|  |TAMS 0x00000000b6900000| PB 0x00000000b6900000| Updating 
| 873|0x00000000b6900000, 0x00000000b6a00000, 0x00000000b6a00000|100%| O|  |TAMS 0x00000000b6a00000| PB 0x00000000b6a00000| Updating 
| 874|0x00000000b6a00000, 0x00000000b6b00000, 0x00000000b6b00000|100%| O|  |TAMS 0x00000000b6b00000| PB 0x00000000b6b00000| Updating 
| 875|0x00000000b6b00000, 0x00000000b6c00000, 0x00000000b6c00000|100%|HS|  |TAMS 0x00000000b6c00000| PB 0x00000000b6b00000| Complete 
| 876|0x00000000b6c00000, 0x00000000b6d00000, 0x00000000b6d00000|100%| O|  |TAMS 0x00000000b6d00000| PB 0x00000000b6d00000| Updating 
| 877|0x00000000b6d00000, 0x00000000b6e00000, 0x00000000b6e00000|100%| O|  |TAMS 0x00000000b6e00000| PB 0x00000000b6e00000| Untracked 
| 878|0x00000000b6e00000, 0x00000000b6f00000, 0x00000000b6f00000|100%|HS|  |TAMS 0x00000000b6f00000| PB 0x00000000b6e00000| Complete 
| 879|0x00000000b6f00000, 0x00000000b7000000, 0x00000000b7000000|100%|HC|  |TAMS 0x00000000b7000000| PB 0x00000000b6f00000| Complete 
| 880|0x00000000b7000000, 0x00000000b7100000, 0x00000000b7100000|100%|HC|  |TAMS 0x00000000b7100000| PB 0x00000000b7000000| Complete 
| 881|0x00000000b7100000, 0x00000000b7200000, 0x00000000b7200000|100%|HC|  |TAMS 0x00000000b7200000| PB 0x00000000b7100000| Complete 
| 882|0x00000000b7200000, 0x00000000b7300000, 0x00000000b7300000|100%| O|  |TAMS 0x00000000b7300000| PB 0x00000000b7300000| Updating 
| 883|0x00000000b7300000, 0x00000000b7400000, 0x00000000b7400000|100%| O|  |TAMS 0x00000000b7400000| PB 0x00000000b7400000| Updating 
| 884|0x00000000b7400000, 0x00000000b7500000, 0x00000000b7500000|100%| O|  |TAMS 0x00000000b7500000| PB 0x00000000b7500000| Updating 
| 885|0x00000000b7500000, 0x00000000b7600000, 0x00000000b7600000|100%| O|  |TAMS 0x00000000b7600000| PB 0x00000000b7600000| Updating 
| 886|0x00000000b7600000, 0x00000000b7700000, 0x00000000b7700000|100%| O|  |TAMS 0x00000000b7700000| PB 0x00000000b7700000| Updating 
| 887|0x00000000b7700000, 0x00000000b7800000, 0x00000000b7800000|100%| O|  |TAMS 0x00000000b7800000| PB 0x00000000b7800000| Updating 
| 888|0x00000000b7800000, 0x00000000b7900000, 0x00000000b7900000|100%| O|  |TAMS 0x00000000b7900000| PB 0x00000000b7900000| Updating 
| 889|0x00000000b7900000, 0x00000000b7a00000, 0x00000000b7a00000|100%| O|  |TAMS 0x00000000b7a00000| PB 0x00000000b7a00000| Updating 
| 890|0x00000000b7a00000, 0x00000000b7b00000, 0x00000000b7b00000|100%| O|  |TAMS 0x00000000b7b00000| PB 0x00000000b7b00000| Updating 
| 891|0x00000000b7b00000, 0x00000000b7c00000, 0x00000000b7c00000|100%| O|  |TAMS 0x00000000b7c00000| PB 0x00000000b7c00000| Untracked 
| 892|0x00000000b7c00000, 0x00000000b7d00000, 0x00000000b7d00000|100%| O|  |TAMS 0x00000000b7d00000| PB 0x00000000b7d00000| Updating 
| 893|0x00000000b7d00000, 0x00000000b7e00000, 0x00000000b7e00000|100%| O|  |TAMS 0x00000000b7e00000| PB 0x00000000b7e00000| Updating 
| 894|0x00000000b7e00000, 0x00000000b7f00000, 0x00000000b7f00000|100%| O|  |TAMS 0x00000000b7f00000| PB 0x00000000b7f00000| Updating 
| 895|0x00000000b7f00000, 0x00000000b8000000, 0x00000000b8000000|100%| O|  |TAMS 0x00000000b8000000| PB 0x00000000b8000000| Updating 
| 896|0x00000000b8000000, 0x00000000b80dab68, 0x00000000b8100000| 85%| O|  |TAMS 0x00000000b80dab68| PB 0x00000000b80dab68| Updating 
| 897|0x00000000b8100000, 0x00000000b8200000, 0x00000000b8200000|100%|HS|  |TAMS 0x00000000b8200000| PB 0x00000000b8100000| Complete 
| 898|0x00000000b8200000, 0x00000000b8300000, 0x00000000b8300000|100%| O|  |TAMS 0x00000000b8300000| PB 0x00000000b8300000| Updating 
| 899|0x00000000b8300000, 0x00000000b8400000, 0x00000000b8400000|100%| O|  |TAMS 0x00000000b8400000| PB 0x00000000b8400000| Updating 
| 900|0x00000000b8400000, 0x00000000b8500000, 0x00000000b8500000|100%| O|  |TAMS 0x00000000b8500000| PB 0x00000000b8500000| Updating 
| 901|0x00000000b8500000, 0x00000000b8600000, 0x00000000b8600000|100%| O|  |TAMS 0x00000000b8600000| PB 0x00000000b8600000| Updating 
| 902|0x00000000b8600000, 0x00000000b8700000, 0x00000000b8700000|100%| O|  |TAMS 0x00000000b8700000| PB 0x00000000b8700000| Updating 
| 903|0x00000000b8700000, 0x00000000b8800000, 0x00000000b8800000|100%| O|  |TAMS 0x00000000b8800000| PB 0x00000000b8800000| Updating 
| 904|0x00000000b8800000, 0x00000000b8900000, 0x00000000b8900000|100%| O|  |TAMS 0x00000000b8900000| PB 0x00000000b8900000| Updating 
| 905|0x00000000b8900000, 0x00000000b8a00000, 0x00000000b8a00000|100%| O|  |TAMS 0x00000000b8a00000| PB 0x00000000b8a00000| Updating 
| 906|0x00000000b8a00000, 0x00000000b8b00000, 0x00000000b8b00000|100%| O|  |TAMS 0x00000000b8b00000| PB 0x00000000b8b00000| Updating 
| 907|0x00000000b8b00000, 0x00000000b8c00000, 0x00000000b8c00000|100%| O|  |TAMS 0x00000000b8c00000| PB 0x00000000b8c00000| Updating 
| 908|0x00000000b8c00000, 0x00000000b8d00000, 0x00000000b8d00000|100%| O|  |TAMS 0x00000000b8d00000| PB 0x00000000b8d00000| Updating 
| 909|0x00000000b8d00000, 0x00000000b8e00000, 0x00000000b8e00000|100%|HS|  |TAMS 0x00000000b8e00000| PB 0x00000000b8d00000| Complete 
| 910|0x00000000b8e00000, 0x00000000b8f00000, 0x00000000b8f00000|100%|HC|  |TAMS 0x00000000b8f00000| PB 0x00000000b8e00000| Complete 
| 911|0x00000000b8f00000, 0x00000000b9000000, 0x00000000b9000000|100%|HC|  |TAMS 0x00000000b9000000| PB 0x00000000b8f00000| Complete 
| 912|0x00000000b9000000, 0x00000000b9100000, 0x00000000b9100000|100%|HS|  |TAMS 0x00000000b9100000| PB 0x00000000b9000000| Complete 
| 913|0x00000000b9100000, 0x00000000b9200000, 0x00000000b9200000|100%| O|  |TAMS 0x00000000b9200000| PB 0x00000000b9200000| Updating 
| 914|0x00000000b9200000, 0x00000000b9300000, 0x00000000b9300000|100%| O|  |TAMS 0x00000000b9300000| PB 0x00000000b9300000| Updating 
| 915|0x00000000b9300000, 0x00000000b9400000, 0x00000000b9400000|100%| O|  |TAMS 0x00000000b9400000| PB 0x00000000b9400000| Updating 
| 916|0x00000000b9400000, 0x00000000b9500000, 0x00000000b9500000|100%| O|  |TAMS 0x00000000b9500000| PB 0x00000000b9500000| Updating 
| 917|0x00000000b9500000, 0x00000000b9600000, 0x00000000b9600000|100%| O|  |TAMS 0x00000000b9600000| PB 0x00000000b9600000| Updating 
| 918|0x00000000b9600000, 0x00000000b9700000, 0x00000000b9700000|100%| O|  |TAMS 0x00000000b9700000| PB 0x00000000b9700000| Updating 
| 919|0x00000000b9700000, 0x00000000b9800000, 0x00000000b9800000|100%| O|  |TAMS 0x00000000b9800000| PB 0x00000000b9800000| Updating 
| 920|0x00000000b9800000, 0x00000000b9900000, 0x00000000b9900000|100%| O|  |TAMS 0x00000000b9900000| PB 0x00000000b9900000| Updating 
| 921|0x00000000b9900000, 0x00000000b9a00000, 0x00000000b9a00000|100%| O|  |TAMS 0x00000000b9a00000| PB 0x00000000b9a00000| Updating 
| 922|0x00000000b9a00000, 0x00000000b9b00000, 0x00000000b9b00000|100%|HS|  |TAMS 0x00000000b9b00000| PB 0x00000000b9a00000| Complete 
| 923|0x00000000b9b00000, 0x00000000b9c00000, 0x00000000b9c00000|100%|HC|  |TAMS 0x00000000b9c00000| PB 0x00000000b9b00000| Complete 
| 924|0x00000000b9c00000, 0x00000000b9d00000, 0x00000000b9d00000|100%| O|  |TAMS 0x00000000b9d00000| PB 0x00000000b9d00000| Updating 
| 925|0x00000000b9d00000, 0x00000000b9e00000, 0x00000000b9e00000|100%| O|  |TAMS 0x00000000b9e00000| PB 0x00000000b9e00000| Updating 
| 926|0x00000000b9e00000, 0x00000000b9f00000, 0x00000000b9f00000|100%| O|  |TAMS 0x00000000b9f00000| PB 0x00000000b9f00000| Updating 
| 927|0x00000000b9f00000, 0x00000000ba000000, 0x00000000ba000000|100%| O|  |TAMS 0x00000000ba000000| PB 0x00000000ba000000| Updating 
| 928|0x00000000ba000000, 0x00000000ba100000, 0x00000000ba100000|100%| O|  |TAMS 0x00000000ba100000| PB 0x00000000ba100000| Updating 
| 929|0x00000000ba100000, 0x00000000ba200000, 0x00000000ba200000|100%| O|  |TAMS 0x00000000ba200000| PB 0x00000000ba200000| Updating 
| 930|0x00000000ba200000, 0x00000000ba300000, 0x00000000ba300000|100%| O|  |TAMS 0x00000000ba300000| PB 0x00000000ba300000| Updating 
| 931|0x00000000ba300000, 0x00000000ba400000, 0x00000000ba400000|100%| O|  |TAMS 0x00000000ba400000| PB 0x00000000ba400000| Updating 
| 932|0x00000000ba400000, 0x00000000ba500000, 0x00000000ba500000|100%| O|  |TAMS 0x00000000ba500000| PB 0x00000000ba500000| Updating 
| 933|0x00000000ba500000, 0x00000000ba600000, 0x00000000ba600000|100%| O|  |TAMS 0x00000000ba600000| PB 0x00000000ba600000| Updating 
| 934|0x00000000ba600000, 0x00000000ba700000, 0x00000000ba700000|100%| O|  |TAMS 0x00000000ba700000| PB 0x00000000ba700000| Updating 
| 935|0x00000000ba700000, 0x00000000ba800000, 0x00000000ba800000|100%| O|  |TAMS 0x00000000ba800000| PB 0x00000000ba800000| Updating 
| 936|0x00000000ba800000, 0x00000000ba900000, 0x00000000ba900000|100%| O|  |TAMS 0x00000000ba900000| PB 0x00000000ba900000| Updating 
| 937|0x00000000ba900000, 0x00000000baa00000, 0x00000000baa00000|100%| O|  |TAMS 0x00000000baa00000| PB 0x00000000baa00000| Updating 
| 938|0x00000000baa00000, 0x00000000bab00000, 0x00000000bab00000|100%| O|  |TAMS 0x00000000bab00000| PB 0x00000000bab00000| Updating 
| 939|0x00000000bab00000, 0x00000000bac00000, 0x00000000bac00000|100%| O|  |TAMS 0x00000000bac00000| PB 0x00000000bac00000| Updating 
| 940|0x00000000bac00000, 0x00000000bad00000, 0x00000000bad00000|100%| O|  |TAMS 0x00000000bad00000| PB 0x00000000bad00000| Updating 
| 941|0x00000000bad00000, 0x00000000bae00000, 0x00000000bae00000|100%| O|  |TAMS 0x00000000bae00000| PB 0x00000000bae00000| Updating 
| 942|0x00000000bae00000, 0x00000000baf00000, 0x00000000baf00000|100%| O|  |TAMS 0x00000000baf00000| PB 0x00000000baf00000| Updating 
| 943|0x00000000baf00000, 0x00000000bb000000, 0x00000000bb000000|100%| O|  |TAMS 0x00000000bb000000| PB 0x00000000bb000000| Updating 
| 944|0x00000000bb000000, 0x00000000bb100000, 0x00000000bb100000|100%| O|  |TAMS 0x00000000bb100000| PB 0x00000000bb100000| Updating 
| 945|0x00000000bb100000, 0x00000000bb200000, 0x00000000bb200000|100%| O|  |TAMS 0x00000000bb200000| PB 0x00000000bb200000| Updating 
| 946|0x00000000bb200000, 0x00000000bb300000, 0x00000000bb300000|100%| O|  |TAMS 0x00000000bb300000| PB 0x00000000bb300000| Updating 
| 947|0x00000000bb300000, 0x00000000bb400000, 0x00000000bb400000|100%| O|  |TAMS 0x00000000bb400000| PB 0x00000000bb400000| Updating 
| 948|0x00000000bb400000, 0x00000000bb500000, 0x00000000bb500000|100%| O|  |TAMS 0x00000000bb500000| PB 0x00000000bb500000| Updating 
| 949|0x00000000bb500000, 0x00000000bb600000, 0x00000000bb600000|100%| O|  |TAMS 0x00000000bb600000| PB 0x00000000bb600000| Updating 
| 950|0x00000000bb600000, 0x00000000bb700000, 0x00000000bb700000|100%| O|  |TAMS 0x00000000bb700000| PB 0x00000000bb700000| Updating 
| 951|0x00000000bb700000, 0x00000000bb800000, 0x00000000bb800000|100%| O|  |TAMS 0x00000000bb700000| PB 0x00000000bb700000| Untracked 
| 952|0x00000000bb800000, 0x00000000bb900000, 0x00000000bb900000|100%|HS|  |TAMS 0x00000000bb900000| PB 0x00000000bb800000| Complete 
| 953|0x00000000bb900000, 0x00000000bba00000, 0x00000000bba00000|100%|HC|  |TAMS 0x00000000bba00000| PB 0x00000000bb900000| Complete 
| 954|0x00000000bba00000, 0x00000000bbb00000, 0x00000000bbb00000|100%|HS|  |TAMS 0x00000000bbb00000| PB 0x00000000bba00000| Complete 
| 955|0x00000000bbb00000, 0x00000000bbc00000, 0x00000000bbc00000|100%|HS|  |TAMS 0x00000000bbc00000| PB 0x00000000bbb00000| Complete 
| 956|0x00000000bbc00000, 0x00000000bbd00000, 0x00000000bbd00000|100%|HS|  |TAMS 0x00000000bbd00000| PB 0x00000000bbc00000| Complete 
| 957|0x00000000bbd00000, 0x00000000bbe00000, 0x00000000bbe00000|100%| O|  |TAMS 0x00000000bbe00000| PB 0x00000000bbe00000| Updating 
| 958|0x00000000bbe00000, 0x00000000bbf00000, 0x00000000bbf00000|100%| O|  |TAMS 0x00000000bbf00000| PB 0x00000000bbf00000| Updating 
| 959|0x00000000bbf00000, 0x00000000bc000000, 0x00000000bc000000|100%| O|  |TAMS 0x00000000bc000000| PB 0x00000000bc000000| Untracked 
| 960|0x00000000bc000000, 0x00000000bc100000, 0x00000000bc100000|100%|HS|  |TAMS 0x00000000bc100000| PB 0x00000000bc000000| Complete 
| 961|0x00000000bc100000, 0x00000000bc100000, 0x00000000bc200000|  0%| F|  |TAMS 0x00000000bc100000| PB 0x00000000bc100000| Untracked 
| 962|0x00000000bc200000, 0x00000000bc200000, 0x00000000bc300000|  0%| F|  |TAMS 0x00000000bc200000| PB 0x00000000bc200000| Untracked 
| 963|0x00000000bc300000, 0x00000000bc300000, 0x00000000bc400000|  0%| F|  |TAMS 0x00000000bc300000| PB 0x00000000bc300000| Untracked 
| 964|0x00000000bc400000, 0x00000000bc400000, 0x00000000bc500000|  0%| F|  |TAMS 0x00000000bc400000| PB 0x00000000bc400000| Untracked 
| 965|0x00000000bc500000, 0x00000000bc600000, 0x00000000bc600000|100%|HS|  |TAMS 0x00000000bc600000| PB 0x00000000bc500000| Complete 
| 966|0x00000000bc600000, 0x00000000bc700000, 0x00000000bc700000|100%|HS|  |TAMS 0x00000000bc700000| PB 0x00000000bc600000| Complete 
| 967|0x00000000bc700000, 0x00000000bc700000, 0x00000000bc800000|  0%| F|  |TAMS 0x00000000bc700000| PB 0x00000000bc700000| Untracked 
| 968|0x00000000bc800000, 0x00000000bc900000, 0x00000000bc900000|100%|HS|  |TAMS 0x00000000bc900000| PB 0x00000000bc800000| Complete 
| 969|0x00000000bc900000, 0x00000000bca00000, 0x00000000bca00000|100%| O|  |TAMS 0x00000000bca00000| PB 0x00000000bca00000| Updating 
| 970|0x00000000bca00000, 0x00000000bcb00000, 0x00000000bcb00000|100%| O|  |TAMS 0x00000000bcb00000| PB 0x00000000bcb00000| Updating 
| 971|0x00000000bcb00000, 0x00000000bcc00000, 0x00000000bcc00000|100%| O|  |TAMS 0x00000000bcc00000| PB 0x00000000bcc00000| Updating 
| 972|0x00000000bcc00000, 0x00000000bcd00000, 0x00000000bcd00000|100%| O|  |TAMS 0x00000000bcd00000| PB 0x00000000bcd00000| Updating 
| 973|0x00000000bcd00000, 0x00000000bce00000, 0x00000000bce00000|100%| O|  |TAMS 0x00000000bce00000| PB 0x00000000bce00000| Updating 
| 974|0x00000000bce00000, 0x00000000bcf00000, 0x00000000bcf00000|100%| O|  |TAMS 0x00000000bcf00000| PB 0x00000000bcf00000| Updating 
| 975|0x00000000bcf00000, 0x00000000bd000000, 0x00000000bd000000|100%| O|  |TAMS 0x00000000bd000000| PB 0x00000000bd000000| Untracked 
| 976|0x00000000bd000000, 0x00000000bd100000, 0x00000000bd100000|100%| O|  |TAMS 0x00000000bd100000| PB 0x00000000bd100000| Untracked 
| 977|0x00000000bd100000, 0x00000000bd200000, 0x00000000bd200000|100%| O|  |TAMS 0x00000000bd200000| PB 0x00000000bd200000| Updating 
| 978|0x00000000bd200000, 0x00000000bd300000, 0x00000000bd300000|100%| O|  |TAMS 0x00000000bd300000| PB 0x00000000bd300000| Untracked 
| 979|0x00000000bd300000, 0x00000000bd400000, 0x00000000bd400000|100%| O|  |TAMS 0x00000000bd400000| PB 0x00000000bd400000| Untracked 
| 980|0x00000000bd400000, 0x00000000bd500000, 0x00000000bd500000|100%| O|  |TAMS 0x00000000bd500000| PB 0x00000000bd500000| Updating 
| 981|0x00000000bd500000, 0x00000000bd600000, 0x00000000bd600000|100%| O|  |TAMS 0x00000000bd600000| PB 0x00000000bd600000| Updating 
| 982|0x00000000bd600000, 0x00000000bd700000, 0x00000000bd700000|100%| O|  |TAMS 0x00000000bd700000| PB 0x00000000bd700000| Updating 
| 983|0x00000000bd700000, 0x00000000bd800000, 0x00000000bd800000|100%| O|  |TAMS 0x00000000bd800000| PB 0x00000000bd800000| Untracked 
| 984|0x00000000bd800000, 0x00000000bd900000, 0x00000000bd900000|100%| O|  |TAMS 0x00000000bd900000| PB 0x00000000bd900000| Updating 
| 985|0x00000000bd900000, 0x00000000bda00000, 0x00000000bda00000|100%| O|  |TAMS 0x00000000bda00000| PB 0x00000000bda00000| Updating 
| 986|0x00000000bda00000, 0x00000000bdb00000, 0x00000000bdb00000|100%| O|  |TAMS 0x00000000bdb00000| PB 0x00000000bdb00000| Updating 
| 987|0x00000000bdb00000, 0x00000000bdc00000, 0x00000000bdc00000|100%| O|  |TAMS 0x00000000bdc00000| PB 0x00000000bdc00000| Updating 
| 988|0x00000000bdc00000, 0x00000000bdd00000, 0x00000000bdd00000|100%|HS|  |TAMS 0x00000000bdd00000| PB 0x00000000bdc00000| Complete 
| 989|0x00000000bdd00000, 0x00000000bde00000, 0x00000000bde00000|100%| O|  |TAMS 0x00000000bde00000| PB 0x00000000bde00000| Untracked 
| 990|0x00000000bde00000, 0x00000000bdf00000, 0x00000000bdf00000|100%| O|  |TAMS 0x00000000bdf00000| PB 0x00000000bdf00000| Updating 
| 991|0x00000000bdf00000, 0x00000000be000000, 0x00000000be000000|100%| O|  |TAMS 0x00000000be000000| PB 0x00000000be000000| Updating 
| 992|0x00000000be000000, 0x00000000be100000, 0x00000000be100000|100%| O|  |TAMS 0x00000000be100000| PB 0x00000000be100000| Updating 
| 993|0x00000000be100000, 0x00000000be200000, 0x00000000be200000|100%| O|  |TAMS 0x00000000be200000| PB 0x00000000be200000| Updating 
| 994|0x00000000be200000, 0x00000000be300000, 0x00000000be300000|100%| O|  |TAMS 0x00000000be300000| PB 0x00000000be300000| Untracked 
| 995|0x00000000be300000, 0x00000000be400000, 0x00000000be400000|100%| O|  |TAMS 0x00000000be400000| PB 0x00000000be400000| Updating 
| 996|0x00000000be400000, 0x00000000be500000, 0x00000000be500000|100%| O|  |TAMS 0x00000000be500000| PB 0x00000000be500000| Updating 
| 997|0x00000000be500000, 0x00000000be600000, 0x00000000be600000|100%| O|  |TAMS 0x00000000be600000| PB 0x00000000be600000| Untracked 
| 998|0x00000000be600000, 0x00000000be700000, 0x00000000be700000|100%| O|  |TAMS 0x00000000be600000| PB 0x00000000be600000| Untracked 
| 999|0x00000000be700000, 0x00000000be800000, 0x00000000be800000|100%| O|  |TAMS 0x00000000be800000| PB 0x00000000be800000| Untracked 
|1000|0x00000000be800000, 0x00000000be900000, 0x00000000be900000|100%|HS|  |TAMS 0x00000000be900000| PB 0x00000000be800000| Complete 
|1001|0x00000000be900000, 0x00000000bea00000, 0x00000000bea00000|100%|HC|  |TAMS 0x00000000bea00000| PB 0x00000000be900000| Complete 
|1002|0x00000000bea00000, 0x00000000beb00000, 0x00000000beb00000|100%|HS|  |TAMS 0x00000000beb00000| PB 0x00000000bea00000| Complete 
|1003|0x00000000beb00000, 0x00000000bec00000, 0x00000000bec00000|100%| O|  |TAMS 0x00000000bec00000| PB 0x00000000bec00000| Updating 
|1004|0x00000000bec00000, 0x00000000bed00000, 0x00000000bed00000|100%| O|  |TAMS 0x00000000bed00000| PB 0x00000000bed00000| Updating 
|1005|0x00000000bed00000, 0x00000000bee00000, 0x00000000bee00000|100%| O|  |TAMS 0x00000000bee00000| PB 0x00000000bee00000| Untracked 
|1006|0x00000000bee00000, 0x00000000bef00000, 0x00000000bef00000|100%| O|  |TAMS 0x00000000bef00000| PB 0x00000000bef00000| Untracked 
|1007|0x00000000bef00000, 0x00000000bf000000, 0x00000000bf000000|100%| O|  |TAMS 0x00000000bf000000| PB 0x00000000bf000000| Updating 
|1008|0x00000000bf000000, 0x00000000bf100000, 0x00000000bf100000|100%| O|  |TAMS 0x00000000bf100000| PB 0x00000000bf100000| Updating 
|1009|0x00000000bf100000, 0x00000000bf200000, 0x00000000bf200000|100%| O|  |TAMS 0x00000000bf100000| PB 0x00000000bf100000| Untracked 
|1010|0x00000000bf200000, 0x00000000bf300000, 0x00000000bf300000|100%| O|  |TAMS 0x00000000bf300000| PB 0x00000000bf300000| Updating 
|1011|0x00000000bf300000, 0x00000000bf400000, 0x00000000bf400000|100%| O|  |TAMS 0x00000000bf300000| PB 0x00000000bf300000| Untracked 
|1012|0x00000000bf400000, 0x00000000bf500000, 0x00000000bf500000|100%| O|  |TAMS 0x00000000bf500000| PB 0x00000000bf500000| Updating 
|1013|0x00000000bf500000, 0x00000000bf600000, 0x00000000bf600000|100%| O|  |TAMS 0x00000000bf600000| PB 0x00000000bf600000| Updating 
|1014|0x00000000bf600000, 0x00000000bf700000, 0x00000000bf700000|100%| O|  |TAMS 0x00000000bf700000| PB 0x00000000bf700000| Updating 
|1015|0x00000000bf700000, 0x00000000bf800000, 0x00000000bf800000|100%| O|  |TAMS 0x00000000bf800000| PB 0x00000000bf800000| Updating 
|1016|0x00000000bf800000, 0x00000000bf900000, 0x00000000bf900000|100%| O|  |TAMS 0x00000000bf900000| PB 0x00000000bf900000| Untracked 
|1017|0x00000000bf900000, 0x00000000bfa00000, 0x00000000bfa00000|100%| O|  |TAMS 0x00000000bfa00000| PB 0x00000000bfa00000| Updating 
|1018|0x00000000bfa00000, 0x00000000bfb00000, 0x00000000bfb00000|100%| O|  |TAMS 0x00000000bfb00000| PB 0x00000000bfb00000| Updating 
|1019|0x00000000bfb00000, 0x00000000bfc00000, 0x00000000bfc00000|100%| O|  |TAMS 0x00000000bfc00000| PB 0x00000000bfc00000| Untracked 
|1020|0x00000000bfc00000, 0x00000000bfd00000, 0x00000000bfd00000|100%| O|  |TAMS 0x00000000bfd00000| PB 0x00000000bfd00000| Updating 
|1021|0x00000000bfd00000, 0x00000000bfe00000, 0x00000000bfe00000|100%| O|  |TAMS 0x00000000bfe00000| PB 0x00000000bfe00000| Untracked 
|1022|0x00000000bfe00000, 0x00000000bff00000, 0x00000000bff00000|100%| O|  |TAMS 0x00000000bff00000| PB 0x00000000bff00000| Untracked 
|1023|0x00000000bff00000, 0x00000000c0000000, 0x00000000c0000000|100%| O|  |TAMS 0x00000000c0000000| PB 0x00000000c0000000| Updating 
|1024|0x00000000c0000000, 0x00000000c0100000, 0x00000000c0100000|100%| O|  |TAMS 0x00000000c0100000| PB 0x00000000c0100000| Untracked 
|1025|0x00000000c0100000, 0x00000000c0200000, 0x00000000c0200000|100%| O|  |TAMS 0x00000000c0200000| PB 0x00000000c0200000| Updating 
|1026|0x00000000c0200000, 0x00000000c0300000, 0x00000000c0300000|100%| O|  |TAMS 0x00000000c0200000| PB 0x00000000c0200000| Untracked 
|1027|0x00000000c0300000, 0x00000000c0400000, 0x00000000c0400000|100%| O|  |TAMS 0x00000000c0400000| PB 0x00000000c0400000| Updating 
|1028|0x00000000c0400000, 0x00000000c0500000, 0x00000000c0500000|100%| O|  |TAMS 0x00000000c0500000| PB 0x00000000c0500000| Untracked 
|1029|0x00000000c0500000, 0x00000000c0600000, 0x00000000c0600000|100%| O|  |TAMS 0x00000000c0600000| PB 0x00000000c0600000| Untracked 
|1030|0x00000000c0600000, 0x00000000c0700000, 0x00000000c0700000|100%| O|  |TAMS 0x00000000c0700000| PB 0x00000000c0700000| Untracked 
|1031|0x00000000c0700000, 0x00000000c0800000, 0x00000000c0800000|100%| O|  |TAMS 0x00000000c0800000| PB 0x00000000c0800000| Untracked 
|1032|0x00000000c0800000, 0x00000000c0900000, 0x00000000c0900000|100%| O|  |TAMS 0x00000000c0900000| PB 0x00000000c0900000| Updating 
|1033|0x00000000c0900000, 0x00000000c0a00000, 0x00000000c0a00000|100%| O|  |TAMS 0x00000000c0a00000| PB 0x00000000c0a00000| Untracked 
|1034|0x00000000c0a00000, 0x00000000c0b00000, 0x00000000c0b00000|100%| O|  |TAMS 0x00000000c0b00000| PB 0x00000000c0b00000| Untracked 
|1035|0x00000000c0b00000, 0x00000000c0c00000, 0x00000000c0c00000|100%| O|  |TAMS 0x00000000c0c00000| PB 0x00000000c0c00000| Untracked 
|1036|0x00000000c0c00000, 0x00000000c0d00000, 0x00000000c0d00000|100%| O|  |TAMS 0x00000000c0d00000| PB 0x00000000c0d00000| Untracked 
|1037|0x00000000c0d00000, 0x00000000c0e00000, 0x00000000c0e00000|100%| O|  |TAMS 0x00000000c0e00000| PB 0x00000000c0e00000| Untracked 
|1038|0x00000000c0e00000, 0x00000000c0f00000, 0x00000000c0f00000|100%| O|  |TAMS 0x00000000c0f00000| PB 0x00000000c0f00000| Untracked 
|1039|0x00000000c0f00000, 0x00000000c1000000, 0x00000000c1000000|100%| O|  |TAMS 0x00000000c1000000| PB 0x00000000c1000000| Untracked 
|1040|0x00000000c1000000, 0x00000000c1100000, 0x00000000c1100000|100%| O|  |TAMS 0x00000000c1100000| PB 0x00000000c1100000| Updating 
|1041|0x00000000c1100000, 0x00000000c1200000, 0x00000000c1200000|100%|HS|  |TAMS 0x00000000c1200000| PB 0x00000000c1100000| Complete 
|1042|0x00000000c1200000, 0x00000000c1300000, 0x00000000c1300000|100%|HC|  |TAMS 0x00000000c1300000| PB 0x00000000c1200000| Complete 
|1043|0x00000000c1300000, 0x00000000c1400000, 0x00000000c1400000|100%|HC|  |TAMS 0x00000000c1400000| PB 0x00000000c1300000| Complete 
|1044|0x00000000c1400000, 0x00000000c1500000, 0x00000000c1500000|100%|HC|  |TAMS 0x00000000c1500000| PB 0x00000000c1400000| Complete 
|1045|0x00000000c1500000, 0x00000000c1600000, 0x00000000c1600000|100%|HC|  |TAMS 0x00000000c1600000| PB 0x00000000c1500000| Complete 
|1046|0x00000000c1600000, 0x00000000c1700000, 0x00000000c1700000|100%|HC|  |TAMS 0x00000000c1700000| PB 0x00000000c1600000| Complete 
|1047|0x00000000c1700000, 0x00000000c1800000, 0x00000000c1800000|100%|HC|  |TAMS 0x00000000c1800000| PB 0x00000000c1700000| Complete 
|1048|0x00000000c1800000, 0x00000000c1900000, 0x00000000c1900000|100%|HC|  |TAMS 0x00000000c1900000| PB 0x00000000c1800000| Complete 
|1049|0x00000000c1900000, 0x00000000c1a00000, 0x00000000c1a00000|100%|HC|  |TAMS 0x00000000c1a00000| PB 0x00000000c1900000| Complete 
|1050|0x00000000c1a00000, 0x00000000c1b00000, 0x00000000c1b00000|100%|HC|  |TAMS 0x00000000c1b00000| PB 0x00000000c1a00000| Complete 
|1051|0x00000000c1b00000, 0x00000000c1c00000, 0x00000000c1c00000|100%|HC|  |TAMS 0x00000000c1c00000| PB 0x00000000c1b00000| Complete 
|1052|0x00000000c1c00000, 0x00000000c1d00000, 0x00000000c1d00000|100%|HC|  |TAMS 0x00000000c1d00000| PB 0x00000000c1c00000| Complete 
|1053|0x00000000c1d00000, 0x00000000c1e00000, 0x00000000c1e00000|100%|HC|  |TAMS 0x00000000c1e00000| PB 0x00000000c1d00000| Complete 
|1054|0x00000000c1e00000, 0x00000000c1f00000, 0x00000000c1f00000|100%|HC|  |TAMS 0x00000000c1f00000| PB 0x00000000c1e00000| Complete 
|1055|0x00000000c1f00000, 0x00000000c2000000, 0x00000000c2000000|100%|HC|  |TAMS 0x00000000c2000000| PB 0x00000000c1f00000| Complete 
|1056|0x00000000c2000000, 0x00000000c2100000, 0x00000000c2100000|100%|HC|  |TAMS 0x00000000c2100000| PB 0x00000000c2000000| Complete 
|1057|0x00000000c2100000, 0x00000000c2200000, 0x00000000c2200000|100%|HC|  |TAMS 0x00000000c2200000| PB 0x00000000c2100000| Complete 
|1058|0x00000000c2200000, 0x00000000c2300000, 0x00000000c2300000|100%|HC|  |TAMS 0x00000000c2300000| PB 0x00000000c2200000| Complete 
|1059|0x00000000c2300000, 0x00000000c2400000, 0x00000000c2400000|100%|HC|  |TAMS 0x00000000c2400000| PB 0x00000000c2300000| Complete 
|1060|0x00000000c2400000, 0x00000000c2500000, 0x00000000c2500000|100%|HC|  |TAMS 0x00000000c2500000| PB 0x00000000c2400000| Complete 
|1061|0x00000000c2500000, 0x00000000c2600000, 0x00000000c2600000|100%|HC|  |TAMS 0x00000000c2600000| PB 0x00000000c2500000| Complete 
|1062|0x00000000c2600000, 0x00000000c2700000, 0x00000000c2700000|100%|HC|  |TAMS 0x00000000c2700000| PB 0x00000000c2600000| Complete 
|1063|0x00000000c2700000, 0x00000000c2800000, 0x00000000c2800000|100%|HC|  |TAMS 0x00000000c2800000| PB 0x00000000c2700000| Complete 
|1064|0x00000000c2800000, 0x00000000c2900000, 0x00000000c2900000|100%|HC|  |TAMS 0x00000000c2900000| PB 0x00000000c2800000| Complete 
|1065|0x00000000c2900000, 0x00000000c2a00000, 0x00000000c2a00000|100%|HC|  |TAMS 0x00000000c2a00000| PB 0x00000000c2900000| Complete 
|1066|0x00000000c2a00000, 0x00000000c2b00000, 0x00000000c2b00000|100%|HC|  |TAMS 0x00000000c2b00000| PB 0x00000000c2a00000| Complete 
|1067|0x00000000c2b00000, 0x00000000c2c00000, 0x00000000c2c00000|100%|HC|  |TAMS 0x00000000c2c00000| PB 0x00000000c2b00000| Complete 
|1068|0x00000000c2c00000, 0x00000000c2d00000, 0x00000000c2d00000|100%|HC|  |TAMS 0x00000000c2d00000| PB 0x00000000c2c00000| Complete 
|1069|0x00000000c2d00000, 0x00000000c2e00000, 0x00000000c2e00000|100%|HC|  |TAMS 0x00000000c2e00000| PB 0x00000000c2d00000| Complete 
|1070|0x00000000c2e00000, 0x00000000c2f00000, 0x00000000c2f00000|100%|HC|  |TAMS 0x00000000c2f00000| PB 0x00000000c2e00000| Complete 
|1071|0x00000000c2f00000, 0x00000000c3000000, 0x00000000c3000000|100%| O|  |TAMS 0x00000000c3000000| PB 0x00000000c3000000| Untracked 
|1072|0x00000000c3000000, 0x00000000c3100000, 0x00000000c3100000|100%|HS|  |TAMS 0x00000000c3100000| PB 0x00000000c3000000| Complete 
|1073|0x00000000c3100000, 0x00000000c3200000, 0x00000000c3200000|100%|HC|  |TAMS 0x00000000c3200000| PB 0x00000000c3100000| Complete 
|1074|0x00000000c3200000, 0x00000000c3300000, 0x00000000c3300000|100%| O|  |TAMS 0x00000000c3300000| PB 0x00000000c3300000| Updating 
|1075|0x00000000c3300000, 0x00000000c3400000, 0x00000000c3400000|100%|HS|  |TAMS 0x00000000c3300000| PB 0x00000000c3300000| Complete 
|1076|0x00000000c3400000, 0x00000000c3500000, 0x00000000c3500000|100%| O|  |TAMS 0x00000000c3500000| PB 0x00000000c3500000| Updating 
|1077|0x00000000c3500000, 0x00000000c3600000, 0x00000000c3600000|100%| O|  |TAMS 0x00000000c3600000| PB 0x00000000c3600000| Updating 
|1078|0x00000000c3600000, 0x00000000c3700000, 0x00000000c3700000|100%| O|  |TAMS 0x00000000c3700000| PB 0x00000000c3700000| Updating 
|1079|0x00000000c3700000, 0x00000000c3800000, 0x00000000c3800000|100%| O|  |TAMS 0x00000000c3800000| PB 0x00000000c3800000| Updating 
|1080|0x00000000c3800000, 0x00000000c3900000, 0x00000000c3900000|100%| O|  |TAMS 0x00000000c3900000| PB 0x00000000c3900000| Untracked 
|1081|0x00000000c3900000, 0x00000000c3a00000, 0x00000000c3a00000|100%| O|  |TAMS 0x00000000c3a00000| PB 0x00000000c3a00000| Untracked 
|1082|0x00000000c3a00000, 0x00000000c3b00000, 0x00000000c3b00000|100%| O|  |TAMS 0x00000000c3b00000| PB 0x00000000c3b00000| Updating 
|1083|0x00000000c3b00000, 0x00000000c3c00000, 0x00000000c3c00000|100%| O|  |TAMS 0x00000000c3c00000| PB 0x00000000c3c00000| Updating 
|1084|0x00000000c3c00000, 0x00000000c3d00000, 0x00000000c3d00000|100%| O|  |TAMS 0x00000000c3d00000| PB 0x00000000c3d00000| Untracked 
|1085|0x00000000c3d00000, 0x00000000c3e00000, 0x00000000c3e00000|100%| O|  |TAMS 0x00000000c3e00000| PB 0x00000000c3e00000| Updating 
|1086|0x00000000c3e00000, 0x00000000c3f00000, 0x00000000c3f00000|100%| O|  |TAMS 0x00000000c3f00000| PB 0x00000000c3f00000| Updating 
|1087|0x00000000c3f00000, 0x00000000c4000000, 0x00000000c4000000|100%| O|  |TAMS 0x00000000c4000000| PB 0x00000000c4000000| Updating 
|1088|0x00000000c4000000, 0x00000000c4100000, 0x00000000c4100000|100%| O|  |TAMS 0x00000000c4100000| PB 0x00000000c4100000| Untracked 
|1089|0x00000000c4100000, 0x00000000c4200000, 0x00000000c4200000|100%| O|  |TAMS 0x00000000c4200000| PB 0x00000000c4200000| Updating 
|1090|0x00000000c4200000, 0x00000000c4300000, 0x00000000c4300000|100%| O|  |TAMS 0x00000000c4300000| PB 0x00000000c4300000| Updating 
|1091|0x00000000c4300000, 0x00000000c4400000, 0x00000000c4400000|100%| O|  |TAMS 0x00000000c4400000| PB 0x00000000c4400000| Updating 
|1092|0x00000000c4400000, 0x00000000c4500000, 0x00000000c4500000|100%| O|  |TAMS 0x00000000c4500000| PB 0x00000000c4500000| Untracked 
|1093|0x00000000c4500000, 0x00000000c4600000, 0x00000000c4600000|100%| O|  |TAMS 0x00000000c4600000| PB 0x00000000c4600000| Untracked 
|1094|0x00000000c4600000, 0x00000000c4700000, 0x00000000c4700000|100%| O|  |TAMS 0x00000000c4700000| PB 0x00000000c4700000| Updating 
|1095|0x00000000c4700000, 0x00000000c4800000, 0x00000000c4800000|100%| O|  |TAMS 0x00000000c4800000| PB 0x00000000c4800000| Updating 
|1096|0x00000000c4800000, 0x00000000c4900000, 0x00000000c4900000|100%| O|  |TAMS 0x00000000c4900000| PB 0x00000000c4900000| Untracked 
|1097|0x00000000c4900000, 0x00000000c4a00000, 0x00000000c4a00000|100%| O|  |TAMS 0x00000000c4a00000| PB 0x00000000c4a00000| Updating 
|1098|0x00000000c4a00000, 0x00000000c4b00000, 0x00000000c4b00000|100%| O|  |TAMS 0x00000000c4b00000| PB 0x00000000c4b00000| Untracked 
|1099|0x00000000c4b00000, 0x00000000c4c00000, 0x00000000c4c00000|100%| O|  |TAMS 0x00000000c4c00000| PB 0x00000000c4c00000| Updating 
|1100|0x00000000c4c00000, 0x00000000c4d00000, 0x00000000c4d00000|100%| O|  |TAMS 0x00000000c4d00000| PB 0x00000000c4d00000| Untracked 
|1101|0x00000000c4d00000, 0x00000000c4e00000, 0x00000000c4e00000|100%| O|  |TAMS 0x00000000c4e00000| PB 0x00000000c4e00000| Updating 
|1102|0x00000000c4e00000, 0x00000000c4f00000, 0x00000000c4f00000|100%| O|  |TAMS 0x00000000c4f00000| PB 0x00000000c4f00000| Updating 
|1103|0x00000000c4f00000, 0x00000000c5000000, 0x00000000c5000000|100%| O|  |TAMS 0x00000000c5000000| PB 0x00000000c5000000| Updating 
|1104|0x00000000c5000000, 0x00000000c5100000, 0x00000000c5100000|100%| O|  |TAMS 0x00000000c5100000| PB 0x00000000c5100000| Updating 
|1105|0x00000000c5100000, 0x00000000c5200000, 0x00000000c5200000|100%| O|  |TAMS 0x00000000c5200000| PB 0x00000000c5200000| Updating 
|1106|0x00000000c5200000, 0x00000000c5300000, 0x00000000c5300000|100%| O|  |TAMS 0x00000000c5300000| PB 0x00000000c5300000| Untracked 
|1107|0x00000000c5300000, 0x00000000c5400000, 0x00000000c5400000|100%| O|  |TAMS 0x00000000c5400000| PB 0x00000000c5400000| Updating 
|1108|0x00000000c5400000, 0x00000000c5500000, 0x00000000c5500000|100%| O|  |TAMS 0x00000000c5500000| PB 0x00000000c5500000| Updating 
|1109|0x00000000c5500000, 0x00000000c5600000, 0x00000000c5600000|100%| O|  |TAMS 0x00000000c5600000| PB 0x00000000c5600000| Updating 
|1110|0x00000000c5600000, 0x00000000c5700000, 0x00000000c5700000|100%| O|  |TAMS 0x00000000c5700000| PB 0x00000000c5700000| Updating 
|1111|0x00000000c5700000, 0x00000000c5800000, 0x00000000c5800000|100%| O|  |TAMS 0x00000000c5800000| PB 0x00000000c5800000| Updating 
|1112|0x00000000c5800000, 0x00000000c5900000, 0x00000000c5900000|100%| O|  |TAMS 0x00000000c5900000| PB 0x00000000c5900000| Untracked 
|1113|0x00000000c5900000, 0x00000000c5a00000, 0x00000000c5a00000|100%| O|  |TAMS 0x00000000c5a00000| PB 0x00000000c5a00000| Updating 
|1114|0x00000000c5a00000, 0x00000000c5b00000, 0x00000000c5b00000|100%| O|  |TAMS 0x00000000c5b00000| PB 0x00000000c5b00000| Updating 
|1115|0x00000000c5b00000, 0x00000000c5c00000, 0x00000000c5c00000|100%| O|  |TAMS 0x00000000c5c00000| PB 0x00000000c5c00000| Updating 
|1116|0x00000000c5c00000, 0x00000000c5d00000, 0x00000000c5d00000|100%| O|  |TAMS 0x00000000c5d00000| PB 0x00000000c5d00000| Updating 
|1117|0x00000000c5d00000, 0x00000000c5e00000, 0x00000000c5e00000|100%|HS|  |TAMS 0x00000000c5e00000| PB 0x00000000c5d00000| Complete 
|1118|0x00000000c5e00000, 0x00000000c5f00000, 0x00000000c5f00000|100%|HS|  |TAMS 0x00000000c5f00000| PB 0x00000000c5e00000| Complete 
|1119|0x00000000c5f00000, 0x00000000c6000000, 0x00000000c6000000|100%|HS|  |TAMS 0x00000000c6000000| PB 0x00000000c5f00000| Complete 
|1120|0x00000000c6000000, 0x00000000c6100000, 0x00000000c6100000|100%|HC|  |TAMS 0x00000000c6100000| PB 0x00000000c6000000| Complete 
|1121|0x00000000c6100000, 0x00000000c6200000, 0x00000000c6200000|100%|HS|  |TAMS 0x00000000c6200000| PB 0x00000000c6100000| Complete 
|1122|0x00000000c6200000, 0x00000000c6300000, 0x00000000c6300000|100%|HC|  |TAMS 0x00000000c6300000| PB 0x00000000c6200000| Complete 
|1123|0x00000000c6300000, 0x00000000c6400000, 0x00000000c6400000|100%|HS|  |TAMS 0x00000000c6400000| PB 0x00000000c6300000| Complete 
|1124|0x00000000c6400000, 0x00000000c6500000, 0x00000000c6500000|100%|HS|  |TAMS 0x00000000c6500000| PB 0x00000000c6400000| Complete 
|1125|0x00000000c6500000, 0x00000000c6600000, 0x00000000c6600000|100%|HS|  |TAMS 0x00000000c6600000| PB 0x00000000c6500000| Complete 
|1126|0x00000000c6600000, 0x00000000c6700000, 0x00000000c6700000|100%|HC|  |TAMS 0x00000000c6700000| PB 0x00000000c6600000| Complete 
|1127|0x00000000c6700000, 0x00000000c6800000, 0x00000000c6800000|100%|HS|  |TAMS 0x00000000c6700000| PB 0x00000000c6700000| Complete 
|1128|0x00000000c6800000, 0x00000000c6900000, 0x00000000c6900000|100%|HC|  |TAMS 0x00000000c6800000| PB 0x00000000c6800000| Complete 
|1129|0x00000000c6900000, 0x00000000c6a00000, 0x00000000c6a00000|100%| O|  |TAMS 0x00000000c6900000| PB 0x00000000c6900000| Untracked 
|1130|0x00000000c6a00000, 0x00000000c6b00000, 0x00000000c6b00000|100%|HS|  |TAMS 0x00000000c6b00000| PB 0x00000000c6a00000| Complete 
|1131|0x00000000c6b00000, 0x00000000c6c00000, 0x00000000c6c00000|100%|HS|  |TAMS 0x00000000c6c00000| PB 0x00000000c6b00000| Complete 
|1132|0x00000000c6c00000, 0x00000000c6d00000, 0x00000000c6d00000|100%|HS|  |TAMS 0x00000000c6d00000| PB 0x00000000c6c00000| Complete 
|1133|0x00000000c6d00000, 0x00000000c6e00000, 0x00000000c6e00000|100%|HS|  |TAMS 0x00000000c6e00000| PB 0x00000000c6d00000| Complete 
|1134|0x00000000c6e00000, 0x00000000c6f00000, 0x00000000c6f00000|100%|HS|  |TAMS 0x00000000c6f00000| PB 0x00000000c6e00000| Complete 
|1135|0x00000000c6f00000, 0x00000000c7000000, 0x00000000c7000000|100%|HS|  |TAMS 0x00000000c7000000| PB 0x00000000c6f00000| Complete 
|1136|0x00000000c7000000, 0x00000000c7100000, 0x00000000c7100000|100%|HS|  |TAMS 0x00000000c7100000| PB 0x00000000c7000000| Complete 
|1137|0x00000000c7100000, 0x00000000c7200000, 0x00000000c7200000|100%|HS|  |TAMS 0x00000000c7200000| PB 0x00000000c7100000| Complete 
|1138|0x00000000c7200000, 0x00000000c7300000, 0x00000000c7300000|100%|HC|  |TAMS 0x00000000c7300000| PB 0x00000000c7200000| Complete 
|1139|0x00000000c7300000, 0x00000000c7400000, 0x00000000c7400000|100%|HS|  |TAMS 0x00000000c7400000| PB 0x00000000c7300000| Complete 
|1140|0x00000000c7400000, 0x00000000c7500000, 0x00000000c7500000|100%|HS|  |TAMS 0x00000000c7500000| PB 0x00000000c7400000| Complete 
|1141|0x00000000c7500000, 0x00000000c7600000, 0x00000000c7600000|100%|HS|  |TAMS 0x00000000c7600000| PB 0x00000000c7500000| Complete 
|1142|0x00000000c7600000, 0x00000000c7700000, 0x00000000c7700000|100%|HS|  |TAMS 0x00000000c7700000| PB 0x00000000c7600000| Complete 
|1143|0x00000000c7700000, 0x00000000c7800000, 0x00000000c7800000|100%|HS|  |TAMS 0x00000000c7800000| PB 0x00000000c7700000| Complete 
|1144|0x00000000c7800000, 0x00000000c7900000, 0x00000000c7900000|100%|HC|  |TAMS 0x00000000c7900000| PB 0x00000000c7800000| Complete 
|1145|0x00000000c7900000, 0x00000000c7a00000, 0x00000000c7a00000|100%|HS|  |TAMS 0x00000000c7a00000| PB 0x00000000c7900000| Complete 
|1146|0x00000000c7a00000, 0x00000000c7b00000, 0x00000000c7b00000|100%|HS|  |TAMS 0x00000000c7b00000| PB 0x00000000c7a00000| Complete 
|1147|0x00000000c7b00000, 0x00000000c7c00000, 0x00000000c7c00000|100%|HC|  |TAMS 0x00000000c7c00000| PB 0x00000000c7b00000| Complete 
|1148|0x00000000c7c00000, 0x00000000c7d00000, 0x00000000c7d00000|100%| O|  |TAMS 0x00000000c7c00000| PB 0x00000000c7c00000| Untracked 
|1149|0x00000000c7d00000, 0x00000000c7e00000, 0x00000000c7e00000|100%|HS|  |TAMS 0x00000000c7e00000| PB 0x00000000c7d00000| Complete 
|1150|0x00000000c7e00000, 0x00000000c7f00000, 0x00000000c7f00000|100%| O|  |TAMS 0x00000000c7e00000| PB 0x00000000c7e00000| Untracked 
|1151|0x00000000c7f00000, 0x00000000c8000000, 0x00000000c8000000|100%|HS|  |TAMS 0x00000000c8000000| PB 0x00000000c7f00000| Complete 
|1152|0x00000000c8000000, 0x00000000c8100000, 0x00000000c8100000|100%|HS|  |TAMS 0x00000000c8100000| PB 0x00000000c8000000| Complete 
|1153|0x00000000c8100000, 0x00000000c8200000, 0x00000000c8200000|100%| O|  |TAMS 0x00000000c8200000| PB 0x00000000c8200000| Untracked 
|1154|0x00000000c8200000, 0x00000000c8300000, 0x00000000c8300000|100%| O|  |TAMS 0x00000000c8300000| PB 0x00000000c8300000| Untracked 
|1155|0x00000000c8300000, 0x00000000c8400000, 0x00000000c8400000|100%| O|  |TAMS 0x00000000c8400000| PB 0x00000000c8400000| Untracked 
|1156|0x00000000c8400000, 0x00000000c8500000, 0x00000000c8500000|100%| O|  |TAMS 0x00000000c8500000| PB 0x00000000c8500000| Untracked 
|1157|0x00000000c8500000, 0x00000000c8600000, 0x00000000c8600000|100%| O|  |TAMS 0x00000000c8600000| PB 0x00000000c8600000| Untracked 
|1158|0x00000000c8600000, 0x00000000c8700000, 0x00000000c8700000|100%| O|  |TAMS 0x00000000c8700000| PB 0x00000000c8700000| Untracked 
|1159|0x00000000c8700000, 0x00000000c8800000, 0x00000000c8800000|100%| O|  |TAMS 0x00000000c8800000| PB 0x00000000c8800000| Untracked 
|1160|0x00000000c8800000, 0x00000000c8900000, 0x00000000c8900000|100%| O|  |TAMS 0x00000000c8900000| PB 0x00000000c8900000| Untracked 
|1161|0x00000000c8900000, 0x00000000c8a00000, 0x00000000c8a00000|100%| O|  |TAMS 0x00000000c8a00000| PB 0x00000000c8a00000| Updating 
|1162|0x00000000c8a00000, 0x00000000c8b00000, 0x00000000c8b00000|100%| O|  |TAMS 0x00000000c8b00000| PB 0x00000000c8b00000| Updating 
|1163|0x00000000c8b00000, 0x00000000c8c00000, 0x00000000c8c00000|100%| O|  |TAMS 0x00000000c8b00000| PB 0x00000000c8b00000| Untracked 
|1164|0x00000000c8c00000, 0x00000000c8d00000, 0x00000000c8d00000|100%|HS|  |TAMS 0x00000000c8c00000| PB 0x00000000c8c00000| Complete 
|1165|0x00000000c8d00000, 0x00000000c8e00000, 0x00000000c8e00000|100%|HS|  |TAMS 0x00000000c8d00000| PB 0x00000000c8d00000| Complete 
|1166|0x00000000c8e00000, 0x00000000c8f00000, 0x00000000c8f00000|100%|HC|  |TAMS 0x00000000c8e00000| PB 0x00000000c8e00000| Complete 
|1167|0x00000000c8f00000, 0x00000000c9000000, 0x00000000c9000000|100%|HS|  |TAMS 0x00000000c8f00000| PB 0x00000000c8f00000| Complete 
|1168|0x00000000c9000000, 0x00000000c9100000, 0x00000000c9100000|100%|HS|  |TAMS 0x00000000c9000000| PB 0x00000000c9000000| Complete 
|1169|0x00000000c9100000, 0x00000000c9200000, 0x00000000c9200000|100%| O|  |TAMS 0x00000000c9200000| PB 0x00000000c9200000| Untracked 
|1170|0x00000000c9200000, 0x00000000c9300000, 0x00000000c9300000|100%|HS|  |TAMS 0x00000000c9200000| PB 0x00000000c9200000| Complete 
|1171|0x00000000c9300000, 0x00000000c9400000, 0x00000000c9400000|100%|HC|  |TAMS 0x00000000c9300000| PB 0x00000000c9300000| Complete 
|1172|0x00000000c9400000, 0x00000000c9500000, 0x00000000c9500000|100%|HS|  |TAMS 0x00000000c9400000| PB 0x00000000c9400000| Complete 
|1173|0x00000000c9500000, 0x00000000c9600000, 0x00000000c9600000|100%|HS|  |TAMS 0x00000000c9500000| PB 0x00000000c9500000| Complete 
|1174|0x00000000c9600000, 0x00000000c9700000, 0x00000000c9700000|100%|HS|  |TAMS 0x00000000c9600000| PB 0x00000000c9600000| Complete 
|1175|0x00000000c9700000, 0x00000000c9800000, 0x00000000c9800000|100%|HC|  |TAMS 0x00000000c9700000| PB 0x00000000c9700000| Complete 
|1176|0x00000000c9800000, 0x00000000c9900000, 0x00000000c9900000|100%| O|  |TAMS 0x00000000c9800000| PB 0x00000000c9800000| Untracked 
|1177|0x00000000c9900000, 0x00000000c9a00000, 0x00000000c9a00000|100%| O|  |TAMS 0x00000000c9900000| PB 0x00000000c9900000| Untracked 
|1178|0x00000000c9a00000, 0x00000000c9b00000, 0x00000000c9b00000|100%| O|  |TAMS 0x00000000c9a00000| PB 0x00000000c9a00000| Untracked 
|1179|0x00000000c9b00000, 0x00000000c9c00000, 0x00000000c9c00000|100%| O|  |TAMS 0x00000000c9b00000| PB 0x00000000c9b00000| Untracked 
|1180|0x00000000c9c00000, 0x00000000c9d00000, 0x00000000c9d00000|100%| O|  |TAMS 0x00000000c9c00000| PB 0x00000000c9c00000| Untracked 
|1181|0x00000000c9d00000, 0x00000000c9e00000, 0x00000000c9e00000|100%| O|  |TAMS 0x00000000c9d00000| PB 0x00000000c9d00000| Untracked 
|1182|0x00000000c9e00000, 0x00000000c9f00000, 0x00000000c9f00000|100%| O|  |TAMS 0x00000000c9e00000| PB 0x00000000c9e00000| Untracked 
|1183|0x00000000c9f00000, 0x00000000ca000000, 0x00000000ca000000|100%| O|  |TAMS 0x00000000c9f00000| PB 0x00000000c9f00000| Untracked 
|1184|0x00000000ca000000, 0x00000000ca100000, 0x00000000ca100000|100%|HS|  |TAMS 0x00000000ca000000| PB 0x00000000ca000000| Complete 
|1185|0x00000000ca100000, 0x00000000ca200000, 0x00000000ca200000|100%| O|  |TAMS 0x00000000ca100000| PB 0x00000000ca100000| Untracked 
|1186|0x00000000ca200000, 0x00000000ca300000, 0x00000000ca300000|100%|HS|  |TAMS 0x00000000ca200000| PB 0x00000000ca200000| Complete 
|1187|0x00000000ca300000, 0x00000000ca400000, 0x00000000ca400000|100%|HS|  |TAMS 0x00000000ca300000| PB 0x00000000ca300000| Complete 
|1188|0x00000000ca400000, 0x00000000ca500000, 0x00000000ca500000|100%|HS|  |TAMS 0x00000000ca400000| PB 0x00000000ca400000| Complete 
|1189|0x00000000ca500000, 0x00000000ca600000, 0x00000000ca600000|100%| O|  |TAMS 0x00000000ca500000| PB 0x00000000ca500000| Untracked 
|1190|0x00000000ca600000, 0x00000000ca69f360, 0x00000000ca700000| 62%| O|  |TAMS 0x00000000ca600000| PB 0x00000000ca600000| Updating 
|1191|0x00000000ca700000, 0x00000000ca700000, 0x00000000ca800000|  0%| F|  |TAMS 0x00000000ca700000| PB 0x00000000ca700000| Untracked 
|1192|0x00000000ca800000, 0x00000000ca900000, 0x00000000ca900000|100%|HS|  |TAMS 0x00000000ca800000| PB 0x00000000ca800000| Complete 
|1193|0x00000000ca900000, 0x00000000caa00000, 0x00000000caa00000|100%|HC|  |TAMS 0x00000000ca900000| PB 0x00000000ca900000| Complete 
|1194|0x00000000caa00000, 0x00000000cab00000, 0x00000000cab00000|100%|HS|  |TAMS 0x00000000caa00000| PB 0x00000000caa00000| Complete 
|1195|0x00000000cab00000, 0x00000000cac00000, 0x00000000cac00000|100%|HC|  |TAMS 0x00000000cab00000| PB 0x00000000cab00000| Complete 
|1196|0x00000000cac00000, 0x00000000cad00000, 0x00000000cad00000|100%|HS|  |TAMS 0x00000000cac00000| PB 0x00000000cac00000| Complete 
|1197|0x00000000cad00000, 0x00000000cae00000, 0x00000000cae00000|100%|HC|  |TAMS 0x00000000cad00000| PB 0x00000000cad00000| Complete 
|1198|0x00000000cae00000, 0x00000000caf00000, 0x00000000caf00000|100%|HC|  |TAMS 0x00000000cae00000| PB 0x00000000cae00000| Complete 
|1199|0x00000000caf00000, 0x00000000caf00000, 0x00000000cb000000|  0%| F|  |TAMS 0x00000000caf00000| PB 0x00000000caf00000| Untracked 
|1200|0x00000000cb000000, 0x00000000cb000000, 0x00000000cb100000|  0%| F|  |TAMS 0x00000000cb000000| PB 0x00000000cb000000| Untracked 
|1201|0x00000000cb100000, 0x00000000cb100000, 0x00000000cb200000|  0%| F|  |TAMS 0x00000000cb100000| PB 0x00000000cb100000| Untracked 
|1202|0x00000000cb200000, 0x00000000cb200000, 0x00000000cb300000|  0%| F|  |TAMS 0x00000000cb200000| PB 0x00000000cb200000| Untracked 
|1203|0x00000000cb300000, 0x00000000cb300000, 0x00000000cb400000|  0%| F|  |TAMS 0x00000000cb300000| PB 0x00000000cb300000| Untracked 
|1204|0x00000000cb400000, 0x00000000cb400000, 0x00000000cb500000|  0%| F|  |TAMS 0x00000000cb400000| PB 0x00000000cb400000| Untracked 
|1205|0x00000000cb500000, 0x00000000cb500000, 0x00000000cb600000|  0%| F|  |TAMS 0x00000000cb500000| PB 0x00000000cb500000| Untracked 
|1206|0x00000000cb600000, 0x00000000cb600000, 0x00000000cb700000|  0%| F|  |TAMS 0x00000000cb600000| PB 0x00000000cb600000| Untracked 
|1207|0x00000000cb700000, 0x00000000cb700000, 0x00000000cb800000|  0%| F|  |TAMS 0x00000000cb700000| PB 0x00000000cb700000| Untracked 
|1208|0x00000000cb800000, 0x00000000cb800000, 0x00000000cb900000|  0%| F|  |TAMS 0x00000000cb800000| PB 0x00000000cb800000| Untracked 
|1209|0x00000000cb900000, 0x00000000cba00000, 0x00000000cba00000|100%|HS|  |TAMS 0x00000000cb900000| PB 0x00000000cb900000| Complete 
|1210|0x00000000cba00000, 0x00000000cba00000, 0x00000000cbb00000|  0%| F|  |TAMS 0x00000000cba00000| PB 0x00000000cba00000| Untracked 
|1211|0x00000000cbb00000, 0x00000000cbb00000, 0x00000000cbc00000|  0%| F|  |TAMS 0x00000000cbb00000| PB 0x00000000cbb00000| Untracked 
|1212|0x00000000cbc00000, 0x00000000cbc00000, 0x00000000cbd00000|  0%| F|  |TAMS 0x00000000cbc00000| PB 0x00000000cbc00000| Untracked 
|1213|0x00000000cbd00000, 0x00000000cbd00000, 0x00000000cbe00000|  0%| F|  |TAMS 0x00000000cbd00000| PB 0x00000000cbd00000| Untracked 
|1214|0x00000000cbe00000, 0x00000000cbe00000, 0x00000000cbf00000|  0%| F|  |TAMS 0x00000000cbe00000| PB 0x00000000cbe00000| Untracked 
|1215|0x00000000cbf00000, 0x00000000cbff9ba0, 0x00000000cc000000| 97%| O|  |TAMS 0x00000000cbff9ba0| PB 0x00000000cbff9ba0| Updating 
|1216|0x00000000cc000000, 0x00000000cc100000, 0x00000000cc100000|100%| O|  |TAMS 0x00000000cc100000| PB 0x00000000cc100000| Updating 
|1217|0x00000000cc100000, 0x00000000cc200000, 0x00000000cc200000|100%| O|  |TAMS 0x00000000cc200000| PB 0x00000000cc200000| Updating 
|1218|0x00000000cc200000, 0x00000000cc300000, 0x00000000cc300000|100%| O|  |TAMS 0x00000000cc300000| PB 0x00000000cc300000| Updating 
|1219|0x00000000cc300000, 0x00000000cc400000, 0x00000000cc400000|100%| O|  |TAMS 0x00000000cc400000| PB 0x00000000cc400000| Updating 
|1220|0x00000000cc400000, 0x00000000cc500000, 0x00000000cc500000|100%| O|  |TAMS 0x00000000cc500000| PB 0x00000000cc500000| Updating 
|1221|0x00000000cc500000, 0x00000000cc600000, 0x00000000cc600000|100%| O|  |TAMS 0x00000000cc600000| PB 0x00000000cc600000| Updating 
|1222|0x00000000cc600000, 0x00000000cc700000, 0x00000000cc700000|100%| O|  |TAMS 0x00000000cc700000| PB 0x00000000cc700000| Updating 
|1223|0x00000000cc700000, 0x00000000cc800000, 0x00000000cc800000|100%| O|  |TAMS 0x00000000cc800000| PB 0x00000000cc800000| Updating 
|1224|0x00000000cc800000, 0x00000000cc900000, 0x00000000cc900000|100%| O|  |TAMS 0x00000000cc900000| PB 0x00000000cc900000| Updating 
|1225|0x00000000cc900000, 0x00000000cca00000, 0x00000000cca00000|100%| O|  |TAMS 0x00000000cca00000| PB 0x00000000cca00000| Updating 
|1226|0x00000000cca00000, 0x00000000ccb00000, 0x00000000ccb00000|100%| O|  |TAMS 0x00000000ccb00000| PB 0x00000000ccb00000| Updating 
|1227|0x00000000ccb00000, 0x00000000ccc00000, 0x00000000ccc00000|100%| O|  |TAMS 0x00000000ccc00000| PB 0x00000000ccc00000| Updating 
|1228|0x00000000ccc00000, 0x00000000ccd00000, 0x00000000ccd00000|100%| O|  |TAMS 0x00000000ccd00000| PB 0x00000000ccd00000| Updating 
|1229|0x00000000ccd00000, 0x00000000cce00000, 0x00000000cce00000|100%| O|  |TAMS 0x00000000cce00000| PB 0x00000000cce00000| Updating 
|1230|0x00000000cce00000, 0x00000000ccf00000, 0x00000000ccf00000|100%| O|  |TAMS 0x00000000ccf00000| PB 0x00000000ccf00000| Updating 
|1231|0x00000000ccf00000, 0x00000000cd000000, 0x00000000cd000000|100%| O|  |TAMS 0x00000000cd000000| PB 0x00000000cd000000| Updating 
|1232|0x00000000cd000000, 0x00000000cd100000, 0x00000000cd100000|100%| O|  |TAMS 0x00000000cd100000| PB 0x00000000cd100000| Updating 
|1233|0x00000000cd100000, 0x00000000cd200000, 0x00000000cd200000|100%| O|  |TAMS 0x00000000cd200000| PB 0x00000000cd200000| Updating 
|1234|0x00000000cd200000, 0x00000000cd300000, 0x00000000cd300000|100%| O|  |TAMS 0x00000000cd300000| PB 0x00000000cd300000| Updating 
|1235|0x00000000cd300000, 0x00000000cd400000, 0x00000000cd400000|100%| O|  |TAMS 0x00000000cd400000| PB 0x00000000cd400000| Updating 
|1236|0x00000000cd400000, 0x00000000cd500000, 0x00000000cd500000|100%| O|  |TAMS 0x00000000cd500000| PB 0x00000000cd500000| Updating 
|1237|0x00000000cd500000, 0x00000000cd600000, 0x00000000cd600000|100%| O|  |TAMS 0x00000000cd600000| PB 0x00000000cd600000| Updating 
|1238|0x00000000cd600000, 0x00000000cd700000, 0x00000000cd700000|100%| O|  |TAMS 0x00000000cd700000| PB 0x00000000cd700000| Updating 
|1239|0x00000000cd700000, 0x00000000cd800000, 0x00000000cd800000|100%| O|  |TAMS 0x00000000cd800000| PB 0x00000000cd800000| Updating 
|1240|0x00000000cd800000, 0x00000000cd800000, 0x00000000cd900000|  0%| F|  |TAMS 0x00000000cd800000| PB 0x00000000cd800000| Untracked 
|1241|0x00000000cd900000, 0x00000000cda00000, 0x00000000cda00000|100%| O|  |TAMS 0x00000000cda00000| PB 0x00000000cda00000| Updating 
|1242|0x00000000cda00000, 0x00000000cda00000, 0x00000000cdb00000|  0%| F|  |TAMS 0x00000000cda00000| PB 0x00000000cda00000| Untracked 
|1243|0x00000000cdb00000, 0x00000000cdc00000, 0x00000000cdc00000|100%| O|  |TAMS 0x00000000cdc00000| PB 0x00000000cdc00000| Updating 
|1244|0x00000000cdc00000, 0x00000000cdd00000, 0x00000000cdd00000|100%| O|  |TAMS 0x00000000cdd00000| PB 0x00000000cdd00000| Updating 
|1245|0x00000000cdd00000, 0x00000000cde00000, 0x00000000cde00000|100%| O|  |TAMS 0x00000000cde00000| PB 0x00000000cde00000| Updating 
|1246|0x00000000cde00000, 0x00000000cdf00000, 0x00000000cdf00000|100%| O|  |TAMS 0x00000000cdf00000| PB 0x00000000cdf00000| Updating 
|1247|0x00000000cdf00000, 0x00000000ce000000, 0x00000000ce000000|100%| O|  |TAMS 0x00000000ce000000| PB 0x00000000ce000000| Updating 
|1248|0x00000000ce000000, 0x00000000ce000000, 0x00000000ce100000|  0%| F|  |TAMS 0x00000000ce000000| PB 0x00000000ce000000| Untracked 
|1249|0x00000000ce100000, 0x00000000ce100000, 0x00000000ce200000|  0%| F|  |TAMS 0x00000000ce100000| PB 0x00000000ce100000| Untracked 
|1250|0x00000000ce200000, 0x00000000ce300000, 0x00000000ce300000|100%| O|  |TAMS 0x00000000ce300000| PB 0x00000000ce300000| Updating 
|1251|0x00000000ce300000, 0x00000000ce300000, 0x00000000ce400000|  0%| F|  |TAMS 0x00000000ce300000| PB 0x00000000ce300000| Untracked 
|1252|0x00000000ce400000, 0x00000000ce400000, 0x00000000ce500000|  0%| F|  |TAMS 0x00000000ce400000| PB 0x00000000ce400000| Untracked 
|1253|0x00000000ce500000, 0x00000000ce500000, 0x00000000ce600000|  0%| F|  |TAMS 0x00000000ce500000| PB 0x00000000ce500000| Untracked 
|1254|0x00000000ce600000, 0x00000000ce600000, 0x00000000ce700000|  0%| F|  |TAMS 0x00000000ce600000| PB 0x00000000ce600000| Untracked 
|1255|0x00000000ce700000, 0x00000000ce800000, 0x00000000ce800000|100%| O|  |TAMS 0x00000000ce700000| PB 0x00000000ce700000| Untracked 
|1256|0x00000000ce800000, 0x00000000ce900000, 0x00000000ce900000|100%| O|  |TAMS 0x00000000ce800000| PB 0x00000000ce800000| Untracked 
|1257|0x00000000ce900000, 0x00000000cea00000, 0x00000000cea00000|100%| O|  |TAMS 0x00000000ce900000| PB 0x00000000ce900000| Untracked 
|1258|0x00000000cea00000, 0x00000000ceb00000, 0x00000000ceb00000|100%| O|  |TAMS 0x00000000cea00000| PB 0x00000000cea00000| Untracked 
|1259|0x00000000ceb00000, 0x00000000cec00000, 0x00000000cec00000|100%| O|  |TAMS 0x00000000cec00000| PB 0x00000000cec00000| Updating 
|1260|0x00000000cec00000, 0x00000000ced00000, 0x00000000ced00000|100%| O|  |TAMS 0x00000000cec00000| PB 0x00000000cec00000| Untracked 
|1261|0x00000000ced00000, 0x00000000cee00000, 0x00000000cee00000|100%| O|  |TAMS 0x00000000ced00000| PB 0x00000000ced00000| Untracked 
|1262|0x00000000cee00000, 0x00000000cef00000, 0x00000000cef00000|100%| O|  |TAMS 0x00000000cee00000| PB 0x00000000cee00000| Untracked 
|1263|0x00000000cef00000, 0x00000000cf000000, 0x00000000cf000000|100%| O|  |TAMS 0x00000000cf000000| PB 0x00000000cf000000| Updating 
|1264|0x00000000cf000000, 0x00000000cf100000, 0x00000000cf100000|100%| O|  |TAMS 0x00000000cf000000| PB 0x00000000cf000000| Untracked 
|1265|0x00000000cf100000, 0x00000000cf200000, 0x00000000cf200000|100%| O|  |TAMS 0x00000000cf200000| PB 0x00000000cf200000| Updating 
|1266|0x00000000cf200000, 0x00000000cf300000, 0x00000000cf300000|100%| O|  |TAMS 0x00000000cf300000| PB 0x00000000cf300000| Updating 
|1267|0x00000000cf300000, 0x00000000cf400000, 0x00000000cf400000|100%| O|  |TAMS 0x00000000cf300000| PB 0x00000000cf300000| Untracked 
|1268|0x00000000cf400000, 0x00000000cf500000, 0x00000000cf500000|100%| O|  |TAMS 0x00000000cf400000| PB 0x00000000cf400000| Untracked 
|1269|0x00000000cf500000, 0x00000000cf600000, 0x00000000cf600000|100%| O|  |TAMS 0x00000000cf600000| PB 0x00000000cf600000| Updating 
|1270|0x00000000cf600000, 0x00000000cf700000, 0x00000000cf700000|100%| O|  |TAMS 0x00000000cf700000| PB 0x00000000cf700000| Updating 
|1271|0x00000000cf700000, 0x00000000cf800000, 0x00000000cf800000|100%| O|  |TAMS 0x00000000cf800000| PB 0x00000000cf800000| Updating 
|1272|0x00000000cf800000, 0x00000000cf900000, 0x00000000cf900000|100%| O|  |TAMS 0x00000000cf900000| PB 0x00000000cf900000| Updating 
|1273|0x00000000cf900000, 0x00000000cfa00000, 0x00000000cfa00000|100%| O|  |TAMS 0x00000000cf900000| PB 0x00000000cf900000| Untracked 
|1274|0x00000000cfa00000, 0x00000000cfb00000, 0x00000000cfb00000|100%| O|  |TAMS 0x00000000cfa00000| PB 0x00000000cfa00000| Untracked 
|1275|0x00000000cfb00000, 0x00000000cfc00000, 0x00000000cfc00000|100%| O|  |TAMS 0x00000000cfc00000| PB 0x00000000cfc00000| Updating 
|1276|0x00000000cfc00000, 0x00000000cfd00000, 0x00000000cfd00000|100%| O|  |TAMS 0x00000000cfc00000| PB 0x00000000cfc00000| Untracked 
|1277|0x00000000cfd00000, 0x00000000cfe00000, 0x00000000cfe00000|100%| O|  |TAMS 0x00000000cfd00000| PB 0x00000000cfd00000| Untracked 
|1278|0x00000000cfe00000, 0x00000000cff00000, 0x00000000cff00000|100%| O|  |TAMS 0x00000000cfe00000| PB 0x00000000cfe00000| Untracked 
|1279|0x00000000cff00000, 0x00000000d0000000, 0x00000000d0000000|100%| O|  |TAMS 0x00000000cff00000| PB 0x00000000cff00000| Untracked 
|1280|0x00000000d0000000, 0x00000000d0100000, 0x00000000d0100000|100%| O|  |TAMS 0x00000000d0100000| PB 0x00000000d0100000| Updating 
|1281|0x00000000d0100000, 0x00000000d0200000, 0x00000000d0200000|100%| O|  |TAMS 0x00000000d0100000| PB 0x00000000d0100000| Untracked 
|1282|0x00000000d0200000, 0x00000000d0300000, 0x00000000d0300000|100%| O|  |TAMS 0x00000000d0200000| PB 0x00000000d0200000| Untracked 
|1283|0x00000000d0300000, 0x00000000d0400000, 0x00000000d0400000|100%| O|  |TAMS 0x00000000d0400000| PB 0x00000000d0400000| Updating 
|1284|0x00000000d0400000, 0x00000000d0500000, 0x00000000d0500000|100%| O|  |TAMS 0x00000000d0400000| PB 0x00000000d0400000| Untracked 
|1285|0x00000000d0500000, 0x00000000d0600000, 0x00000000d0600000|100%| O|  |TAMS 0x00000000d0500000| PB 0x00000000d0500000| Untracked 
|1286|0x00000000d0600000, 0x00000000d0700000, 0x00000000d0700000|100%| O|  |TAMS 0x00000000d0600000| PB 0x00000000d0600000| Untracked 
|1287|0x00000000d0700000, 0x00000000d0800000, 0x00000000d0800000|100%| O|  |TAMS 0x00000000d0700000| PB 0x00000000d0700000| Untracked 
|1288|0x00000000d0800000, 0x00000000d0900000, 0x00000000d0900000|100%| O|  |TAMS 0x00000000d0900000| PB 0x00000000d0900000| Updating 
|1289|0x00000000d0900000, 0x00000000d0a00000, 0x00000000d0a00000|100%| O|  |TAMS 0x00000000d0900000| PB 0x00000000d0900000| Untracked 
|1290|0x00000000d0a00000, 0x00000000d0b00000, 0x00000000d0b00000|100%| O|  |TAMS 0x00000000d0a00000| PB 0x00000000d0a00000| Untracked 
|1291|0x00000000d0b00000, 0x00000000d0c00000, 0x00000000d0c00000|100%| O|  |TAMS 0x00000000d0b00000| PB 0x00000000d0b00000| Untracked 
|1292|0x00000000d0c00000, 0x00000000d0d00000, 0x00000000d0d00000|100%| O|  |TAMS 0x00000000d0c00000| PB 0x00000000d0c00000| Untracked 
|1293|0x00000000d0d00000, 0x00000000d0e00000, 0x00000000d0e00000|100%| O|  |TAMS 0x00000000d0d00000| PB 0x00000000d0d00000| Untracked 
|1294|0x00000000d0e00000, 0x00000000d0f00000, 0x00000000d0f00000|100%| O|  |TAMS 0x00000000d0e00000| PB 0x00000000d0e00000| Untracked 
|1295|0x00000000d0f00000, 0x00000000d1000000, 0x00000000d1000000|100%| O|  |TAMS 0x00000000d0f00000| PB 0x00000000d0f00000| Untracked 
|1296|0x00000000d1000000, 0x00000000d1100000, 0x00000000d1100000|100%| O|  |TAMS 0x00000000d1100000| PB 0x00000000d1100000| Updating 
|1297|0x00000000d1100000, 0x00000000d1200000, 0x00000000d1200000|100%| O|  |TAMS 0x00000000d1100000| PB 0x00000000d1100000| Untracked 
|1298|0x00000000d1200000, 0x00000000d1300000, 0x00000000d1300000|100%| O|  |TAMS 0x00000000d1300000| PB 0x00000000d1300000| Updating 
|1299|0x00000000d1300000, 0x00000000d1400000, 0x00000000d1400000|100%| O|  |TAMS 0x00000000d1300000| PB 0x00000000d1300000| Untracked 
|1300|0x00000000d1400000, 0x00000000d1500000, 0x00000000d1500000|100%| O|  |TAMS 0x00000000d1500000| PB 0x00000000d1500000| Updating 
|1301|0x00000000d1500000, 0x00000000d1600000, 0x00000000d1600000|100%| O|  |TAMS 0x00000000d1600000| PB 0x00000000d1600000| Updating 
|1302|0x00000000d1600000, 0x00000000d1700000, 0x00000000d1700000|100%| O|  |TAMS 0x00000000d1600000| PB 0x00000000d1600000| Untracked 
|1303|0x00000000d1700000, 0x00000000d1800000, 0x00000000d1800000|100%| O|  |TAMS 0x00000000d1800000| PB 0x00000000d1800000| Updating 
|1304|0x00000000d1800000, 0x00000000d1900000, 0x00000000d1900000|100%| O|  |TAMS 0x00000000d1900000| PB 0x00000000d1900000| Updating 
|1305|0x00000000d1900000, 0x00000000d1a00000, 0x00000000d1a00000|100%| O|  |TAMS 0x00000000d1900000| PB 0x00000000d1900000| Untracked 
|1306|0x00000000d1a00000, 0x00000000d1b00000, 0x00000000d1b00000|100%| O|  |TAMS 0x00000000d1b00000| PB 0x00000000d1b00000| Updating 
|1307|0x00000000d1b00000, 0x00000000d1b00000, 0x00000000d1c00000|  0%| F|  |TAMS 0x00000000d1b00000| PB 0x00000000d1b00000| Untracked 
|1308|0x00000000d1c00000, 0x00000000d1c00000, 0x00000000d1d00000|  0%| F|  |TAMS 0x00000000d1c00000| PB 0x00000000d1c00000| Untracked 
|1309|0x00000000d1d00000, 0x00000000d1d00000, 0x00000000d1e00000|  0%| F|  |TAMS 0x00000000d1d00000| PB 0x00000000d1d00000| Untracked 
|1310|0x00000000d1e00000, 0x00000000d1e00000, 0x00000000d1f00000|  0%| F|  |TAMS 0x00000000d1e00000| PB 0x00000000d1e00000| Untracked 
|1311|0x00000000d1f00000, 0x00000000d1f00000, 0x00000000d2000000|  0%| F|  |TAMS 0x00000000d1f00000| PB 0x00000000d1f00000| Untracked 
|1312|0x00000000d2000000, 0x00000000d2000000, 0x00000000d2100000|  0%| F|  |TAMS 0x00000000d2000000| PB 0x00000000d2000000| Untracked 
|1313|0x00000000d2100000, 0x00000000d2100000, 0x00000000d2200000|  0%| F|  |TAMS 0x00000000d2100000| PB 0x00000000d2100000| Untracked 
|1314|0x00000000d2200000, 0x00000000d2200000, 0x00000000d2300000|  0%| F|  |TAMS 0x00000000d2200000| PB 0x00000000d2200000| Untracked 
|1315|0x00000000d2300000, 0x00000000d2300000, 0x00000000d2400000|  0%| F|  |TAMS 0x00000000d2300000| PB 0x00000000d2300000| Untracked 
|1316|0x00000000d2400000, 0x00000000d2400000, 0x00000000d2500000|  0%| F|  |TAMS 0x00000000d2400000| PB 0x00000000d2400000| Untracked 
|1317|0x00000000d2500000, 0x00000000d2500000, 0x00000000d2600000|  0%| F|  |TAMS 0x00000000d2500000| PB 0x00000000d2500000| Untracked 
|1318|0x00000000d2600000, 0x00000000d2600000, 0x00000000d2700000|  0%| F|  |TAMS 0x00000000d2600000| PB 0x00000000d2600000| Untracked 
|1319|0x00000000d2700000, 0x00000000d2800000, 0x00000000d2800000|100%| O|  |TAMS 0x00000000d2700000| PB 0x00000000d2700000| Untracked 
|1320|0x00000000d2800000, 0x00000000d2900000, 0x00000000d2900000|100%| O|  |TAMS 0x00000000d2800000| PB 0x00000000d2800000| Untracked 
|1321|0x00000000d2900000, 0x00000000d2a00000, 0x00000000d2a00000|100%| O|  |TAMS 0x00000000d2900000| PB 0x00000000d2900000| Untracked 
|1322|0x00000000d2a00000, 0x00000000d2b00000, 0x00000000d2b00000|100%| O|  |TAMS 0x00000000d2a00000| PB 0x00000000d2a00000| Untracked 
|1323|0x00000000d2b00000, 0x00000000d2c00000, 0x00000000d2c00000|100%| O|  |TAMS 0x00000000d2b00000| PB 0x00000000d2b00000| Untracked 
|1324|0x00000000d2c00000, 0x00000000d2d00000, 0x00000000d2d00000|100%| O|  |TAMS 0x00000000d2c00000| PB 0x00000000d2c00000| Untracked 
|1325|0x00000000d2d00000, 0x00000000d2e00000, 0x00000000d2e00000|100%| O|  |TAMS 0x00000000d2d00000| PB 0x00000000d2d00000| Untracked 
|1326|0x00000000d2e00000, 0x00000000d2f00000, 0x00000000d2f00000|100%| O|  |TAMS 0x00000000d2e00000| PB 0x00000000d2e00000| Untracked 
|1327|0x00000000d2f00000, 0x00000000d3000000, 0x00000000d3000000|100%| O|  |TAMS 0x00000000d2f00000| PB 0x00000000d2f00000| Untracked 
|1328|0x00000000d3000000, 0x00000000d3100000, 0x00000000d3100000|100%| O|  |TAMS 0x00000000d3100000| PB 0x00000000d3100000| Updating 
|1329|0x00000000d3100000, 0x00000000d3200000, 0x00000000d3200000|100%| O|  |TAMS 0x00000000d3200000| PB 0x00000000d3200000| Updating 
|1330|0x00000000d3200000, 0x00000000d3200000, 0x00000000d3300000|  0%| F|  |TAMS 0x00000000d3200000| PB 0x00000000d3200000| Untracked 
|1331|0x00000000d3300000, 0x00000000d3300000, 0x00000000d3400000|  0%| F|  |TAMS 0x00000000d3300000| PB 0x00000000d3300000| Untracked 
|1332|0x00000000d3400000, 0x00000000d3400000, 0x00000000d3500000|  0%| F|  |TAMS 0x00000000d3400000| PB 0x00000000d3400000| Untracked 
|1333|0x00000000d3500000, 0x00000000d3500000, 0x00000000d3600000|  0%| F|  |TAMS 0x00000000d3500000| PB 0x00000000d3500000| Untracked 
|1334|0x00000000d3600000, 0x00000000d3600000, 0x00000000d3700000|  0%| F|  |TAMS 0x00000000d3600000| PB 0x00000000d3600000| Untracked 
|1335|0x00000000d3700000, 0x00000000d3700000, 0x00000000d3800000|  0%| F|  |TAMS 0x00000000d3700000| PB 0x00000000d3700000| Untracked 
|1336|0x00000000d3800000, 0x00000000d3800000, 0x00000000d3900000|  0%| F|  |TAMS 0x00000000d3800000| PB 0x00000000d3800000| Untracked 
|1337|0x00000000d3900000, 0x00000000d3900000, 0x00000000d3a00000|  0%| F|  |TAMS 0x00000000d3900000| PB 0x00000000d3900000| Untracked 
|1338|0x00000000d3a00000, 0x00000000d3a00000, 0x00000000d3b00000|  0%| F|  |TAMS 0x00000000d3a00000| PB 0x00000000d3a00000| Untracked 
|1339|0x00000000d3b00000, 0x00000000d3b00000, 0x00000000d3c00000|  0%| F|  |TAMS 0x00000000d3b00000| PB 0x00000000d3b00000| Untracked 
|1340|0x00000000d3c00000, 0x00000000d3c00000, 0x00000000d3d00000|  0%| F|  |TAMS 0x00000000d3c00000| PB 0x00000000d3c00000| Untracked 
|1341|0x00000000d3d00000, 0x00000000d3d00000, 0x00000000d3e00000|  0%| F|  |TAMS 0x00000000d3d00000| PB 0x00000000d3d00000| Untracked 
|1342|0x00000000d3e00000, 0x00000000d3e00000, 0x00000000d3f00000|  0%| F|  |TAMS 0x00000000d3e00000| PB 0x00000000d3e00000| Untracked 
|1343|0x00000000d3f00000, 0x00000000d3f00000, 0x00000000d4000000|  0%| F|  |TAMS 0x00000000d3f00000| PB 0x00000000d3f00000| Untracked 
|1344|0x00000000d4000000, 0x00000000d4000000, 0x00000000d4100000|  0%| F|  |TAMS 0x00000000d4000000| PB 0x00000000d4000000| Untracked 
|1345|0x00000000d4100000, 0x00000000d4100000, 0x00000000d4200000|  0%| F|  |TAMS 0x00000000d4100000| PB 0x00000000d4100000| Untracked 
|1346|0x00000000d4200000, 0x00000000d4200000, 0x00000000d4300000|  0%| F|  |TAMS 0x00000000d4200000| PB 0x00000000d4200000| Untracked 
|1347|0x00000000d4300000, 0x00000000d4300000, 0x00000000d4400000|  0%| F|  |TAMS 0x00000000d4300000| PB 0x00000000d4300000| Untracked 
|1348|0x00000000d4400000, 0x00000000d4400000, 0x00000000d4500000|  0%| F|  |TAMS 0x00000000d4400000| PB 0x00000000d4400000| Untracked 
|1349|0x00000000d4500000, 0x00000000d4500000, 0x00000000d4600000|  0%| F|  |TAMS 0x00000000d4500000| PB 0x00000000d4500000| Untracked 
|1350|0x00000000d4600000, 0x00000000d4600000, 0x00000000d4700000|  0%| F|  |TAMS 0x00000000d4600000| PB 0x00000000d4600000| Untracked 
|1351|0x00000000d4700000, 0x00000000d4700000, 0x00000000d4800000|  0%| F|  |TAMS 0x00000000d4700000| PB 0x00000000d4700000| Untracked 
|1352|0x00000000d4800000, 0x00000000d4800000, 0x00000000d4900000|  0%| F|  |TAMS 0x00000000d4800000| PB 0x00000000d4800000| Untracked 
|1353|0x00000000d4900000, 0x00000000d4900000, 0x00000000d4a00000|  0%| F|  |TAMS 0x00000000d4900000| PB 0x00000000d4900000| Untracked 
|1354|0x00000000d4a00000, 0x00000000d4a00000, 0x00000000d4b00000|  0%| F|  |TAMS 0x00000000d4a00000| PB 0x00000000d4a00000| Untracked 
|1355|0x00000000d4b00000, 0x00000000d4b00000, 0x00000000d4c00000|  0%| F|  |TAMS 0x00000000d4b00000| PB 0x00000000d4b00000| Untracked 
|1356|0x00000000d4c00000, 0x00000000d4c00000, 0x00000000d4d00000|  0%| F|  |TAMS 0x00000000d4c00000| PB 0x00000000d4c00000| Untracked 
|1357|0x00000000d4d00000, 0x00000000d4d00000, 0x00000000d4e00000|  0%| F|  |TAMS 0x00000000d4d00000| PB 0x00000000d4d00000| Untracked 
|1358|0x00000000d4e00000, 0x00000000d4e00000, 0x00000000d4f00000|  0%| F|  |TAMS 0x00000000d4e00000| PB 0x00000000d4e00000| Untracked 
|1359|0x00000000d4f00000, 0x00000000d4f00000, 0x00000000d5000000|  0%| F|  |TAMS 0x00000000d4f00000| PB 0x00000000d4f00000| Untracked 
|1360|0x00000000d5000000, 0x00000000d5000000, 0x00000000d5100000|  0%| F|  |TAMS 0x00000000d5000000| PB 0x00000000d5000000| Untracked 
|1361|0x00000000d5100000, 0x00000000d5200000, 0x00000000d5200000|100%| O|  |TAMS 0x00000000d5100000| PB 0x00000000d5100000| Untracked 
|1362|0x00000000d5200000, 0x00000000d5300000, 0x00000000d5300000|100%| O|  |TAMS 0x00000000d5200000| PB 0x00000000d5200000| Untracked 
|1363|0x00000000d5300000, 0x00000000d5400000, 0x00000000d5400000|100%| O|  |TAMS 0x00000000d5300000| PB 0x00000000d5300000| Untracked 
|1364|0x00000000d5400000, 0x00000000d5500000, 0x00000000d5500000|100%| O|  |TAMS 0x00000000d5400000| PB 0x00000000d5400000| Untracked 
|1365|0x00000000d5500000, 0x00000000d5600000, 0x00000000d5600000|100%| O|  |TAMS 0x00000000d5500000| PB 0x00000000d5500000| Untracked 
|1366|0x00000000d5600000, 0x00000000d5700000, 0x00000000d5700000|100%| O|  |TAMS 0x00000000d5700000| PB 0x00000000d5600000| Updating 
|1367|0x00000000d5700000, 0x00000000d5800000, 0x00000000d5800000|100%| O|  |TAMS 0x00000000d5800000| PB 0x00000000d5700000| Updating 
|1368|0x00000000d5800000, 0x00000000d5800000, 0x00000000d5900000|  0%| F|  |TAMS 0x00000000d5800000| PB 0x00000000d5800000| Untracked 
|1369|0x00000000d5900000, 0x00000000d5900000, 0x00000000d5a00000|  0%| F|  |TAMS 0x00000000d5900000| PB 0x00000000d5900000| Untracked 
|1370|0x00000000d5a00000, 0x00000000d5a00000, 0x00000000d5b00000|  0%| F|  |TAMS 0x00000000d5a00000| PB 0x00000000d5a00000| Untracked 
|1371|0x00000000d5b00000, 0x00000000d5b00000, 0x00000000d5c00000|  0%| F|  |TAMS 0x00000000d5b00000| PB 0x00000000d5b00000| Untracked 
|1372|0x00000000d5c00000, 0x00000000d5c00000, 0x00000000d5d00000|  0%| F|  |TAMS 0x00000000d5c00000| PB 0x00000000d5c00000| Untracked 
|1373|0x00000000d5d00000, 0x00000000d5d00000, 0x00000000d5e00000|  0%| F|  |TAMS 0x00000000d5d00000| PB 0x00000000d5d00000| Untracked 
|1374|0x00000000d5e00000, 0x00000000d5e00000, 0x00000000d5f00000|  0%| F|  |TAMS 0x00000000d5e00000| PB 0x00000000d5e00000| Untracked 
|1375|0x00000000d5f00000, 0x00000000d5f00000, 0x00000000d6000000|  0%| F|  |TAMS 0x00000000d5f00000| PB 0x00000000d5f00000| Untracked 
|1376|0x00000000d6000000, 0x00000000d6000000, 0x00000000d6100000|  0%| F|  |TAMS 0x00000000d6000000| PB 0x00000000d6000000| Untracked 
|1377|0x00000000d6100000, 0x00000000d6100000, 0x00000000d6200000|  0%| F|  |TAMS 0x00000000d6100000| PB 0x00000000d6100000| Untracked 
|1378|0x00000000d6200000, 0x00000000d6200000, 0x00000000d6300000|  0%| F|  |TAMS 0x00000000d6200000| PB 0x00000000d6200000| Untracked 
|1379|0x00000000d6300000, 0x00000000d6300000, 0x00000000d6400000|  0%| F|  |TAMS 0x00000000d6300000| PB 0x00000000d6300000| Untracked 
|1380|0x00000000d6400000, 0x00000000d6400000, 0x00000000d6500000|  0%| F|  |TAMS 0x00000000d6400000| PB 0x00000000d6400000| Untracked 
|1381|0x00000000d6500000, 0x00000000d6500000, 0x00000000d6600000|  0%| F|  |TAMS 0x00000000d6500000| PB 0x00000000d6500000| Untracked 
|1382|0x00000000d6600000, 0x00000000d6600000, 0x00000000d6700000|  0%| F|  |TAMS 0x00000000d6600000| PB 0x00000000d6600000| Untracked 
|1383|0x00000000d6700000, 0x00000000d6700000, 0x00000000d6800000|  0%| F|  |TAMS 0x00000000d6700000| PB 0x00000000d6700000| Untracked 
|1384|0x00000000d6800000, 0x00000000d6800000, 0x00000000d6900000|  0%| F|  |TAMS 0x00000000d6800000| PB 0x00000000d6800000| Untracked 
|1385|0x00000000d6900000, 0x00000000d6900000, 0x00000000d6a00000|  0%| F|  |TAMS 0x00000000d6900000| PB 0x00000000d6900000| Untracked 
|1386|0x00000000d6a00000, 0x00000000d6a00000, 0x00000000d6b00000|  0%| F|  |TAMS 0x00000000d6a00000| PB 0x00000000d6a00000| Untracked 
|1387|0x00000000d6b00000, 0x00000000d6b00000, 0x00000000d6c00000|  0%| F|  |TAMS 0x00000000d6b00000| PB 0x00000000d6b00000| Untracked 
|1388|0x00000000d6c00000, 0x00000000d6c00000, 0x00000000d6d00000|  0%| F|  |TAMS 0x00000000d6c00000| PB 0x00000000d6c00000| Untracked 
|1389|0x00000000d6d00000, 0x00000000d6d00000, 0x00000000d6e00000|  0%| F|  |TAMS 0x00000000d6d00000| PB 0x00000000d6d00000| Untracked 
|1390|0x00000000d6e00000, 0x00000000d6f00000, 0x00000000d6f00000|100%| O|  |TAMS 0x00000000d6e00000| PB 0x00000000d6e00000| Untracked 
|1391|0x00000000d6f00000, 0x00000000d7000000, 0x00000000d7000000|100%| O|  |TAMS 0x00000000d6f00000| PB 0x00000000d6f00000| Untracked 
|1392|0x00000000d7000000, 0x00000000d7100000, 0x00000000d7100000|100%| O|  |TAMS 0x00000000d7000000| PB 0x00000000d7000000| Untracked 
|1393|0x00000000d7100000, 0x00000000d7200000, 0x00000000d7200000|100%| O|  |TAMS 0x00000000d7100000| PB 0x00000000d7100000| Untracked 
|1394|0x00000000d7200000, 0x00000000d7300000, 0x00000000d7300000|100%| O|  |TAMS 0x00000000d7200000| PB 0x00000000d7200000| Untracked 
|1395|0x00000000d7300000, 0x00000000d7400000, 0x00000000d7400000|100%| O|  |TAMS 0x00000000d7300000| PB 0x00000000d7300000| Untracked 
|1396|0x00000000d7400000, 0x00000000d7500000, 0x00000000d7500000|100%| O|  |TAMS 0x00000000d7400000| PB 0x00000000d7400000| Untracked 
|1397|0x00000000d7500000, 0x00000000d7600000, 0x00000000d7600000|100%| O|  |TAMS 0x00000000d7500000| PB 0x00000000d7500000| Untracked 
|1398|0x00000000d7600000, 0x00000000d7700000, 0x00000000d7700000|100%| O|  |TAMS 0x00000000d7600000| PB 0x00000000d7600000| Untracked 
|1399|0x00000000d7700000, 0x00000000d7800000, 0x00000000d7800000|100%| O|  |TAMS 0x00000000d7700000| PB 0x00000000d7700000| Untracked 
|1400|0x00000000d7800000, 0x00000000d7900000, 0x00000000d7900000|100%| O|  |TAMS 0x00000000d7800000| PB 0x00000000d7800000| Untracked 
|1401|0x00000000d7900000, 0x00000000d7a00000, 0x00000000d7a00000|100%| O|  |TAMS 0x00000000d7a00000| PB 0x00000000d7900000| Updating 
|1402|0x00000000d7a00000, 0x00000000d7b00000, 0x00000000d7b00000|100%|HS|  |TAMS 0x00000000d7a00000| PB 0x00000000d7a00000| Complete 
|1403|0x00000000d7b00000, 0x00000000d7c00000, 0x00000000d7c00000|100%|HC|  |TAMS 0x00000000d7b00000| PB 0x00000000d7b00000| Complete 
|1404|0x00000000d7c00000, 0x00000000d7d00000, 0x00000000d7d00000|100%|HC|  |TAMS 0x00000000d7c00000| PB 0x00000000d7c00000| Complete 
|1405|0x00000000d7d00000, 0x00000000d7e00000, 0x00000000d7e00000|100%|HC|  |TAMS 0x00000000d7d00000| PB 0x00000000d7d00000| Complete 
|1406|0x00000000d7e00000, 0x00000000d7f00000, 0x00000000d7f00000|100%|HC|  |TAMS 0x00000000d7e00000| PB 0x00000000d7e00000| Complete 
|1407|0x00000000d7f00000, 0x00000000d8000000, 0x00000000d8000000|100%|HC|  |TAMS 0x00000000d7f00000| PB 0x00000000d7f00000| Complete 
|1408|0x00000000d8000000, 0x00000000d8100000, 0x00000000d8100000|100%|HC|  |TAMS 0x00000000d8000000| PB 0x00000000d8000000| Complete 
|1409|0x00000000d8100000, 0x00000000d8200000, 0x00000000d8200000|100%|HC|  |TAMS 0x00000000d8100000| PB 0x00000000d8100000| Complete 
|1410|0x00000000d8200000, 0x00000000d8300000, 0x00000000d8300000|100%|HC|  |TAMS 0x00000000d8200000| PB 0x00000000d8200000| Complete 
|1411|0x00000000d8300000, 0x00000000d8400000, 0x00000000d8400000|100%|HC|  |TAMS 0x00000000d8300000| PB 0x00000000d8300000| Complete 
|1412|0x00000000d8400000, 0x00000000d8500000, 0x00000000d8500000|100%|HC|  |TAMS 0x00000000d8400000| PB 0x00000000d8400000| Complete 
|1413|0x00000000d8500000, 0x00000000d8600000, 0x00000000d8600000|100%|HC|  |TAMS 0x00000000d8500000| PB 0x00000000d8500000| Complete 
|1414|0x00000000d8600000, 0x00000000d8700000, 0x00000000d8700000|100%|HC|  |TAMS 0x00000000d8600000| PB 0x00000000d8600000| Complete 
|1415|0x00000000d8700000, 0x00000000d8800000, 0x00000000d8800000|100%|HC|  |TAMS 0x00000000d8700000| PB 0x00000000d8700000| Complete 
|1416|0x00000000d8800000, 0x00000000d8900000, 0x00000000d8900000|100%|HC|  |TAMS 0x00000000d8800000| PB 0x00000000d8800000| Complete 
|1417|0x00000000d8900000, 0x00000000d8a00000, 0x00000000d8a00000|100%|HC|  |TAMS 0x00000000d8900000| PB 0x00000000d8900000| Complete 
|1418|0x00000000d8a00000, 0x00000000d8b00000, 0x00000000d8b00000|100%|HC|  |TAMS 0x00000000d8a00000| PB 0x00000000d8a00000| Complete 
|1419|0x00000000d8b00000, 0x00000000d8c00000, 0x00000000d8c00000|100%|HC|  |TAMS 0x00000000d8b00000| PB 0x00000000d8b00000| Complete 
|1420|0x00000000d8c00000, 0x00000000d8d00000, 0x00000000d8d00000|100%|HC|  |TAMS 0x00000000d8c00000| PB 0x00000000d8c00000| Complete 
|1421|0x00000000d8d00000, 0x00000000d8e00000, 0x00000000d8e00000|100%|HC|  |TAMS 0x00000000d8d00000| PB 0x00000000d8d00000| Complete 
|1422|0x00000000d8e00000, 0x00000000d8f00000, 0x00000000d8f00000|100%|HC|  |TAMS 0x00000000d8e00000| PB 0x00000000d8e00000| Complete 
|1423|0x00000000d8f00000, 0x00000000d9000000, 0x00000000d9000000|100%|HC|  |TAMS 0x00000000d8f00000| PB 0x00000000d8f00000| Complete 
|1424|0x00000000d9000000, 0x00000000d9100000, 0x00000000d9100000|100%|HC|  |TAMS 0x00000000d9000000| PB 0x00000000d9000000| Complete 
|1425|0x00000000d9100000, 0x00000000d9200000, 0x00000000d9200000|100%|HC|  |TAMS 0x00000000d9100000| PB 0x00000000d9100000| Complete 
|1426|0x00000000d9200000, 0x00000000d9300000, 0x00000000d9300000|100%|HC|  |TAMS 0x00000000d9200000| PB 0x00000000d9200000| Complete 
|1427|0x00000000d9300000, 0x00000000d9400000, 0x00000000d9400000|100%|HC|  |TAMS 0x00000000d9300000| PB 0x00000000d9300000| Complete 
|1428|0x00000000d9400000, 0x00000000d9500000, 0x00000000d9500000|100%|HC|  |TAMS 0x00000000d9400000| PB 0x00000000d9400000| Complete 
|1429|0x00000000d9500000, 0x00000000d9600000, 0x00000000d9600000|100%|HC|  |TAMS 0x00000000d9500000| PB 0x00000000d9500000| Complete 
|1430|0x00000000d9600000, 0x00000000d9700000, 0x00000000d9700000|100%|HC|  |TAMS 0x00000000d9600000| PB 0x00000000d9600000| Complete 
|1431|0x00000000d9700000, 0x00000000d9800000, 0x00000000d9800000|100%|HC|  |TAMS 0x00000000d9700000| PB 0x00000000d9700000| Complete 
|1432|0x00000000d9800000, 0x00000000d9900000, 0x00000000d9900000|100%|HC|  |TAMS 0x00000000d9800000| PB 0x00000000d9800000| Complete 
|1433|0x00000000d9900000, 0x00000000d9a00000, 0x00000000d9a00000|100%|HC|  |TAMS 0x00000000d9900000| PB 0x00000000d9900000| Complete 
|1434|0x00000000d9a00000, 0x00000000d9b00000, 0x00000000d9b00000|100%|HC|  |TAMS 0x00000000d9a00000| PB 0x00000000d9a00000| Complete 
|1435|0x00000000d9b00000, 0x00000000d9c00000, 0x00000000d9c00000|100%|HC|  |TAMS 0x00000000d9b00000| PB 0x00000000d9b00000| Complete 
|1436|0x00000000d9c00000, 0x00000000d9d00000, 0x00000000d9d00000|100%|HS|  |TAMS 0x00000000d9c00000| PB 0x00000000d9c00000| Complete 
|1437|0x00000000d9d00000, 0x00000000d9e00000, 0x00000000d9e00000|100%|HC|  |TAMS 0x00000000d9d00000| PB 0x00000000d9d00000| Complete 
|1438|0x00000000d9e00000, 0x00000000d9f00000, 0x00000000d9f00000|100%|HC|  |TAMS 0x00000000d9e00000| PB 0x00000000d9e00000| Complete 
|1439|0x00000000d9f00000, 0x00000000da000000, 0x00000000da000000|100%|HC|  |TAMS 0x00000000d9f00000| PB 0x00000000d9f00000| Complete 
|1440|0x00000000da000000, 0x00000000da100000, 0x00000000da100000|100%|HC|  |TAMS 0x00000000da000000| PB 0x00000000da000000| Complete 
|1441|0x00000000da100000, 0x00000000da200000, 0x00000000da200000|100%|HC|  |TAMS 0x00000000da100000| PB 0x00000000da100000| Complete 
|1442|0x00000000da200000, 0x00000000da300000, 0x00000000da300000|100%|HC|  |TAMS 0x00000000da200000| PB 0x00000000da200000| Complete 
|1443|0x00000000da300000, 0x00000000da400000, 0x00000000da400000|100%|HC|  |TAMS 0x00000000da300000| PB 0x00000000da300000| Complete 
|1444|0x00000000da400000, 0x00000000da500000, 0x00000000da500000|100%|HC|  |TAMS 0x00000000da400000| PB 0x00000000da400000| Complete 
|1445|0x00000000da500000, 0x00000000da600000, 0x00000000da600000|100%|HC|  |TAMS 0x00000000da500000| PB 0x00000000da500000| Complete 
|1446|0x00000000da600000, 0x00000000da700000, 0x00000000da700000|100%|HC|  |TAMS 0x00000000da600000| PB 0x00000000da600000| Complete 
|1447|0x00000000da700000, 0x00000000da800000, 0x00000000da800000|100%|HC|  |TAMS 0x00000000da700000| PB 0x00000000da700000| Complete 
|1448|0x00000000da800000, 0x00000000da900000, 0x00000000da900000|100%|HC|  |TAMS 0x00000000da800000| PB 0x00000000da800000| Complete 
|1449|0x00000000da900000, 0x00000000daa00000, 0x00000000daa00000|100%|HC|  |TAMS 0x00000000da900000| PB 0x00000000da900000| Complete 
|1450|0x00000000daa00000, 0x00000000dab00000, 0x00000000dab00000|100%|HC|  |TAMS 0x00000000daa00000| PB 0x00000000daa00000| Complete 
|1451|0x00000000dab00000, 0x00000000dac00000, 0x00000000dac00000|100%|HC|  |TAMS 0x00000000dab00000| PB 0x00000000dab00000| Complete 
|1452|0x00000000dac00000, 0x00000000dad00000, 0x00000000dad00000|100%|HC|  |TAMS 0x00000000dac00000| PB 0x00000000dac00000| Complete 
|1453|0x00000000dad00000, 0x00000000dae00000, 0x00000000dae00000|100%|HC|  |TAMS 0x00000000dad00000| PB 0x00000000dad00000| Complete 
|1454|0x00000000dae00000, 0x00000000daf00000, 0x00000000daf00000|100%|HC|  |TAMS 0x00000000dae00000| PB 0x00000000dae00000| Complete 
|1455|0x00000000daf00000, 0x00000000db000000, 0x00000000db000000|100%|HC|  |TAMS 0x00000000daf00000| PB 0x00000000daf00000| Complete 
|1456|0x00000000db000000, 0x00000000db100000, 0x00000000db100000|100%|HC|  |TAMS 0x00000000db000000| PB 0x00000000db000000| Complete 
|1457|0x00000000db100000, 0x00000000db200000, 0x00000000db200000|100%|HC|  |TAMS 0x00000000db100000| PB 0x00000000db100000| Complete 
|1458|0x00000000db200000, 0x00000000db300000, 0x00000000db300000|100%|HC|  |TAMS 0x00000000db200000| PB 0x00000000db200000| Complete 
|1459|0x00000000db300000, 0x00000000db400000, 0x00000000db400000|100%|HC|  |TAMS 0x00000000db300000| PB 0x00000000db300000| Complete 
|1460|0x00000000db400000, 0x00000000db500000, 0x00000000db500000|100%| O|  |TAMS 0x00000000db400000| PB 0x00000000db400000| Untracked 
|1461|0x00000000db500000, 0x00000000db600000, 0x00000000db600000|100%| O|  |TAMS 0x00000000db500000| PB 0x00000000db500000| Untracked 
|1462|0x00000000db600000, 0x00000000db700000, 0x00000000db700000|100%| O|  |TAMS 0x00000000db600000| PB 0x00000000db600000| Untracked 
|1463|0x00000000db700000, 0x00000000db800000, 0x00000000db800000|100%| O|  |TAMS 0x00000000db700000| PB 0x00000000db700000| Untracked 
|1464|0x00000000db800000, 0x00000000db900000, 0x00000000db900000|100%| O|  |TAMS 0x00000000db800000| PB 0x00000000db800000| Untracked 
|1465|0x00000000db900000, 0x00000000dba00000, 0x00000000dba00000|100%| O|  |TAMS 0x00000000db900000| PB 0x00000000db900000| Untracked 
|1466|0x00000000dba00000, 0x00000000dbb00000, 0x00000000dbb00000|100%| O|  |TAMS 0x00000000dba00000| PB 0x00000000dba00000| Untracked 
|1467|0x00000000dbb00000, 0x00000000dbc00000, 0x00000000dbc00000|100%| O|  |TAMS 0x00000000dbb00000| PB 0x00000000dbb00000| Untracked 
|1468|0x00000000dbc00000, 0x00000000dbd00000, 0x00000000dbd00000|100%| O|  |TAMS 0x00000000dbc00000| PB 0x00000000dbc00000| Untracked 
|1469|0x00000000dbd00000, 0x00000000dbe00000, 0x00000000dbe00000|100%| O|  |TAMS 0x00000000dbd00000| PB 0x00000000dbd00000| Untracked 
|1470|0x00000000dbe00000, 0x00000000dbf00000, 0x00000000dbf00000|100%| O|  |TAMS 0x00000000dbe00000| PB 0x00000000dbe00000| Untracked 
|1471|0x00000000dbf00000, 0x00000000dc000000, 0x00000000dc000000|100%| O|  |TAMS 0x00000000dbf00000| PB 0x00000000dbf00000| Untracked 
|1472|0x00000000dc000000, 0x00000000dc100000, 0x00000000dc100000|100%| O|  |TAMS 0x00000000dc000000| PB 0x00000000dc000000| Untracked 
|1473|0x00000000dc100000, 0x00000000dc200000, 0x00000000dc200000|100%| O|  |TAMS 0x00000000dc100000| PB 0x00000000dc100000| Untracked 
|1474|0x00000000dc200000, 0x00000000dc300000, 0x00000000dc300000|100%| O|  |TAMS 0x00000000dc200000| PB 0x00000000dc200000| Untracked 
|1475|0x00000000dc300000, 0x00000000dc400000, 0x00000000dc400000|100%| O|  |TAMS 0x00000000dc300000| PB 0x00000000dc300000| Untracked 
|1476|0x00000000dc400000, 0x00000000dc500000, 0x00000000dc500000|100%| O|  |TAMS 0x00000000dc400000| PB 0x00000000dc400000| Untracked 
|1477|0x00000000dc500000, 0x00000000dc600000, 0x00000000dc600000|100%| O|  |TAMS 0x00000000dc500000| PB 0x00000000dc500000| Untracked 
|1478|0x00000000dc600000, 0x00000000dc700000, 0x00000000dc700000|100%| O|  |TAMS 0x00000000dc600000| PB 0x00000000dc600000| Untracked 
|1479|0x00000000dc700000, 0x00000000dc800000, 0x00000000dc800000|100%| O|  |TAMS 0x00000000dc700000| PB 0x00000000dc700000| Untracked 
|1480|0x00000000dc800000, 0x00000000dc900000, 0x00000000dc900000|100%| O|  |TAMS 0x00000000dc800000| PB 0x00000000dc800000| Untracked 
|1481|0x00000000dc900000, 0x00000000dca00000, 0x00000000dca00000|100%| O|  |TAMS 0x00000000dca00000| PB 0x00000000dc900000| Updating 
|1482|0x00000000dca00000, 0x00000000dcb00000, 0x00000000dcb00000|100%| O|  |TAMS 0x00000000dca00000| PB 0x00000000dca00000| Untracked 
|1483|0x00000000dcb00000, 0x00000000dcc00000, 0x00000000dcc00000|100%| O|  |TAMS 0x00000000dcb00000| PB 0x00000000dcb00000| Untracked 
|1484|0x00000000dcc00000, 0x00000000dcd00000, 0x00000000dcd00000|100%| O|  |TAMS 0x00000000dcc00000| PB 0x00000000dcc00000| Untracked 
|1485|0x00000000dcd00000, 0x00000000dce00000, 0x00000000dce00000|100%| O|  |TAMS 0x00000000dcd00000| PB 0x00000000dcd00000| Untracked 
|1486|0x00000000dce00000, 0x00000000dcf00000, 0x00000000dcf00000|100%| O|  |TAMS 0x00000000dce00000| PB 0x00000000dce00000| Untracked 
|1487|0x00000000dcf00000, 0x00000000dd000000, 0x00000000dd000000|100%| O|  |TAMS 0x00000000dcf00000| PB 0x00000000dcf00000| Untracked 
|1488|0x00000000dd000000, 0x00000000dd100000, 0x00000000dd100000|100%| O|  |TAMS 0x00000000dd000000| PB 0x00000000dd000000| Untracked 
|1489|0x00000000dd100000, 0x00000000dd200000, 0x00000000dd200000|100%| O|  |TAMS 0x00000000dd200000| PB 0x00000000dd200000| Updating 
|1490|0x00000000dd200000, 0x00000000dd300000, 0x00000000dd300000|100%| O|  |TAMS 0x00000000dd200000| PB 0x00000000dd200000| Untracked 
|1491|0x00000000dd300000, 0x00000000dd400000, 0x00000000dd400000|100%| O|  |TAMS 0x00000000dd300000| PB 0x00000000dd300000| Untracked 
|1492|0x00000000dd400000, 0x00000000dd500000, 0x00000000dd500000|100%| O|  |TAMS 0x00000000dd400000| PB 0x00000000dd400000| Untracked 
|1493|0x00000000dd500000, 0x00000000dd600000, 0x00000000dd600000|100%| O|  |TAMS 0x00000000dd500000| PB 0x00000000dd500000| Untracked 
|1494|0x00000000dd600000, 0x00000000dd700000, 0x00000000dd700000|100%| O|  |TAMS 0x00000000dd600000| PB 0x00000000dd600000| Untracked 
|1495|0x00000000dd700000, 0x00000000dd800000, 0x00000000dd800000|100%| O|  |TAMS 0x00000000dd700000| PB 0x00000000dd700000| Untracked 
|1496|0x00000000dd800000, 0x00000000dd900000, 0x00000000dd900000|100%| O|  |TAMS 0x00000000dd800000| PB 0x00000000dd800000| Untracked 
|1497|0x00000000dd900000, 0x00000000dda00000, 0x00000000dda00000|100%| O|  |TAMS 0x00000000dd900000| PB 0x00000000dd900000| Untracked 
|1498|0x00000000dda00000, 0x00000000ddb00000, 0x00000000ddb00000|100%| O|  |TAMS 0x00000000dda00000| PB 0x00000000dda00000| Untracked 
|1499|0x00000000ddb00000, 0x00000000ddc00000, 0x00000000ddc00000|100%| O|  |TAMS 0x00000000ddb00000| PB 0x00000000ddb00000| Untracked 
|1500|0x00000000ddc00000, 0x00000000ddc00000, 0x00000000ddd00000|  0%| F|  |TAMS 0x00000000ddc00000| PB 0x00000000ddc00000| Untracked 
|1501|0x00000000ddd00000, 0x00000000dde00000, 0x00000000dde00000|100%| O|  |TAMS 0x00000000ddd00000| PB 0x00000000ddd00000| Untracked 
|1502|0x00000000dde00000, 0x00000000ddf00000, 0x00000000ddf00000|100%| O|  |TAMS 0x00000000dde00000| PB 0x00000000dde00000| Untracked 
|1503|0x00000000ddf00000, 0x00000000de000000, 0x00000000de000000|100%| O|  |TAMS 0x00000000ddf00000| PB 0x00000000ddf00000| Untracked 
|1504|0x00000000de000000, 0x00000000de100000, 0x00000000de100000|100%| O|  |TAMS 0x00000000de000000| PB 0x00000000de000000| Untracked 
|1505|0x00000000de100000, 0x00000000de200000, 0x00000000de200000|100%| O|  |TAMS 0x00000000de100000| PB 0x00000000de100000| Untracked 
|1506|0x00000000de200000, 0x00000000de300000, 0x00000000de300000|100%| O|  |TAMS 0x00000000de200000| PB 0x00000000de200000| Untracked 
|1507|0x00000000de300000, 0x00000000de400000, 0x00000000de400000|100%| O|  |TAMS 0x00000000de300000| PB 0x00000000de300000| Untracked 
|1508|0x00000000de400000, 0x00000000de500000, 0x00000000de500000|100%| O|  |TAMS 0x00000000de400000| PB 0x00000000de400000| Untracked 
|1509|0x00000000de500000, 0x00000000de600000, 0x00000000de600000|100%| O|  |TAMS 0x00000000de500000| PB 0x00000000de500000| Untracked 
|1510|0x00000000de600000, 0x00000000de700000, 0x00000000de700000|100%| O|  |TAMS 0x00000000de600000| PB 0x00000000de600000| Untracked 
|1511|0x00000000de700000, 0x00000000de800000, 0x00000000de800000|100%| O|  |TAMS 0x00000000de700000| PB 0x00000000de700000| Untracked 
|1512|0x00000000de800000, 0x00000000de900000, 0x00000000de900000|100%| O|  |TAMS 0x00000000de800000| PB 0x00000000de800000| Untracked 
|1513|0x00000000de900000, 0x00000000dea00000, 0x00000000dea00000|100%| O|  |TAMS 0x00000000de900000| PB 0x00000000de900000| Untracked 
|1514|0x00000000dea00000, 0x00000000deb00000, 0x00000000deb00000|100%| O|  |TAMS 0x00000000dea00000| PB 0x00000000dea00000| Untracked 
|1515|0x00000000deb00000, 0x00000000dec00000, 0x00000000dec00000|100%| O|  |TAMS 0x00000000deb00000| PB 0x00000000deb00000| Untracked 
|1516|0x00000000dec00000, 0x00000000ded00000, 0x00000000ded00000|100%| O|  |TAMS 0x00000000dec00000| PB 0x00000000dec00000| Untracked 
|1517|0x00000000ded00000, 0x00000000dee00000, 0x00000000dee00000|100%| O|  |TAMS 0x00000000dee00000| PB 0x00000000dee00000| Updating 
|1518|0x00000000dee00000, 0x00000000def00000, 0x00000000def00000|100%| O|  |TAMS 0x00000000dee00000| PB 0x00000000dee00000| Untracked 
|1519|0x00000000def00000, 0x00000000df000000, 0x00000000df000000|100%| O|  |TAMS 0x00000000def00000| PB 0x00000000def00000| Untracked 
|1520|0x00000000df000000, 0x00000000df100000, 0x00000000df100000|100%| O|  |TAMS 0x00000000df000000| PB 0x00000000df000000| Untracked 
|1521|0x00000000df100000, 0x00000000df200000, 0x00000000df200000|100%| O|  |TAMS 0x00000000df100000| PB 0x00000000df100000| Untracked 
|1522|0x00000000df200000, 0x00000000df300000, 0x00000000df300000|100%| O|  |TAMS 0x00000000df200000| PB 0x00000000df200000| Untracked 
|1523|0x00000000df300000, 0x00000000df400000, 0x00000000df400000|100%| O|  |TAMS 0x00000000df300000| PB 0x00000000df300000| Untracked 
|1524|0x00000000df400000, 0x00000000df500000, 0x00000000df500000|100%| O|  |TAMS 0x00000000df400000| PB 0x00000000df400000| Untracked 
|1525|0x00000000df500000, 0x00000000df600000, 0x00000000df600000|100%| O|  |TAMS 0x00000000df500000| PB 0x00000000df500000| Untracked 
|1526|0x00000000df600000, 0x00000000df700000, 0x00000000df700000|100%| O|  |TAMS 0x00000000df600000| PB 0x00000000df600000| Untracked 
|1527|0x00000000df700000, 0x00000000df800000, 0x00000000df800000|100%| O|  |TAMS 0x00000000df700000| PB 0x00000000df700000| Untracked 
|1528|0x00000000df800000, 0x00000000df900000, 0x00000000df900000|100%| O|  |TAMS 0x00000000df800000| PB 0x00000000df800000| Untracked 
|1529|0x00000000df900000, 0x00000000dfa00000, 0x00000000dfa00000|100%| O|  |TAMS 0x00000000df900000| PB 0x00000000df900000| Untracked 
|1530|0x00000000dfa00000, 0x00000000dfb00000, 0x00000000dfb00000|100%| O|  |TAMS 0x00000000dfa00000| PB 0x00000000dfa00000| Untracked 
|1531|0x00000000dfb00000, 0x00000000dfc00000, 0x00000000dfc00000|100%| O|  |TAMS 0x00000000dfc00000| PB 0x00000000dfc00000| Updating 
|1532|0x00000000dfc00000, 0x00000000dfd00000, 0x00000000dfd00000|100%| O|  |TAMS 0x00000000dfc00000| PB 0x00000000dfc00000| Untracked 
|1533|0x00000000dfd00000, 0x00000000dfe00000, 0x00000000dfe00000|100%| O|  |TAMS 0x00000000dfd00000| PB 0x00000000dfd00000| Untracked 
|1534|0x00000000dfe00000, 0x00000000dff00000, 0x00000000dff00000|100%| O|  |TAMS 0x00000000dfe00000| PB 0x00000000dfe00000| Untracked 
|1535|0x00000000dff00000, 0x00000000e0000000, 0x00000000e0000000|100%| O|  |TAMS 0x00000000dff00000| PB 0x00000000dff00000| Untracked 
|1536|0x00000000e0000000, 0x00000000e0100000, 0x00000000e0100000|100%| O|  |TAMS 0x00000000e0000000| PB 0x00000000e0000000| Untracked 
|1537|0x00000000e0100000, 0x00000000e0200000, 0x00000000e0200000|100%| O|  |TAMS 0x00000000e0100000| PB 0x00000000e0100000| Untracked 
|1538|0x00000000e0200000, 0x00000000e0300000, 0x00000000e0300000|100%| O|  |TAMS 0x00000000e0200000| PB 0x00000000e0200000| Untracked 
|1539|0x00000000e0300000, 0x00000000e0400000, 0x00000000e0400000|100%| O|  |TAMS 0x00000000e0300000| PB 0x00000000e0300000| Untracked 
|1540|0x00000000e0400000, 0x00000000e0500000, 0x00000000e0500000|100%| O|  |TAMS 0x00000000e0400000| PB 0x00000000e0400000| Untracked 
|1541|0x00000000e0500000, 0x00000000e0600000, 0x00000000e0600000|100%| O|  |TAMS 0x00000000e0500000| PB 0x00000000e0500000| Untracked 
|1542|0x00000000e0600000, 0x00000000e0700000, 0x00000000e0700000|100%| O|  |TAMS 0x00000000e0600000| PB 0x00000000e0600000| Untracked 
|1543|0x00000000e0700000, 0x00000000e0800000, 0x00000000e0800000|100%| O|  |TAMS 0x00000000e0700000| PB 0x00000000e0700000| Untracked 
|1544|0x00000000e0800000, 0x00000000e0800000, 0x00000000e0900000|  0%| F|  |TAMS 0x00000000e0800000| PB 0x00000000e0800000| Untracked 
|1545|0x00000000e0900000, 0x00000000e0900000, 0x00000000e0a00000|  0%| F|  |TAMS 0x00000000e0900000| PB 0x00000000e0900000| Untracked 
|1546|0x00000000e0a00000, 0x00000000e0a00000, 0x00000000e0b00000|  0%| F|  |TAMS 0x00000000e0a00000| PB 0x00000000e0a00000| Untracked 
|1547|0x00000000e0b00000, 0x00000000e0c00000, 0x00000000e0c00000|100%| O|  |TAMS 0x00000000e0b00000| PB 0x00000000e0b00000| Untracked 
|1548|0x00000000e0c00000, 0x00000000e0c00000, 0x00000000e0d00000|  0%| F|  |TAMS 0x00000000e0c00000| PB 0x00000000e0c00000| Untracked 
|1549|0x00000000e0d00000, 0x00000000e0d00000, 0x00000000e0e00000|  0%| F|  |TAMS 0x00000000e0d00000| PB 0x00000000e0d00000| Untracked 
|1550|0x00000000e0e00000, 0x00000000e0f00000, 0x00000000e0f00000|100%| O|  |TAMS 0x00000000e0e00000| PB 0x00000000e0e00000| Untracked 
|1551|0x00000000e0f00000, 0x00000000e0f00000, 0x00000000e1000000|  0%| F|  |TAMS 0x00000000e0f00000| PB 0x00000000e0f00000| Untracked 
|1552|0x00000000e1000000, 0x00000000e1000000, 0x00000000e1100000|  0%| F|  |TAMS 0x00000000e1000000| PB 0x00000000e1000000| Untracked 
|1553|0x00000000e1100000, 0x00000000e1100000, 0x00000000e1200000|  0%| F|  |TAMS 0x00000000e1100000| PB 0x00000000e1100000| Untracked 
|1554|0x00000000e1200000, 0x00000000e1200000, 0x00000000e1300000|  0%| F|  |TAMS 0x00000000e1200000| PB 0x00000000e1200000| Untracked 
|1555|0x00000000e1300000, 0x00000000e1300000, 0x00000000e1400000|  0%| F|  |TAMS 0x00000000e1300000| PB 0x00000000e1300000| Untracked 
|1556|0x00000000e1400000, 0x00000000e1400000, 0x00000000e1500000|  0%| F|  |TAMS 0x00000000e1400000| PB 0x00000000e1400000| Untracked 
|1557|0x00000000e1500000, 0x00000000e1500000, 0x00000000e1600000|  0%| F|  |TAMS 0x00000000e1500000| PB 0x00000000e1500000| Untracked 
|1558|0x00000000e1600000, 0x00000000e1600000, 0x00000000e1700000|  0%| F|  |TAMS 0x00000000e1600000| PB 0x00000000e1600000| Untracked 
|1559|0x00000000e1700000, 0x00000000e1700000, 0x00000000e1800000|  0%| F|  |TAMS 0x00000000e1700000| PB 0x00000000e1700000| Untracked 
|1560|0x00000000e1800000, 0x00000000e1900000, 0x00000000e1900000|100%| O|  |TAMS 0x00000000e1800000| PB 0x00000000e1800000| Untracked 
|1561|0x00000000e1900000, 0x00000000e1900000, 0x00000000e1a00000|  0%| F|  |TAMS 0x00000000e1900000| PB 0x00000000e1900000| Untracked 
|1562|0x00000000e1a00000, 0x00000000e1a00000, 0x00000000e1b00000|  0%| F|  |TAMS 0x00000000e1a00000| PB 0x00000000e1a00000| Untracked 
|1563|0x00000000e1b00000, 0x00000000e1b00000, 0x00000000e1c00000|  0%| F|  |TAMS 0x00000000e1b00000| PB 0x00000000e1b00000| Untracked 
|1564|0x00000000e1c00000, 0x00000000e1c00000, 0x00000000e1d00000|  0%| F|  |TAMS 0x00000000e1c00000| PB 0x00000000e1c00000| Untracked 
|1565|0x00000000e1d00000, 0x00000000e1d00000, 0x00000000e1e00000|  0%| F|  |TAMS 0x00000000e1d00000| PB 0x00000000e1d00000| Untracked 
|1566|0x00000000e1e00000, 0x00000000e1e00000, 0x00000000e1f00000|  0%| F|  |TAMS 0x00000000e1e00000| PB 0x00000000e1e00000| Untracked 
|1567|0x00000000e1f00000, 0x00000000e1f00000, 0x00000000e2000000|  0%| F|  |TAMS 0x00000000e1f00000| PB 0x00000000e1f00000| Untracked 
|1568|0x00000000e2000000, 0x00000000e2000000, 0x00000000e2100000|  0%| F|  |TAMS 0x00000000e2000000| PB 0x00000000e2000000| Untracked 
|1569|0x00000000e2100000, 0x00000000e2100000, 0x00000000e2200000|  0%| F|  |TAMS 0x00000000e2100000| PB 0x00000000e2100000| Untracked 
|1570|0x00000000e2200000, 0x00000000e2200000, 0x00000000e2300000|  0%| F|  |TAMS 0x00000000e2200000| PB 0x00000000e2200000| Untracked 
|1571|0x00000000e2300000, 0x00000000e2400000, 0x00000000e2400000|100%| O|  |TAMS 0x00000000e2400000| PB 0x00000000e2400000| Untracked 
|1572|0x00000000e2400000, 0x00000000e2400000, 0x00000000e2500000|  0%| F|  |TAMS 0x00000000e2400000| PB 0x00000000e2400000| Untracked 
|1573|0x00000000e2500000, 0x00000000e2600000, 0x00000000e2600000|100%| O|  |TAMS 0x00000000e2600000| PB 0x00000000e2600000| Updating 
|1574|0x00000000e2600000, 0x00000000e2600000, 0x00000000e2700000|  0%| F|  |TAMS 0x00000000e2600000| PB 0x00000000e2600000| Untracked 
|1575|0x00000000e2700000, 0x00000000e2700000, 0x00000000e2800000|  0%| F|  |TAMS 0x00000000e2700000| PB 0x00000000e2700000| Untracked 
|1576|0x00000000e2800000, 0x00000000e2800000, 0x00000000e2900000|  0%| F|  |TAMS 0x00000000e2800000| PB 0x00000000e2800000| Untracked 
|1577|0x00000000e2900000, 0x00000000e2900000, 0x00000000e2a00000|  0%| F|  |TAMS 0x00000000e2900000| PB 0x00000000e2900000| Untracked 
|1578|0x00000000e2a00000, 0x00000000e2a00000, 0x00000000e2b00000|  0%| F|  |TAMS 0x00000000e2a00000| PB 0x00000000e2a00000| Untracked 
|1579|0x00000000e2b00000, 0x00000000e2b00000, 0x00000000e2c00000|  0%| F|  |TAMS 0x00000000e2b00000| PB 0x00000000e2b00000| Untracked 
|1580|0x00000000e2c00000, 0x00000000e2c00000, 0x00000000e2d00000|  0%| F|  |TAMS 0x00000000e2c00000| PB 0x00000000e2c00000| Untracked 
|1581|0x00000000e2d00000, 0x00000000e2e00000, 0x00000000e2e00000|100%| O|  |TAMS 0x00000000e2e00000| PB 0x00000000e2e00000| Untracked 
|1582|0x00000000e2e00000, 0x00000000e2e00000, 0x00000000e2f00000|  0%| F|  |TAMS 0x00000000e2e00000| PB 0x00000000e2e00000| Untracked 
|1583|0x00000000e2f00000, 0x00000000e2f00000, 0x00000000e3000000|  0%| F|  |TAMS 0x00000000e2f00000| PB 0x00000000e2f00000| Untracked 
|1584|0x00000000e3000000, 0x00000000e3000000, 0x00000000e3100000|  0%| F|  |TAMS 0x00000000e3000000| PB 0x00000000e3000000| Untracked 
|1585|0x00000000e3100000, 0x00000000e3100000, 0x00000000e3200000|  0%| F|  |TAMS 0x00000000e3100000| PB 0x00000000e3100000| Untracked 
|1586|0x00000000e3200000, 0x00000000e3200000, 0x00000000e3300000|  0%| F|  |TAMS 0x00000000e3200000| PB 0x00000000e3200000| Untracked 
|1587|0x00000000e3300000, 0x00000000e3300000, 0x00000000e3400000|  0%| F|  |TAMS 0x00000000e3300000| PB 0x00000000e3300000| Untracked 
|1588|0x00000000e3400000, 0x00000000e3400000, 0x00000000e3500000|  0%| F|  |TAMS 0x00000000e3400000| PB 0x00000000e3400000| Untracked 
|1589|0x00000000e3500000, 0x00000000e3500000, 0x00000000e3600000|  0%| F|  |TAMS 0x00000000e3500000| PB 0x00000000e3500000| Untracked 
|1590|0x00000000e3600000, 0x00000000e3600000, 0x00000000e3700000|  0%| F|  |TAMS 0x00000000e3600000| PB 0x00000000e3600000| Untracked 
|1591|0x00000000e3700000, 0x00000000e3700000, 0x00000000e3800000|  0%| F|  |TAMS 0x00000000e3700000| PB 0x00000000e3700000| Untracked 
|1592|0x00000000e3800000, 0x00000000e3800000, 0x00000000e3900000|  0%| F|  |TAMS 0x00000000e3800000| PB 0x00000000e3800000| Untracked 
|1593|0x00000000e3900000, 0x00000000e3900000, 0x00000000e3a00000|  0%| F|  |TAMS 0x00000000e3900000| PB 0x00000000e3900000| Untracked 
|1594|0x00000000e3a00000, 0x00000000e3a00000, 0x00000000e3b00000|  0%| F|  |TAMS 0x00000000e3a00000| PB 0x00000000e3a00000| Untracked 
|1595|0x00000000e3b00000, 0x00000000e3c00000, 0x00000000e3c00000|100%| O|  |TAMS 0x00000000e3c00000| PB 0x00000000e3c00000| Updating 
|1596|0x00000000e3c00000, 0x00000000e3c00000, 0x00000000e3d00000|  0%| F|  |TAMS 0x00000000e3c00000| PB 0x00000000e3c00000| Untracked 
|1597|0x00000000e3d00000, 0x00000000e3d00000, 0x00000000e3e00000|  0%| F|  |TAMS 0x00000000e3d00000| PB 0x00000000e3d00000| Untracked 
|1598|0x00000000e3e00000, 0x00000000e3e00000, 0x00000000e3f00000|  0%| F|  |TAMS 0x00000000e3e00000| PB 0x00000000e3e00000| Untracked 
|1599|0x00000000e3f00000, 0x00000000e3f00000, 0x00000000e4000000|  0%| F|  |TAMS 0x00000000e3f00000| PB 0x00000000e3f00000| Untracked 
|1600|0x00000000e4000000, 0x00000000e4000000, 0x00000000e4100000|  0%| F|  |TAMS 0x00000000e4000000| PB 0x00000000e4000000| Untracked 
|1601|0x00000000e4100000, 0x00000000e4100000, 0x00000000e4200000|  0%| F|  |TAMS 0x00000000e4100000| PB 0x00000000e4100000| Untracked 
|1602|0x00000000e4200000, 0x00000000e4200000, 0x00000000e4300000|  0%| F|  |TAMS 0x00000000e4200000| PB 0x00000000e4200000| Untracked 
|1603|0x00000000e4300000, 0x00000000e4300000, 0x00000000e4400000|  0%| F|  |TAMS 0x00000000e4300000| PB 0x00000000e4300000| Untracked 
|1604|0x00000000e4400000, 0x00000000e4400000, 0x00000000e4500000|  0%| F|  |TAMS 0x00000000e4400000| PB 0x00000000e4400000| Untracked 
|1605|0x00000000e4500000, 0x00000000e4500000, 0x00000000e4600000|  0%| F|  |TAMS 0x00000000e4500000| PB 0x00000000e4500000| Untracked 
|1606|0x00000000e4600000, 0x00000000e4600000, 0x00000000e4700000|  0%| F|  |TAMS 0x00000000e4600000| PB 0x00000000e4600000| Untracked 
|1607|0x00000000e4700000, 0x00000000e4700000, 0x00000000e4800000|  0%| F|  |TAMS 0x00000000e4700000| PB 0x00000000e4700000| Untracked 
|1608|0x00000000e4800000, 0x00000000e4800000, 0x00000000e4900000|  0%| F|  |TAMS 0x00000000e4800000| PB 0x00000000e4800000| Untracked 
|1609|0x00000000e4900000, 0x00000000e4900000, 0x00000000e4a00000|  0%| F|  |TAMS 0x00000000e4900000| PB 0x00000000e4900000| Untracked 
|1610|0x00000000e4a00000, 0x00000000e4a00000, 0x00000000e4b00000|  0%| F|  |TAMS 0x00000000e4a00000| PB 0x00000000e4a00000| Untracked 
|1611|0x00000000e4b00000, 0x00000000e4b00000, 0x00000000e4c00000|  0%| F|  |TAMS 0x00000000e4b00000| PB 0x00000000e4b00000| Untracked 
|1612|0x00000000e4c00000, 0x00000000e4c00000, 0x00000000e4d00000|  0%| F|  |TAMS 0x00000000e4c00000| PB 0x00000000e4c00000| Untracked 
|1613|0x00000000e4d00000, 0x00000000e4d00000, 0x00000000e4e00000|  0%| F|  |TAMS 0x00000000e4d00000| PB 0x00000000e4d00000| Untracked 
|1614|0x00000000e4e00000, 0x00000000e4e00000, 0x00000000e4f00000|  0%| F|  |TAMS 0x00000000e4e00000| PB 0x00000000e4e00000| Untracked 
|1615|0x00000000e4f00000, 0x00000000e4f00000, 0x00000000e5000000|  0%| F|  |TAMS 0x00000000e4f00000| PB 0x00000000e4f00000| Untracked 
|1616|0x00000000e5000000, 0x00000000e5100000, 0x00000000e5100000|100%| O|  |TAMS 0x00000000e5000000| PB 0x00000000e5000000| Untracked 
|1617|0x00000000e5100000, 0x00000000e5200000, 0x00000000e5200000|100%| O|  |TAMS 0x00000000e5100000| PB 0x00000000e5100000| Untracked 
|1618|0x00000000e5200000, 0x00000000e5300000, 0x00000000e5300000|100%| O|  |TAMS 0x00000000e5200000| PB 0x00000000e5200000| Untracked 
|1619|0x00000000e5300000, 0x00000000e5400000, 0x00000000e5400000|100%| O|  |TAMS 0x00000000e5300000| PB 0x00000000e5300000| Untracked 
|1620|0x00000000e5400000, 0x00000000e5500000, 0x00000000e5500000|100%| O|  |TAMS 0x00000000e5400000| PB 0x00000000e5400000| Untracked 
|1621|0x00000000e5500000, 0x00000000e5500000, 0x00000000e5600000|  0%| F|  |TAMS 0x00000000e5500000| PB 0x00000000e5500000| Untracked 
|1622|0x00000000e5600000, 0x00000000e5700000, 0x00000000e5700000|100%| O|  |TAMS 0x00000000e5600000| PB 0x00000000e5600000| Untracked 
|1623|0x00000000e5700000, 0x00000000e5700000, 0x00000000e5800000|  0%| F|  |TAMS 0x00000000e5700000| PB 0x00000000e5700000| Untracked 
|1624|0x00000000e5800000, 0x00000000e5900000, 0x00000000e5900000|100%| O|  |TAMS 0x00000000e5800000| PB 0x00000000e5800000| Untracked 
|1625|0x00000000e5900000, 0x00000000e5a00000, 0x00000000e5a00000|100%| O|  |TAMS 0x00000000e5900000| PB 0x00000000e5900000| Untracked 
|1626|0x00000000e5a00000, 0x00000000e5b00000, 0x00000000e5b00000|100%| O|  |TAMS 0x00000000e5a00000| PB 0x00000000e5a00000| Untracked 
|1627|0x00000000e5b00000, 0x00000000e5c00000, 0x00000000e5c00000|100%| O|  |TAMS 0x00000000e5b00000| PB 0x00000000e5b00000| Untracked 
|1628|0x00000000e5c00000, 0x00000000e5d00000, 0x00000000e5d00000|100%| O|  |TAMS 0x00000000e5c00000| PB 0x00000000e5c00000| Untracked 
|1629|0x00000000e5d00000, 0x00000000e5d00000, 0x00000000e5e00000|  0%| F|  |TAMS 0x00000000e5d00000| PB 0x00000000e5d00000| Untracked 
|1630|0x00000000e5e00000, 0x00000000e5f00000, 0x00000000e5f00000|100%| O|  |TAMS 0x00000000e5e00000| PB 0x00000000e5e00000| Untracked 
|1631|0x00000000e5f00000, 0x00000000e5f00000, 0x00000000e6000000|  0%| F|  |TAMS 0x00000000e5f00000| PB 0x00000000e5f00000| Untracked 
|1632|0x00000000e6000000, 0x00000000e6100000, 0x00000000e6100000|100%| O|  |TAMS 0x00000000e6000000| PB 0x00000000e6000000| Untracked 
|1633|0x00000000e6100000, 0x00000000e6100000, 0x00000000e6200000|  0%| F|  |TAMS 0x00000000e6100000| PB 0x00000000e6100000| Untracked 
|1634|0x00000000e6200000, 0x00000000e6200000, 0x00000000e6300000|  0%| F|  |TAMS 0x00000000e6200000| PB 0x00000000e6200000| Untracked 
|1635|0x00000000e6300000, 0x00000000e6400000, 0x00000000e6400000|100%| O|  |TAMS 0x00000000e6300000| PB 0x00000000e6300000| Untracked 
|1636|0x00000000e6400000, 0x00000000e6400000, 0x00000000e6500000|  0%| F|  |TAMS 0x00000000e6400000| PB 0x00000000e6400000| Untracked 
|1637|0x00000000e6500000, 0x00000000e6600000, 0x00000000e6600000|100%| O|  |TAMS 0x00000000e6500000| PB 0x00000000e6500000| Untracked 
|1638|0x00000000e6600000, 0x00000000e6600000, 0x00000000e6700000|  0%| F|  |TAMS 0x00000000e6600000| PB 0x00000000e6600000| Untracked 
|1639|0x00000000e6700000, 0x00000000e6700000, 0x00000000e6800000|  0%| F|  |TAMS 0x00000000e6700000| PB 0x00000000e6700000| Untracked 
|1640|0x00000000e6800000, 0x00000000e6800000, 0x00000000e6900000|  0%| F|  |TAMS 0x00000000e6800000| PB 0x00000000e6800000| Untracked 
|1641|0x00000000e6900000, 0x00000000e6900000, 0x00000000e6a00000|  0%| F|  |TAMS 0x00000000e6900000| PB 0x00000000e6900000| Untracked 
|1642|0x00000000e6a00000, 0x00000000e6b00000, 0x00000000e6b00000|100%| O|  |TAMS 0x00000000e6a00000| PB 0x00000000e6a00000| Untracked 
|1643|0x00000000e6b00000, 0x00000000e6b00000, 0x00000000e6c00000|  0%| F|  |TAMS 0x00000000e6b00000| PB 0x00000000e6b00000| Untracked 
|1644|0x00000000e6c00000, 0x00000000e6d00000, 0x00000000e6d00000|100%| O|  |TAMS 0x00000000e6c00000| PB 0x00000000e6c00000| Untracked 
|1645|0x00000000e6d00000, 0x00000000e6e00000, 0x00000000e6e00000|100%| O|  |TAMS 0x00000000e6d00000| PB 0x00000000e6d00000| Untracked 
|1646|0x00000000e6e00000, 0x00000000e6e00000, 0x00000000e6f00000|  0%| F|  |TAMS 0x00000000e6e00000| PB 0x00000000e6e00000| Untracked 
|1647|0x00000000e6f00000, 0x00000000e7000000, 0x00000000e7000000|100%| O|  |TAMS 0x00000000e6f00000| PB 0x00000000e6f00000| Untracked 
|1648|0x00000000e7000000, 0x00000000e7100000, 0x00000000e7100000|100%| O|  |TAMS 0x00000000e7000000| PB 0x00000000e7000000| Untracked 
|1649|0x00000000e7100000, 0x00000000e7200000, 0x00000000e7200000|100%| O|  |TAMS 0x00000000e7100000| PB 0x00000000e7100000| Untracked 
|1650|0x00000000e7200000, 0x00000000e7300000, 0x00000000e7300000|100%| O|  |TAMS 0x00000000e7200000| PB 0x00000000e7200000| Untracked 
|1651|0x00000000e7300000, 0x00000000e7300000, 0x00000000e7400000|  0%| F|  |TAMS 0x00000000e7300000| PB 0x00000000e7300000| Untracked 
|1652|0x00000000e7400000, 0x00000000e7500000, 0x00000000e7500000|100%| O|  |TAMS 0x00000000e7400000| PB 0x00000000e7400000| Untracked 
|1653|0x00000000e7500000, 0x00000000e7500000, 0x00000000e7600000|  0%| F|  |TAMS 0x00000000e7500000| PB 0x00000000e7500000| Untracked 
|1654|0x00000000e7600000, 0x00000000e7700000, 0x00000000e7700000|100%| O|  |TAMS 0x00000000e7600000| PB 0x00000000e7600000| Untracked 
|1655|0x00000000e7700000, 0x00000000e7700000, 0x00000000e7800000|  0%| F|  |TAMS 0x00000000e7700000| PB 0x00000000e7700000| Untracked 
|1656|0x00000000e7800000, 0x00000000e7900000, 0x00000000e7900000|100%| O|  |TAMS 0x00000000e7800000| PB 0x00000000e7800000| Untracked 
|1657|0x00000000e7900000, 0x00000000e7900000, 0x00000000e7a00000|  0%| F|  |TAMS 0x00000000e7900000| PB 0x00000000e7900000| Untracked 
|1658|0x00000000e7a00000, 0x00000000e7b00000, 0x00000000e7b00000|100%| O|  |TAMS 0x00000000e7a00000| PB 0x00000000e7a00000| Untracked 
|1659|0x00000000e7b00000, 0x00000000e7b00000, 0x00000000e7c00000|  0%| F|  |TAMS 0x00000000e7b00000| PB 0x00000000e7b00000| Untracked 
|1660|0x00000000e7c00000, 0x00000000e7d00000, 0x00000000e7d00000|100%| O|  |TAMS 0x00000000e7c00000| PB 0x00000000e7c00000| Untracked 
|1661|0x00000000e7d00000, 0x00000000e7e00000, 0x00000000e7e00000|100%| O|  |TAMS 0x00000000e7d00000| PB 0x00000000e7d00000| Untracked 
|1662|0x00000000e7e00000, 0x00000000e7e00000, 0x00000000e7f00000|  0%| F|  |TAMS 0x00000000e7e00000| PB 0x00000000e7e00000| Untracked 
|1663|0x00000000e7f00000, 0x00000000e8000000, 0x00000000e8000000|100%| O|  |TAMS 0x00000000e7f00000| PB 0x00000000e7f00000| Untracked 
|1664|0x00000000e8000000, 0x00000000e8000000, 0x00000000e8100000|  0%| F|  |TAMS 0x00000000e8000000| PB 0x00000000e8000000| Untracked 
|1665|0x00000000e8100000, 0x00000000e8200000, 0x00000000e8200000|100%| O|  |TAMS 0x00000000e8100000| PB 0x00000000e8100000| Untracked 
|1666|0x00000000e8200000, 0x00000000e8200000, 0x00000000e8300000|  0%| F|  |TAMS 0x00000000e8200000| PB 0x00000000e8200000| Untracked 
|1667|0x00000000e8300000, 0x00000000e8400000, 0x00000000e8400000|100%| O|  |TAMS 0x00000000e8300000| PB 0x00000000e8300000| Untracked 
|1668|0x00000000e8400000, 0x00000000e8500000, 0x00000000e8500000|100%| O|  |TAMS 0x00000000e8400000| PB 0x00000000e8400000| Untracked 
|1669|0x00000000e8500000, 0x00000000e8600000, 0x00000000e8600000|100%| O|  |TAMS 0x00000000e8500000| PB 0x00000000e8500000| Untracked 
|1670|0x00000000e8600000, 0x00000000e8600000, 0x00000000e8700000|  0%| F|  |TAMS 0x00000000e8600000| PB 0x00000000e8600000| Untracked 
|1671|0x00000000e8700000, 0x00000000e8800000, 0x00000000e8800000|100%| O|  |TAMS 0x00000000e8700000| PB 0x00000000e8700000| Untracked 
|1672|0x00000000e8800000, 0x00000000e8800000, 0x00000000e8900000|  0%| F|  |TAMS 0x00000000e8800000| PB 0x00000000e8800000| Untracked 
|1673|0x00000000e8900000, 0x00000000e8a00000, 0x00000000e8a00000|100%| O|  |TAMS 0x00000000e8900000| PB 0x00000000e8900000| Untracked 
|1674|0x00000000e8a00000, 0x00000000e8b00000, 0x00000000e8b00000|100%| O|  |TAMS 0x00000000e8a00000| PB 0x00000000e8a00000| Untracked 
|1675|0x00000000e8b00000, 0x00000000e8b00000, 0x00000000e8c00000|  0%| F|  |TAMS 0x00000000e8b00000| PB 0x00000000e8b00000| Untracked 
|1676|0x00000000e8c00000, 0x00000000e8d00000, 0x00000000e8d00000|100%| O|  |TAMS 0x00000000e8c00000| PB 0x00000000e8c00000| Untracked 
|1677|0x00000000e8d00000, 0x00000000e8e00000, 0x00000000e8e00000|100%| O|  |TAMS 0x00000000e8d00000| PB 0x00000000e8d00000| Untracked 
|1678|0x00000000e8e00000, 0x00000000e8f00000, 0x00000000e8f00000|100%| O|  |TAMS 0x00000000e8e00000| PB 0x00000000e8e00000| Untracked 
|1679|0x00000000e8f00000, 0x00000000e9000000, 0x00000000e9000000|100%| O|  |TAMS 0x00000000e8f00000| PB 0x00000000e8f00000| Untracked 
|1680|0x00000000e9000000, 0x00000000e9100000, 0x00000000e9100000|100%| O|  |TAMS 0x00000000e9000000| PB 0x00000000e9000000| Untracked 
|1681|0x00000000e9100000, 0x00000000e9200000, 0x00000000e9200000|100%| O|  |TAMS 0x00000000e9100000| PB 0x00000000e9100000| Untracked 
|1682|0x00000000e9200000, 0x00000000e9300000, 0x00000000e9300000|100%| O|  |TAMS 0x00000000e9200000| PB 0x00000000e9200000| Untracked 
|1683|0x00000000e9300000, 0x00000000e9400000, 0x00000000e9400000|100%| O|  |TAMS 0x00000000e9300000| PB 0x00000000e9300000| Untracked 
|1684|0x00000000e9400000, 0x00000000e9500000, 0x00000000e9500000|100%| O|  |TAMS 0x00000000e9400000| PB 0x00000000e9400000| Untracked 
|1685|0x00000000e9500000, 0x00000000e9600000, 0x00000000e9600000|100%| O|  |TAMS 0x00000000e9500000| PB 0x00000000e9500000| Untracked 
|1686|0x00000000e9600000, 0x00000000e9600000, 0x00000000e9700000|  0%| F|  |TAMS 0x00000000e9600000| PB 0x00000000e9600000| Untracked 
|1687|0x00000000e9700000, 0x00000000e9800000, 0x00000000e9800000|100%| O|  |TAMS 0x00000000e9700000| PB 0x00000000e9700000| Untracked 
|1688|0x00000000e9800000, 0x00000000e9900000, 0x00000000e9900000|100%| O|  |TAMS 0x00000000e9900000| PB 0x00000000e9900000| Updating 
|1689|0x00000000e9900000, 0x00000000e9a00000, 0x00000000e9a00000|100%| O|  |TAMS 0x00000000e9a00000| PB 0x00000000e9a00000| Updating 
|1690|0x00000000e9a00000, 0x00000000e9b00000, 0x00000000e9b00000|100%| O|  |TAMS 0x00000000e9b00000| PB 0x00000000e9b00000| Updating 
|1691|0x00000000e9b00000, 0x00000000e9c00000, 0x00000000e9c00000|100%| O|  |TAMS 0x00000000e9c00000| PB 0x00000000e9c00000| Updating 
|1692|0x00000000e9c00000, 0x00000000e9c00000, 0x00000000e9d00000|  0%| F|  |TAMS 0x00000000e9c00000| PB 0x00000000e9c00000| Untracked 
|1693|0x00000000e9d00000, 0x00000000e9d00000, 0x00000000e9e00000|  0%| F|  |TAMS 0x00000000e9d00000| PB 0x00000000e9d00000| Untracked 
|1694|0x00000000e9e00000, 0x00000000e9e00000, 0x00000000e9f00000|  0%| F|  |TAMS 0x00000000e9e00000| PB 0x00000000e9e00000| Untracked 
|1695|0x00000000e9f00000, 0x00000000e9f00000, 0x00000000ea000000|  0%| F|  |TAMS 0x00000000e9f00000| PB 0x00000000e9f00000| Untracked 
|1696|0x00000000ea000000, 0x00000000ea100000, 0x00000000ea100000|100%| O|  |TAMS 0x00000000ea000000| PB 0x00000000ea000000| Untracked 
|1697|0x00000000ea100000, 0x00000000ea100000, 0x00000000ea200000|  0%| F|  |TAMS 0x00000000ea100000| PB 0x00000000ea100000| Untracked 
|1698|0x00000000ea200000, 0x00000000ea300000, 0x00000000ea300000|100%| O|  |TAMS 0x00000000ea300000| PB 0x00000000ea300000| Updating 
|1699|0x00000000ea300000, 0x00000000ea400000, 0x00000000ea400000|100%| O|  |TAMS 0x00000000ea300000| PB 0x00000000ea300000| Untracked 
|1700|0x00000000ea400000, 0x00000000ea500000, 0x00000000ea500000|100%| O|  |TAMS 0x00000000ea400000| PB 0x00000000ea400000| Untracked 
|1701|0x00000000ea500000, 0x00000000ea600000, 0x00000000ea600000|100%| O|  |TAMS 0x00000000ea500000| PB 0x00000000ea500000| Untracked 
|1702|0x00000000ea600000, 0x00000000ea600000, 0x00000000ea700000|  0%| F|  |TAMS 0x00000000ea600000| PB 0x00000000ea600000| Untracked 
|1703|0x00000000ea700000, 0x00000000ea800000, 0x00000000ea800000|100%| O|  |TAMS 0x00000000ea700000| PB 0x00000000ea700000| Untracked 
|1704|0x00000000ea800000, 0x00000000ea900000, 0x00000000ea900000|100%| O|  |TAMS 0x00000000ea800000| PB 0x00000000ea800000| Untracked 
|1705|0x00000000ea900000, 0x00000000ea900000, 0x00000000eaa00000|  0%| F|  |TAMS 0x00000000ea900000| PB 0x00000000ea900000| Untracked 
|1706|0x00000000eaa00000, 0x00000000eab00000, 0x00000000eab00000|100%| O|  |TAMS 0x00000000eaa00000| PB 0x00000000eaa00000| Untracked 
|1707|0x00000000eab00000, 0x00000000eac00000, 0x00000000eac00000|100%| O|  |TAMS 0x00000000eab00000| PB 0x00000000eab00000| Untracked 
|1708|0x00000000eac00000, 0x00000000eac00000, 0x00000000ead00000|  0%| F|  |TAMS 0x00000000eac00000| PB 0x00000000eac00000| Untracked 
|1709|0x00000000ead00000, 0x00000000ead00000, 0x00000000eae00000|  0%| F|  |TAMS 0x00000000ead00000| PB 0x00000000ead00000| Untracked 
|1710|0x00000000eae00000, 0x00000000eae00000, 0x00000000eaf00000|  0%| F|  |TAMS 0x00000000eae00000| PB 0x00000000eae00000| Untracked 
|1711|0x00000000eaf00000, 0x00000000eb000000, 0x00000000eb000000|100%| O|  |TAMS 0x00000000eaf00000| PB 0x00000000eaf00000| Untracked 
|1712|0x00000000eb000000, 0x00000000eb100000, 0x00000000eb100000|100%| O|  |TAMS 0x00000000eb000000| PB 0x00000000eb000000| Untracked 
|1713|0x00000000eb100000, 0x00000000eb200000, 0x00000000eb200000|100%| O|  |TAMS 0x00000000eb100000| PB 0x00000000eb100000| Untracked 
|1714|0x00000000eb200000, 0x00000000eb300000, 0x00000000eb300000|100%| O|  |TAMS 0x00000000eb200000| PB 0x00000000eb200000| Untracked 
|1715|0x00000000eb300000, 0x00000000eb400000, 0x00000000eb400000|100%| O|  |TAMS 0x00000000eb400000| PB 0x00000000eb400000| Updating 
|1716|0x00000000eb400000, 0x00000000eb500000, 0x00000000eb500000|100%| O|  |TAMS 0x00000000eb400000| PB 0x00000000eb400000| Untracked 
|1717|0x00000000eb500000, 0x00000000eb500000, 0x00000000eb600000|  0%| F|  |TAMS 0x00000000eb500000| PB 0x00000000eb500000| Untracked 
|1718|0x00000000eb600000, 0x00000000eb700000, 0x00000000eb700000|100%| O|  |TAMS 0x00000000eb600000| PB 0x00000000eb600000| Untracked 
|1719|0x00000000eb700000, 0x00000000eb700000, 0x00000000eb800000|  0%| F|  |TAMS 0x00000000eb700000| PB 0x00000000eb700000| Untracked 
|1720|0x00000000eb800000, 0x00000000eb900000, 0x00000000eb900000|100%| O|  |TAMS 0x00000000eb800000| PB 0x00000000eb800000| Untracked 
|1721|0x00000000eb900000, 0x00000000eb900000, 0x00000000eba00000|  0%| F|  |TAMS 0x00000000eb900000| PB 0x00000000eb900000| Untracked 
|1722|0x00000000eba00000, 0x00000000ebb00000, 0x00000000ebb00000|100%| O|  |TAMS 0x00000000eba00000| PB 0x00000000eba00000| Untracked 
|1723|0x00000000ebb00000, 0x00000000ebb00000, 0x00000000ebc00000|  0%| F|  |TAMS 0x00000000ebb00000| PB 0x00000000ebb00000| Untracked 
|1724|0x00000000ebc00000, 0x00000000ebd00000, 0x00000000ebd00000|100%| O|  |TAMS 0x00000000ebc00000| PB 0x00000000ebc00000| Untracked 
|1725|0x00000000ebd00000, 0x00000000ebe00000, 0x00000000ebe00000|100%| O|  |TAMS 0x00000000ebd00000| PB 0x00000000ebd00000| Untracked 
|1726|0x00000000ebe00000, 0x00000000ebe00000, 0x00000000ebf00000|  0%| F|  |TAMS 0x00000000ebe00000| PB 0x00000000ebe00000| Untracked 
|1727|0x00000000ebf00000, 0x00000000ec000000, 0x00000000ec000000|100%| O|  |TAMS 0x00000000ebf00000| PB 0x00000000ebf00000| Untracked 
|1728|0x00000000ec000000, 0x00000000ec000000, 0x00000000ec100000|  0%| F|  |TAMS 0x00000000ec000000| PB 0x00000000ec000000| Untracked 
|1729|0x00000000ec100000, 0x00000000ec200000, 0x00000000ec200000|100%| O|  |TAMS 0x00000000ec100000| PB 0x00000000ec100000| Untracked 
|1730|0x00000000ec200000, 0x00000000ec300000, 0x00000000ec300000|100%| O|  |TAMS 0x00000000ec200000| PB 0x00000000ec200000| Untracked 
|1731|0x00000000ec300000, 0x00000000ec400000, 0x00000000ec400000|100%| O|  |TAMS 0x00000000ec300000| PB 0x00000000ec300000| Untracked 
|1732|0x00000000ec400000, 0x00000000ec500000, 0x00000000ec500000|100%| O|  |TAMS 0x00000000ec400000| PB 0x00000000ec400000| Untracked 
|1733|0x00000000ec500000, 0x00000000ec600000, 0x00000000ec600000|100%| O|  |TAMS 0x00000000ec500000| PB 0x00000000ec500000| Untracked 
|1734|0x00000000ec600000, 0x00000000ec700000, 0x00000000ec700000|100%| O|  |TAMS 0x00000000ec600000| PB 0x00000000ec600000| Untracked 
|1735|0x00000000ec700000, 0x00000000ec800000, 0x00000000ec800000|100%| O|  |TAMS 0x00000000ec700000| PB 0x00000000ec700000| Untracked 
|1736|0x00000000ec800000, 0x00000000ec900000, 0x00000000ec900000|100%| O|  |TAMS 0x00000000ec800000| PB 0x00000000ec800000| Untracked 
|1737|0x00000000ec900000, 0x00000000eca00000, 0x00000000eca00000|100%| O|  |TAMS 0x00000000ec900000| PB 0x00000000ec900000| Untracked 
|1738|0x00000000eca00000, 0x00000000eca00000, 0x00000000ecb00000|  0%| F|  |TAMS 0x00000000eca00000| PB 0x00000000eca00000| Untracked 
|1739|0x00000000ecb00000, 0x00000000ecc00000, 0x00000000ecc00000|100%| O|  |TAMS 0x00000000ecb00000| PB 0x00000000ecb00000| Untracked 
|1740|0x00000000ecc00000, 0x00000000ecd00000, 0x00000000ecd00000|100%| O|  |TAMS 0x00000000ecc00000| PB 0x00000000ecc00000| Untracked 
|1741|0x00000000ecd00000, 0x00000000ece00000, 0x00000000ece00000|100%| O|  |TAMS 0x00000000ecd00000| PB 0x00000000ecd00000| Untracked 
|1742|0x00000000ece00000, 0x00000000ece00000, 0x00000000ecf00000|  0%| F|  |TAMS 0x00000000ece00000| PB 0x00000000ece00000| Untracked 
|1743|0x00000000ecf00000, 0x00000000ed000000, 0x00000000ed000000|100%| O|  |TAMS 0x00000000ecf00000| PB 0x00000000ecf00000| Untracked 
|1744|0x00000000ed000000, 0x00000000ed000000, 0x00000000ed100000|  0%| F|  |TAMS 0x00000000ed000000| PB 0x00000000ed000000| Untracked 
|1745|0x00000000ed100000, 0x00000000ed200000, 0x00000000ed200000|100%| O|  |TAMS 0x00000000ed100000| PB 0x00000000ed100000| Untracked 
|1746|0x00000000ed200000, 0x00000000ed200000, 0x00000000ed300000|  0%| F|  |TAMS 0x00000000ed200000| PB 0x00000000ed200000| Untracked 
|1747|0x00000000ed300000, 0x00000000ed400000, 0x00000000ed400000|100%| O|  |TAMS 0x00000000ed300000| PB 0x00000000ed300000| Untracked 
|1748|0x00000000ed400000, 0x00000000ed500000, 0x00000000ed500000|100%| O|  |TAMS 0x00000000ed400000| PB 0x00000000ed400000| Untracked 
|1749|0x00000000ed500000, 0x00000000ed600000, 0x00000000ed600000|100%| O|  |TAMS 0x00000000ed500000| PB 0x00000000ed500000| Untracked 
|1750|0x00000000ed600000, 0x00000000ed700000, 0x00000000ed700000|100%| O|  |TAMS 0x00000000ed600000| PB 0x00000000ed600000| Untracked 
|1751|0x00000000ed700000, 0x00000000ed800000, 0x00000000ed800000|100%| O|  |TAMS 0x00000000ed700000| PB 0x00000000ed700000| Untracked 
|1752|0x00000000ed800000, 0x00000000ed900000, 0x00000000ed900000|100%| O|  |TAMS 0x00000000ed800000| PB 0x00000000ed800000| Untracked 
|1753|0x00000000ed900000, 0x00000000eda00000, 0x00000000eda00000|100%| O|  |TAMS 0x00000000ed900000| PB 0x00000000ed900000| Untracked 
|1754|0x00000000eda00000, 0x00000000edb00000, 0x00000000edb00000|100%| O|  |TAMS 0x00000000eda00000| PB 0x00000000eda00000| Untracked 
|1755|0x00000000edb00000, 0x00000000edb00000, 0x00000000edc00000|  0%| F|  |TAMS 0x00000000edb00000| PB 0x00000000edb00000| Untracked 
|1756|0x00000000edc00000, 0x00000000edd00000, 0x00000000edd00000|100%| O|  |TAMS 0x00000000edc00000| PB 0x00000000edc00000| Untracked 
|1757|0x00000000edd00000, 0x00000000ede00000, 0x00000000ede00000|100%| O|  |TAMS 0x00000000edd00000| PB 0x00000000edd00000| Untracked 
|1758|0x00000000ede00000, 0x00000000edf00000, 0x00000000edf00000|100%| O|  |TAMS 0x00000000ede00000| PB 0x00000000ede00000| Untracked 
|1759|0x00000000edf00000, 0x00000000ee000000, 0x00000000ee000000|100%| O|  |TAMS 0x00000000edf00000| PB 0x00000000edf00000| Untracked 
|1760|0x00000000ee000000, 0x00000000ee100000, 0x00000000ee100000|100%| O|  |TAMS 0x00000000ee000000| PB 0x00000000ee000000| Untracked 
|1761|0x00000000ee100000, 0x00000000ee200000, 0x00000000ee200000|100%| O|  |TAMS 0x00000000ee100000| PB 0x00000000ee100000| Untracked 
|1762|0x00000000ee200000, 0x00000000ee300000, 0x00000000ee300000|100%| O|  |TAMS 0x00000000ee200000| PB 0x00000000ee200000| Untracked 
|1763|0x00000000ee300000, 0x00000000ee300000, 0x00000000ee400000|  0%| F|  |TAMS 0x00000000ee300000| PB 0x00000000ee300000| Untracked 
|1764|0x00000000ee400000, 0x00000000ee500000, 0x00000000ee500000|100%| O|  |TAMS 0x00000000ee400000| PB 0x00000000ee400000| Untracked 
|1765|0x00000000ee500000, 0x00000000ee600000, 0x00000000ee600000|100%| O|  |TAMS 0x00000000ee500000| PB 0x00000000ee500000| Untracked 
|1766|0x00000000ee600000, 0x00000000ee600000, 0x00000000ee700000|  0%| F|  |TAMS 0x00000000ee600000| PB 0x00000000ee600000| Untracked 
|1767|0x00000000ee700000, 0x00000000ee800000, 0x00000000ee800000|100%| O|  |TAMS 0x00000000ee700000| PB 0x00000000ee700000| Untracked 
|1768|0x00000000ee800000, 0x00000000ee900000, 0x00000000ee900000|100%| O|  |TAMS 0x00000000ee800000| PB 0x00000000ee800000| Untracked 
|1769|0x00000000ee900000, 0x00000000ee900000, 0x00000000eea00000|  0%| F|  |TAMS 0x00000000ee900000| PB 0x00000000ee900000| Untracked 
|1770|0x00000000eea00000, 0x00000000eeb00000, 0x00000000eeb00000|100%| O|  |TAMS 0x00000000eea00000| PB 0x00000000eea00000| Untracked 
|1771|0x00000000eeb00000, 0x00000000eec00000, 0x00000000eec00000|100%| O|  |TAMS 0x00000000eeb00000| PB 0x00000000eeb00000| Untracked 
|1772|0x00000000eec00000, 0x00000000eec00000, 0x00000000eed00000|  0%| F|  |TAMS 0x00000000eec00000| PB 0x00000000eec00000| Untracked 
|1773|0x00000000eed00000, 0x00000000eee00000, 0x00000000eee00000|100%| O|  |TAMS 0x00000000eed00000| PB 0x00000000eed00000| Untracked 
|1774|0x00000000eee00000, 0x00000000eee00000, 0x00000000eef00000|  0%| F|  |TAMS 0x00000000eee00000| PB 0x00000000eee00000| Untracked 
|1775|0x00000000eef00000, 0x00000000ef000000, 0x00000000ef000000|100%| O|  |TAMS 0x00000000eef00000| PB 0x00000000eef00000| Untracked 
|1776|0x00000000ef000000, 0x00000000ef000000, 0x00000000ef100000|  0%| F|  |TAMS 0x00000000ef000000| PB 0x00000000ef000000| Untracked 
|1777|0x00000000ef100000, 0x00000000ef200000, 0x00000000ef200000|100%| O|  |TAMS 0x00000000ef100000| PB 0x00000000ef100000| Untracked 
|1778|0x00000000ef200000, 0x00000000ef200000, 0x00000000ef300000|  0%| F|  |TAMS 0x00000000ef200000| PB 0x00000000ef200000| Untracked 
|1779|0x00000000ef300000, 0x00000000ef400000, 0x00000000ef400000|100%| O|  |TAMS 0x00000000ef300000| PB 0x00000000ef300000| Untracked 
|1780|0x00000000ef400000, 0x00000000ef400000, 0x00000000ef500000|  0%| F|  |TAMS 0x00000000ef400000| PB 0x00000000ef400000| Untracked 
|1781|0x00000000ef500000, 0x00000000ef600000, 0x00000000ef600000|100%| O|  |TAMS 0x00000000ef500000| PB 0x00000000ef500000| Untracked 
|1782|0x00000000ef600000, 0x00000000ef700000, 0x00000000ef700000|100%| O|  |TAMS 0x00000000ef700000| PB 0x00000000ef700000| Updating 
|1783|0x00000000ef700000, 0x00000000ef700000, 0x00000000ef800000|  0%| F|  |TAMS 0x00000000ef700000| PB 0x00000000ef700000| Untracked 
|1784|0x00000000ef800000, 0x00000000ef900000, 0x00000000ef900000|100%| O|  |TAMS 0x00000000ef900000| PB 0x00000000ef900000| Updating 
|1785|0x00000000ef900000, 0x00000000efa00000, 0x00000000efa00000|100%| O|  |TAMS 0x00000000efa00000| PB 0x00000000efa00000| Updating 
|1786|0x00000000efa00000, 0x00000000efb00000, 0x00000000efb00000|100%| O|  |TAMS 0x00000000efb00000| PB 0x00000000efb00000| Updating 
|1787|0x00000000efb00000, 0x00000000efb00000, 0x00000000efc00000|  0%| F|  |TAMS 0x00000000efb00000| PB 0x00000000efb00000| Untracked 
|1788|0x00000000efc00000, 0x00000000efd00000, 0x00000000efd00000|100%| O|  |TAMS 0x00000000efc00000| PB 0x00000000efc00000| Untracked 
|1789|0x00000000efd00000, 0x00000000efd00000, 0x00000000efe00000|  0%| F|  |TAMS 0x00000000efd00000| PB 0x00000000efd00000| Untracked 
|1790|0x00000000efe00000, 0x00000000efe00000, 0x00000000eff00000|  0%| F|  |TAMS 0x00000000efe00000| PB 0x00000000efe00000| Untracked 
|1791|0x00000000eff00000, 0x00000000f0000000, 0x00000000f0000000|100%| O|  |TAMS 0x00000000eff00000| PB 0x00000000eff00000| Untracked 
|1792|0x00000000f0000000, 0x00000000f0100000, 0x00000000f0100000|100%| O|  |TAMS 0x00000000f0000000| PB 0x00000000f0000000| Untracked 
|1793|0x00000000f0100000, 0x00000000f0100000, 0x00000000f0200000|  0%| F|  |TAMS 0x00000000f0100000| PB 0x00000000f0100000| Untracked 
|1794|0x00000000f0200000, 0x00000000f0300000, 0x00000000f0300000|100%| O|  |TAMS 0x00000000f0200000| PB 0x00000000f0200000| Untracked 
|1795|0x00000000f0300000, 0x00000000f0300000, 0x00000000f0400000|  0%| F|  |TAMS 0x00000000f0300000| PB 0x00000000f0300000| Untracked 
|1796|0x00000000f0400000, 0x00000000f0500000, 0x00000000f0500000|100%| O|  |TAMS 0x00000000f0400000| PB 0x00000000f0400000| Untracked 
|1797|0x00000000f0500000, 0x00000000f0600000, 0x00000000f0600000|100%| O|  |TAMS 0x00000000f0500000| PB 0x00000000f0500000| Untracked 
|1798|0x00000000f0600000, 0x00000000f0700000, 0x00000000f0700000|100%| O|  |TAMS 0x00000000f0700000| PB 0x00000000f0700000| Updating 
|1799|0x00000000f0700000, 0x00000000f0800000, 0x00000000f0800000|100%| O|  |TAMS 0x00000000f0800000| PB 0x00000000f0800000| Updating 
|1800|0x00000000f0800000, 0x00000000f0900000, 0x00000000f0900000|100%| O|  |TAMS 0x00000000f0800000| PB 0x00000000f0800000| Untracked 
|1801|0x00000000f0900000, 0x00000000f0900000, 0x00000000f0a00000|  0%| F|  |TAMS 0x00000000f0900000| PB 0x00000000f0900000| Untracked 
|1802|0x00000000f0a00000, 0x00000000f0b00000, 0x00000000f0b00000|100%| O|  |TAMS 0x00000000f0a00000| PB 0x00000000f0a00000| Untracked 
|1803|0x00000000f0b00000, 0x00000000f0c00000, 0x00000000f0c00000|100%| O|  |TAMS 0x00000000f0b00000| PB 0x00000000f0b00000| Untracked 
|1804|0x00000000f0c00000, 0x00000000f0c00000, 0x00000000f0d00000|  0%| F|  |TAMS 0x00000000f0c00000| PB 0x00000000f0c00000| Untracked 
|1805|0x00000000f0d00000, 0x00000000f0e00000, 0x00000000f0e00000|100%| O|  |TAMS 0x00000000f0d00000| PB 0x00000000f0d00000| Untracked 
|1806|0x00000000f0e00000, 0x00000000f0f00000, 0x00000000f0f00000|100%| O|  |TAMS 0x00000000f0f00000| PB 0x00000000f0f00000| Updating 
|1807|0x00000000f0f00000, 0x00000000f1000000, 0x00000000f1000000|100%| O|  |TAMS 0x00000000f1000000| PB 0x00000000f1000000| Updating 
|1808|0x00000000f1000000, 0x00000000f1100000, 0x00000000f1100000|100%| O|  |TAMS 0x00000000f1100000| PB 0x00000000f1100000| Updating 
|1809|0x00000000f1100000, 0x00000000f1200000, 0x00000000f1200000|100%| O|  |TAMS 0x00000000f1100000| PB 0x00000000f1100000| Untracked 
|1810|0x00000000f1200000, 0x00000000f1200000, 0x00000000f1300000|  0%| F|  |TAMS 0x00000000f1200000| PB 0x00000000f1200000| Untracked 
|1811|0x00000000f1300000, 0x00000000f1400000, 0x00000000f1400000|100%| O|  |TAMS 0x00000000f1400000| PB 0x00000000f1400000| Updating 
|1812|0x00000000f1400000, 0x00000000f1400000, 0x00000000f1500000|  0%| F|  |TAMS 0x00000000f1400000| PB 0x00000000f1400000| Untracked 
|1813|0x00000000f1500000, 0x00000000f1600000, 0x00000000f1600000|100%| O|  |TAMS 0x00000000f1500000| PB 0x00000000f1500000| Untracked 
|1814|0x00000000f1600000, 0x00000000f1700000, 0x00000000f1700000|100%| O|  |TAMS 0x00000000f1700000| PB 0x00000000f1700000| Updating 
|1815|0x00000000f1700000, 0x00000000f1800000, 0x00000000f1800000|100%| O|  |TAMS 0x00000000f1700000| PB 0x00000000f1700000| Untracked 
|1816|0x00000000f1800000, 0x00000000f1800000, 0x00000000f1900000|  0%| F|  |TAMS 0x00000000f1800000| PB 0x00000000f1800000| Untracked 
|1817|0x00000000f1900000, 0x00000000f1a00000, 0x00000000f1a00000|100%| O|  |TAMS 0x00000000f1900000| PB 0x00000000f1900000| Untracked 
|1818|0x00000000f1a00000, 0x00000000f1b00000, 0x00000000f1b00000|100%| O|  |TAMS 0x00000000f1a00000| PB 0x00000000f1a00000| Untracked 
|1819|0x00000000f1b00000, 0x00000000f1c00000, 0x00000000f1c00000|100%| O|  |TAMS 0x00000000f1b00000| PB 0x00000000f1b00000| Untracked 
|1820|0x00000000f1c00000, 0x00000000f1c00000, 0x00000000f1d00000|  0%| F|  |TAMS 0x00000000f1c00000| PB 0x00000000f1c00000| Untracked 
|1821|0x00000000f1d00000, 0x00000000f1e00000, 0x00000000f1e00000|100%| O|  |TAMS 0x00000000f1e00000| PB 0x00000000f1e00000| Updating 
|1822|0x00000000f1e00000, 0x00000000f1f00000, 0x00000000f1f00000|100%| O|  |TAMS 0x00000000f1f00000| PB 0x00000000f1f00000| Updating 
|1823|0x00000000f1f00000, 0x00000000f2000000, 0x00000000f2000000|100%| O|  |TAMS 0x00000000f1f00000| PB 0x00000000f1f00000| Untracked 
|1824|0x00000000f2000000, 0x00000000f2000000, 0x00000000f2100000|  0%| F|  |TAMS 0x00000000f2000000| PB 0x00000000f2000000| Untracked 
|1825|0x00000000f2100000, 0x00000000f2100000, 0x00000000f2200000|  0%| F|  |TAMS 0x00000000f2100000| PB 0x00000000f2100000| Untracked 
|1826|0x00000000f2200000, 0x00000000f2300000, 0x00000000f2300000|100%| O|  |TAMS 0x00000000f2200000| PB 0x00000000f2200000| Untracked 
|1827|0x00000000f2300000, 0x00000000f2400000, 0x00000000f2400000|100%| O|  |TAMS 0x00000000f2300000| PB 0x00000000f2300000| Untracked 
|1828|0x00000000f2400000, 0x00000000f2500000, 0x00000000f2500000|100%| O|  |TAMS 0x00000000f2400000| PB 0x00000000f2400000| Untracked 
|1829|0x00000000f2500000, 0x00000000f2500000, 0x00000000f2600000|  0%| F|  |TAMS 0x00000000f2500000| PB 0x00000000f2500000| Untracked 
|1830|0x00000000f2600000, 0x00000000f2600000, 0x00000000f2700000|  0%| F|  |TAMS 0x00000000f2600000| PB 0x00000000f2600000| Untracked 
|1831|0x00000000f2700000, 0x00000000f2800000, 0x00000000f2800000|100%| O|  |TAMS 0x00000000f2800000| PB 0x00000000f2800000| Updating 
|1832|0x00000000f2800000, 0x00000000f2900000, 0x00000000f2900000|100%| O|  |TAMS 0x00000000f2800000| PB 0x00000000f2800000| Untracked 
|1833|0x00000000f2900000, 0x00000000f2a00000, 0x00000000f2a00000|100%| O|  |TAMS 0x00000000f2900000| PB 0x00000000f2900000| Untracked 
|1834|0x00000000f2a00000, 0x00000000f2b00000, 0x00000000f2b00000|100%| O|  |TAMS 0x00000000f2a00000| PB 0x00000000f2a00000| Untracked 
|1835|0x00000000f2b00000, 0x00000000f2c00000, 0x00000000f2c00000|100%| O|  |TAMS 0x00000000f2b00000| PB 0x00000000f2b00000| Untracked 
|1836|0x00000000f2c00000, 0x00000000f2d00000, 0x00000000f2d00000|100%| O|  |TAMS 0x00000000f2c00000| PB 0x00000000f2c00000| Untracked 
|1837|0x00000000f2d00000, 0x00000000f2e00000, 0x00000000f2e00000|100%| O|  |TAMS 0x00000000f2d00000| PB 0x00000000f2d00000| Untracked 
|1838|0x00000000f2e00000, 0x00000000f2e00000, 0x00000000f2f00000|  0%| F|  |TAMS 0x00000000f2e00000| PB 0x00000000f2e00000| Untracked 
|1839|0x00000000f2f00000, 0x00000000f2f00000, 0x00000000f3000000|  0%| F|  |TAMS 0x00000000f2f00000| PB 0x00000000f2f00000| Untracked 
|1840|0x00000000f3000000, 0x00000000f3100000, 0x00000000f3100000|100%| O|  |TAMS 0x00000000f3000000| PB 0x00000000f3000000| Untracked 
|1841|0x00000000f3100000, 0x00000000f3100000, 0x00000000f3200000|  0%| F|  |TAMS 0x00000000f3100000| PB 0x00000000f3100000| Untracked 
|1842|0x00000000f3200000, 0x00000000f3200000, 0x00000000f3300000|  0%| F|  |TAMS 0x00000000f3200000| PB 0x00000000f3200000| Untracked 
|1843|0x00000000f3300000, 0x00000000f3300000, 0x00000000f3400000|  0%| F|  |TAMS 0x00000000f3300000| PB 0x00000000f3300000| Untracked 
|1844|0x00000000f3400000, 0x00000000f3400000, 0x00000000f3500000|  0%| F|  |TAMS 0x00000000f3400000| PB 0x00000000f3400000| Untracked 
|1845|0x00000000f3500000, 0x00000000f3600000, 0x00000000f3600000|100%| O|  |TAMS 0x00000000f3600000| PB 0x00000000f3600000| Updating 
|1846|0x00000000f3600000, 0x00000000f3600000, 0x00000000f3700000|  0%| F|  |TAMS 0x00000000f3600000| PB 0x00000000f3600000| Untracked 
|1847|0x00000000f3700000, 0x00000000f37ccdd0, 0x00000000f3800000| 80%| S|CS|TAMS 0x00000000f3700000| PB 0x00000000f3700000| Complete 
|1848|0x00000000f3800000, 0x00000000f3800000, 0x00000000f3900000|  0%| F|  |TAMS 0x00000000f3800000| PB 0x00000000f3800000| Untracked 
|1849|0x00000000f3900000, 0x00000000f3900000, 0x00000000f3a00000|  0%| F|  |TAMS 0x00000000f3900000| PB 0x00000000f3900000| Untracked 
|1850|0x00000000f3a00000, 0x00000000f3b00000, 0x00000000f3b00000|100%| O|  |TAMS 0x00000000f3b00000| PB 0x00000000f3b00000| Untracked 
|1851|0x00000000f3b00000, 0x00000000f3b00000, 0x00000000f3c00000|  0%| F|  |TAMS 0x00000000f3b00000| PB 0x00000000f3b00000| Untracked 
|1852|0x00000000f3c00000, 0x00000000f3d00000, 0x00000000f3d00000|100%| O|  |TAMS 0x00000000f3d00000| PB 0x00000000f3d00000| Untracked 
|1853|0x00000000f3d00000, 0x00000000f3d00000, 0x00000000f3e00000|  0%| F|  |TAMS 0x00000000f3d00000| PB 0x00000000f3d00000| Untracked 
|1854|0x00000000f3e00000, 0x00000000f3e00000, 0x00000000f3f00000|  0%| F|  |TAMS 0x00000000f3e00000| PB 0x00000000f3e00000| Untracked 
|1855|0x00000000f3f00000, 0x00000000f4000000, 0x00000000f4000000|100%| O|  |TAMS 0x00000000f4000000| PB 0x00000000f4000000| Untracked 
|1856|0x00000000f4000000, 0x00000000f4000000, 0x00000000f4100000|  0%| F|  |TAMS 0x00000000f4000000| PB 0x00000000f4000000| Untracked 
|1857|0x00000000f4100000, 0x00000000f4100000, 0x00000000f4200000|  0%| F|  |TAMS 0x00000000f4100000| PB 0x00000000f4100000| Untracked 
|1858|0x00000000f4200000, 0x00000000f4300000, 0x00000000f4300000|100%| O|  |TAMS 0x00000000f4300000| PB 0x00000000f4300000| Updating 
|1859|0x00000000f4300000, 0x00000000f4300000, 0x00000000f4400000|  0%| F|  |TAMS 0x00000000f4300000| PB 0x00000000f4300000| Untracked 
|1860|0x00000000f4400000, 0x00000000f4400000, 0x00000000f4500000|  0%| F|  |TAMS 0x00000000f4400000| PB 0x00000000f4400000| Untracked 
|1861|0x00000000f4500000, 0x00000000f4500000, 0x00000000f4600000|  0%| F|  |TAMS 0x00000000f4500000| PB 0x00000000f4500000| Untracked 
|1862|0x00000000f4600000, 0x00000000f4700000, 0x00000000f4700000|100%| O|  |TAMS 0x00000000f4700000| PB 0x00000000f4700000| Untracked 
|1863|0x00000000f4700000, 0x00000000f4700000, 0x00000000f4800000|  0%| F|  |TAMS 0x00000000f4700000| PB 0x00000000f4700000| Untracked 
|1864|0x00000000f4800000, 0x00000000f4800000, 0x00000000f4900000|  0%| F|  |TAMS 0x00000000f4800000| PB 0x00000000f4800000| Untracked 
|1865|0x00000000f4900000, 0x00000000f4900000, 0x00000000f4a00000|  0%| F|  |TAMS 0x00000000f4900000| PB 0x00000000f4900000| Untracked 
|1866|0x00000000f4a00000, 0x00000000f4b00000, 0x00000000f4b00000|100%| O|  |TAMS 0x00000000f4b00000| PB 0x00000000f4b00000| Untracked 
|1867|0x00000000f4b00000, 0x00000000f4b00000, 0x00000000f4c00000|  0%| F|  |TAMS 0x00000000f4b00000| PB 0x00000000f4b00000| Untracked 
|1868|0x00000000f4c00000, 0x00000000f4d00000, 0x00000000f4d00000|100%| O|  |TAMS 0x00000000f4d00000| PB 0x00000000f4d00000| Updating 
|1869|0x00000000f4d00000, 0x00000000f4d00000, 0x00000000f4e00000|  0%| F|  |TAMS 0x00000000f4d00000| PB 0x00000000f4d00000| Untracked 
|1870|0x00000000f4e00000, 0x00000000f4f00000, 0x00000000f4f00000|100%| O|  |TAMS 0x00000000f4f00000| PB 0x00000000f4f00000| Untracked 
|1871|0x00000000f4f00000, 0x00000000f4f00000, 0x00000000f5000000|  0%| F|  |TAMS 0x00000000f4f00000| PB 0x00000000f4f00000| Untracked 
|1872|0x00000000f5000000, 0x00000000f5000000, 0x00000000f5100000|  0%| F|  |TAMS 0x00000000f5000000| PB 0x00000000f5000000| Untracked 
|1873|0x00000000f5100000, 0x00000000f5200000, 0x00000000f5200000|100%| O|  |TAMS 0x00000000f5200000| PB 0x00000000f5200000| Untracked 
|1874|0x00000000f5200000, 0x00000000f5200000, 0x00000000f5300000|  0%| F|  |TAMS 0x00000000f5200000| PB 0x00000000f5200000| Untracked 
|1875|0x00000000f5300000, 0x00000000f5300000, 0x00000000f5400000|  0%| F|  |TAMS 0x00000000f5300000| PB 0x00000000f5300000| Untracked 
|1876|0x00000000f5400000, 0x00000000f5500000, 0x00000000f5500000|100%| O|  |TAMS 0x00000000f5500000| PB 0x00000000f5500000| Updating 
|1877|0x00000000f5500000, 0x00000000f5600000, 0x00000000f5600000|100%| O|  |TAMS 0x00000000f5500000| PB 0x00000000f5500000| Untracked 
|1878|0x00000000f5600000, 0x00000000f5700000, 0x00000000f5700000|100%| O|  |TAMS 0x00000000f5600000| PB 0x00000000f5600000| Untracked 
|1879|0x00000000f5700000, 0x00000000f5800000, 0x00000000f5800000|100%| O|  |TAMS 0x00000000f5800000| PB 0x00000000f5800000| Updating 
|1880|0x00000000f5800000, 0x00000000f5900000, 0x00000000f5900000|100%| O|  |TAMS 0x00000000f5800000| PB 0x00000000f5800000| Untracked 
|1881|0x00000000f5900000, 0x00000000f5a00000, 0x00000000f5a00000|100%| O|  |TAMS 0x00000000f5900000| PB 0x00000000f5900000| Untracked 
|1882|0x00000000f5a00000, 0x00000000f5b00000, 0x00000000f5b00000|100%| O|  |TAMS 0x00000000f5a00000| PB 0x00000000f5a00000| Untracked 
|1883|0x00000000f5b00000, 0x00000000f5c00000, 0x00000000f5c00000|100%| O|  |TAMS 0x00000000f5c00000| PB 0x00000000f5c00000| Updating 
|1884|0x00000000f5c00000, 0x00000000f5d00000, 0x00000000f5d00000|100%| O|  |TAMS 0x00000000f5c00000| PB 0x00000000f5c00000| Untracked 
|1885|0x00000000f5d00000, 0x00000000f5e00000, 0x00000000f5e00000|100%| O|  |TAMS 0x00000000f5d00000| PB 0x00000000f5d00000| Untracked 
|1886|0x00000000f5e00000, 0x00000000f5f00000, 0x00000000f5f00000|100%| O|  |TAMS 0x00000000f5f00000| PB 0x00000000f5f00000| Updating 
|1887|0x00000000f5f00000, 0x00000000f6000000, 0x00000000f6000000|100%| O|  |TAMS 0x00000000f5f00000| PB 0x00000000f5f00000| Untracked 
|1888|0x00000000f6000000, 0x00000000f6100000, 0x00000000f6100000|100%| O|  |TAMS 0x00000000f6000000| PB 0x00000000f6000000| Untracked 
|1889|0x00000000f6100000, 0x00000000f6200000, 0x00000000f6200000|100%| O|  |TAMS 0x00000000f6100000| PB 0x00000000f6100000| Untracked 
|1890|0x00000000f6200000, 0x00000000f6300000, 0x00000000f6300000|100%| O|  |TAMS 0x00000000f6200000| PB 0x00000000f6200000| Untracked 
|1891|0x00000000f6300000, 0x00000000f6400000, 0x00000000f6400000|100%| O|  |TAMS 0x00000000f6300000| PB 0x00000000f6300000| Untracked 
|1892|0x00000000f6400000, 0x00000000f6500000, 0x00000000f6500000|100%| O|  |TAMS 0x00000000f6400000| PB 0x00000000f6400000| Untracked 
|1893|0x00000000f6500000, 0x00000000f6500000, 0x00000000f6600000|  0%| F|  |TAMS 0x00000000f6500000| PB 0x00000000f6500000| Untracked 
|1894|0x00000000f6600000, 0x00000000f6600000, 0x00000000f6700000|  0%| F|  |TAMS 0x00000000f6600000| PB 0x00000000f6600000| Untracked 
|1895|0x00000000f6700000, 0x00000000f6800000, 0x00000000f6800000|100%| O|  |TAMS 0x00000000f6800000| PB 0x00000000f6800000| Updating 
|1896|0x00000000f6800000, 0x00000000f6900000, 0x00000000f6900000|100%| O|  |TAMS 0x00000000f6900000| PB 0x00000000f6900000| Updating 
|1897|0x00000000f6900000, 0x00000000f6a00000, 0x00000000f6a00000|100%| O|  |TAMS 0x00000000f6a00000| PB 0x00000000f6a00000| Updating 
|1898|0x00000000f6a00000, 0x00000000f6b00000, 0x00000000f6b00000|100%| O|  |TAMS 0x00000000f6a00000| PB 0x00000000f6a00000| Untracked 
|1899|0x00000000f6b00000, 0x00000000f6c00000, 0x00000000f6c00000|100%| O|  |TAMS 0x00000000f6b00000| PB 0x00000000f6b00000| Untracked 
|1900|0x00000000f6c00000, 0x00000000f6d00000, 0x00000000f6d00000|100%| O|  |TAMS 0x00000000f6c00000| PB 0x00000000f6c00000| Untracked 
|1901|0x00000000f6d00000, 0x00000000f6e00000, 0x00000000f6e00000|100%| O|  |TAMS 0x00000000f6d00000| PB 0x00000000f6d00000| Untracked 
|1902|0x00000000f6e00000, 0x00000000f6f00000, 0x00000000f6f00000|100%| O|  |TAMS 0x00000000f6f00000| PB 0x00000000f6f00000| Updating 
|1903|0x00000000f6f00000, 0x00000000f7000000, 0x00000000f7000000|100%| O|  |TAMS 0x00000000f6f00000| PB 0x00000000f6f00000| Untracked 
|1904|0x00000000f7000000, 0x00000000f7100000, 0x00000000f7100000|100%| O|  |TAMS 0x00000000f7000000| PB 0x00000000f7000000| Untracked 
|1905|0x00000000f7100000, 0x00000000f7200000, 0x00000000f7200000|100%| O|  |TAMS 0x00000000f7100000| PB 0x00000000f7100000| Untracked 
|1906|0x00000000f7200000, 0x00000000f7300000, 0x00000000f7300000|100%| O|  |TAMS 0x00000000f7200000| PB 0x00000000f7200000| Untracked 
|1907|0x00000000f7300000, 0x00000000f7400000, 0x00000000f7400000|100%| O|  |TAMS 0x00000000f7300000| PB 0x00000000f7300000| Untracked 
|1908|0x00000000f7400000, 0x00000000f7500000, 0x00000000f7500000|100%| O|  |TAMS 0x00000000f7400000| PB 0x00000000f7400000| Untracked 
|1909|0x00000000f7500000, 0x00000000f7600000, 0x00000000f7600000|100%| O|  |TAMS 0x00000000f7500000| PB 0x00000000f7500000| Untracked 
|1910|0x00000000f7600000, 0x00000000f7700000, 0x00000000f7700000|100%| O|  |TAMS 0x00000000f7600000| PB 0x00000000f7600000| Untracked 
|1911|0x00000000f7700000, 0x00000000f7800000, 0x00000000f7800000|100%| O|  |TAMS 0x00000000f7700000| PB 0x00000000f7700000| Untracked 
|1912|0x00000000f7800000, 0x00000000f7900000, 0x00000000f7900000|100%| O|  |TAMS 0x00000000f7800000| PB 0x00000000f7800000| Untracked 
|1913|0x00000000f7900000, 0x00000000f7a00000, 0x00000000f7a00000|100%| O|  |TAMS 0x00000000f7900000| PB 0x00000000f7900000| Untracked 
|1914|0x00000000f7a00000, 0x00000000f7b00000, 0x00000000f7b00000|100%| O|  |TAMS 0x00000000f7a00000| PB 0x00000000f7a00000| Untracked 
|1915|0x00000000f7b00000, 0x00000000f7c00000, 0x00000000f7c00000|100%| O|  |TAMS 0x00000000f7b00000| PB 0x00000000f7b00000| Untracked 
|1916|0x00000000f7c00000, 0x00000000f7d00000, 0x00000000f7d00000|100%| O|  |TAMS 0x00000000f7c00000| PB 0x00000000f7c00000| Untracked 
|1917|0x00000000f7d00000, 0x00000000f7e00000, 0x00000000f7e00000|100%| O|  |TAMS 0x00000000f7d00000| PB 0x00000000f7d00000| Untracked 
|1918|0x00000000f7e00000, 0x00000000f7f00000, 0x00000000f7f00000|100%| O|  |TAMS 0x00000000f7e00000| PB 0x00000000f7e00000| Untracked 
|1919|0x00000000f7f00000, 0x00000000f8000000, 0x00000000f8000000|100%| O|  |TAMS 0x00000000f7f00000| PB 0x00000000f7f00000| Untracked 
|1920|0x00000000f8000000, 0x00000000f8100000, 0x00000000f8100000|100%| O|  |TAMS 0x00000000f8000000| PB 0x00000000f8000000| Untracked 
|1921|0x00000000f8100000, 0x00000000f8200000, 0x00000000f8200000|100%| O|  |TAMS 0x00000000f8100000| PB 0x00000000f8100000| Untracked 
|1922|0x00000000f8200000, 0x00000000f8300000, 0x00000000f8300000|100%| O|  |TAMS 0x00000000f8200000| PB 0x00000000f8200000| Untracked 
|1923|0x00000000f8300000, 0x00000000f8400000, 0x00000000f8400000|100%| O|  |TAMS 0x00000000f8300000| PB 0x00000000f8300000| Untracked 
|1924|0x00000000f8400000, 0x00000000f8500000, 0x00000000f8500000|100%| O|  |TAMS 0x00000000f8400000| PB 0x00000000f8400000| Untracked 
|1925|0x00000000f8500000, 0x00000000f8600000, 0x00000000f8600000|100%| O|  |TAMS 0x00000000f8500000| PB 0x00000000f8500000| Untracked 
|1926|0x00000000f8600000, 0x00000000f8700000, 0x00000000f8700000|100%| O|  |TAMS 0x00000000f8600000| PB 0x00000000f8600000| Untracked 
|1927|0x00000000f8700000, 0x00000000f8800000, 0x00000000f8800000|100%| O|  |TAMS 0x00000000f8700000| PB 0x00000000f8700000| Untracked 
|1928|0x00000000f8800000, 0x00000000f8900000, 0x00000000f8900000|100%| O|  |TAMS 0x00000000f8800000| PB 0x00000000f8800000| Untracked 
|1929|0x00000000f8900000, 0x00000000f8a00000, 0x00000000f8a00000|100%| O|  |TAMS 0x00000000f8900000| PB 0x00000000f8900000| Untracked 
|1930|0x00000000f8a00000, 0x00000000f8b00000, 0x00000000f8b00000|100%| O|  |TAMS 0x00000000f8a00000| PB 0x00000000f8a00000| Untracked 
|1931|0x00000000f8b00000, 0x00000000f8c00000, 0x00000000f8c00000|100%| O|  |TAMS 0x00000000f8b00000| PB 0x00000000f8b00000| Untracked 
|1932|0x00000000f8c00000, 0x00000000f8d00000, 0x00000000f8d00000|100%| O|  |TAMS 0x00000000f8c00000| PB 0x00000000f8c00000| Untracked 
|1933|0x00000000f8d00000, 0x00000000f8e00000, 0x00000000f8e00000|100%| O|  |TAMS 0x00000000f8d00000| PB 0x00000000f8d00000| Untracked 
|1934|0x00000000f8e00000, 0x00000000f8f00000, 0x00000000f8f00000|100%| O|  |TAMS 0x00000000f8e00000| PB 0x00000000f8e00000| Untracked 
|1935|0x00000000f8f00000, 0x00000000f9000000, 0x00000000f9000000|100%| O|  |TAMS 0x00000000f8f00000| PB 0x00000000f8f00000| Untracked 
|1936|0x00000000f9000000, 0x00000000f9100000, 0x00000000f9100000|100%| O|  |TAMS 0x00000000f9000000| PB 0x00000000f9000000| Untracked 
|1937|0x00000000f9100000, 0x00000000f9200000, 0x00000000f9200000|100%| O|  |TAMS 0x00000000f9100000| PB 0x00000000f9100000| Untracked 
|1938|0x00000000f9200000, 0x00000000f9300000, 0x00000000f9300000|100%| O|  |TAMS 0x00000000f9200000| PB 0x00000000f9200000| Untracked 
|1939|0x00000000f9300000, 0x00000000f9400000, 0x00000000f9400000|100%| O|  |TAMS 0x00000000f9300000| PB 0x00000000f9300000| Untracked 
|1940|0x00000000f9400000, 0x00000000f9500000, 0x00000000f9500000|100%| O|  |TAMS 0x00000000f9400000| PB 0x00000000f9400000| Untracked 
|1941|0x00000000f9500000, 0x00000000f9600000, 0x00000000f9600000|100%| O|  |TAMS 0x00000000f9500000| PB 0x00000000f9500000| Untracked 
|1942|0x00000000f9600000, 0x00000000f9700000, 0x00000000f9700000|100%| O|  |TAMS 0x00000000f9600000| PB 0x00000000f9600000| Untracked 
|1943|0x00000000f9700000, 0x00000000f9800000, 0x00000000f9800000|100%| O|  |TAMS 0x00000000f9700000| PB 0x00000000f9700000| Untracked 
|1944|0x00000000f9800000, 0x00000000f9900000, 0x00000000f9900000|100%| O|  |TAMS 0x00000000f9800000| PB 0x00000000f9800000| Untracked 
|1945|0x00000000f9900000, 0x00000000f9a00000, 0x00000000f9a00000|100%| O|  |TAMS 0x00000000f9900000| PB 0x00000000f9900000| Untracked 
|1946|0x00000000f9a00000, 0x00000000f9b00000, 0x00000000f9b00000|100%| O|  |TAMS 0x00000000f9a00000| PB 0x00000000f9a00000| Untracked 
|1947|0x00000000f9b00000, 0x00000000f9c00000, 0x00000000f9c00000|100%| O|  |TAMS 0x00000000f9b00000| PB 0x00000000f9b00000| Untracked 
|1948|0x00000000f9c00000, 0x00000000f9d00000, 0x00000000f9d00000|100%| O|  |TAMS 0x00000000f9c00000| PB 0x00000000f9c00000| Untracked 
|1949|0x00000000f9d00000, 0x00000000f9e00000, 0x00000000f9e00000|100%| O|  |TAMS 0x00000000f9d00000| PB 0x00000000f9d00000| Untracked 
|1950|0x00000000f9e00000, 0x00000000f9f00000, 0x00000000f9f00000|100%| O|  |TAMS 0x00000000f9e00000| PB 0x00000000f9e00000| Untracked 
|1951|0x00000000f9f00000, 0x00000000fa000000, 0x00000000fa000000|100%| O|  |TAMS 0x00000000f9f00000| PB 0x00000000f9f00000| Untracked 
|1952|0x00000000fa000000, 0x00000000fa100000, 0x00000000fa100000|100%| O|  |TAMS 0x00000000fa000000| PB 0x00000000fa000000| Untracked 
|1953|0x00000000fa100000, 0x00000000fa200000, 0x00000000fa200000|100%| O|  |TAMS 0x00000000fa100000| PB 0x00000000fa100000| Untracked 
|1954|0x00000000fa200000, 0x00000000fa300000, 0x00000000fa300000|100%| O|  |TAMS 0x00000000fa200000| PB 0x00000000fa200000| Untracked 
|1955|0x00000000fa300000, 0x00000000fa400000, 0x00000000fa400000|100%| O|  |TAMS 0x00000000fa300000| PB 0x00000000fa300000| Untracked 
|1956|0x00000000fa400000, 0x00000000fa500000, 0x00000000fa500000|100%| O|  |TAMS 0x00000000fa400000| PB 0x00000000fa400000| Untracked 
|1957|0x00000000fa500000, 0x00000000fa600000, 0x00000000fa600000|100%| O|  |TAMS 0x00000000fa500000| PB 0x00000000fa500000| Untracked 
|1958|0x00000000fa600000, 0x00000000fa700000, 0x00000000fa700000|100%| O|  |TAMS 0x00000000fa600000| PB 0x00000000fa600000| Untracked 
|1959|0x00000000fa700000, 0x00000000fa800000, 0x00000000fa800000|100%| O|  |TAMS 0x00000000fa700000| PB 0x00000000fa700000| Untracked 
|1960|0x00000000fa800000, 0x00000000fa900000, 0x00000000fa900000|100%| O|  |TAMS 0x00000000fa800000| PB 0x00000000fa800000| Untracked 
|1961|0x00000000fa900000, 0x00000000faa00000, 0x00000000faa00000|100%| O|  |TAMS 0x00000000fa900000| PB 0x00000000fa900000| Untracked 
|1962|0x00000000faa00000, 0x00000000fab00000, 0x00000000fab00000|100%| O|  |TAMS 0x00000000faa00000| PB 0x00000000faa00000| Untracked 
|1963|0x00000000fab00000, 0x00000000fac00000, 0x00000000fac00000|100%| O|  |TAMS 0x00000000fab00000| PB 0x00000000fab00000| Untracked 
|1964|0x00000000fac00000, 0x00000000fad00000, 0x00000000fad00000|100%| O|  |TAMS 0x00000000fac00000| PB 0x00000000fac00000| Untracked 
|1965|0x00000000fad00000, 0x00000000fae00000, 0x00000000fae00000|100%| O|  |TAMS 0x00000000fad00000| PB 0x00000000fad00000| Untracked 
|1966|0x00000000fae00000, 0x00000000faf00000, 0x00000000faf00000|100%| O|  |TAMS 0x00000000fae00000| PB 0x00000000fae00000| Untracked 
|1967|0x00000000faf00000, 0x00000000fb000000, 0x00000000fb000000|100%| O|  |TAMS 0x00000000faf00000| PB 0x00000000faf00000| Untracked 
|1968|0x00000000fb000000, 0x00000000fb100000, 0x00000000fb100000|100%| O|  |TAMS 0x00000000fb000000| PB 0x00000000fb000000| Untracked 
|1969|0x00000000fb100000, 0x00000000fb200000, 0x00000000fb200000|100%| O|  |TAMS 0x00000000fb100000| PB 0x00000000fb100000| Untracked 
|1970|0x00000000fb200000, 0x00000000fb300000, 0x00000000fb300000|100%| O|  |TAMS 0x00000000fb200000| PB 0x00000000fb200000| Untracked 
|1971|0x00000000fb300000, 0x00000000fb400000, 0x00000000fb400000|100%| O|  |TAMS 0x00000000fb300000| PB 0x00000000fb300000| Untracked 
|1972|0x00000000fb400000, 0x00000000fb500000, 0x00000000fb500000|100%| O|  |TAMS 0x00000000fb400000| PB 0x00000000fb400000| Untracked 
|1973|0x00000000fb500000, 0x00000000fb600000, 0x00000000fb600000|100%| O|  |TAMS 0x00000000fb500000| PB 0x00000000fb500000| Untracked 
|1974|0x00000000fb600000, 0x00000000fb700000, 0x00000000fb700000|100%| O|  |TAMS 0x00000000fb600000| PB 0x00000000fb600000| Untracked 
|1975|0x00000000fb700000, 0x00000000fb800000, 0x00000000fb800000|100%| O|  |TAMS 0x00000000fb700000| PB 0x00000000fb700000| Untracked 
|1976|0x00000000fb800000, 0x00000000fb900000, 0x00000000fb900000|100%| O|  |TAMS 0x00000000fb800000| PB 0x00000000fb800000| Untracked 
|1977|0x00000000fb900000, 0x00000000fba00000, 0x00000000fba00000|100%| O|  |TAMS 0x00000000fb900000| PB 0x00000000fb900000| Untracked 
|1978|0x00000000fba00000, 0x00000000fbb00000, 0x00000000fbb00000|100%| O|  |TAMS 0x00000000fba00000| PB 0x00000000fba00000| Untracked 
|1979|0x00000000fbb00000, 0x00000000fbc00000, 0x00000000fbc00000|100%| O|  |TAMS 0x00000000fbb00000| PB 0x00000000fbb00000| Untracked 
|1980|0x00000000fbc00000, 0x00000000fbd00000, 0x00000000fbd00000|100%| O|  |TAMS 0x00000000fbc00000| PB 0x00000000fbc00000| Untracked 
|1981|0x00000000fbd00000, 0x00000000fbe00000, 0x00000000fbe00000|100%| O|  |TAMS 0x00000000fbd00000| PB 0x00000000fbd00000| Untracked 
|1982|0x00000000fbe00000, 0x00000000fbf00000, 0x00000000fbf00000|100%| O|  |TAMS 0x00000000fbe00000| PB 0x00000000fbe00000| Untracked 
|1983|0x00000000fbf00000, 0x00000000fc000000, 0x00000000fc000000|100%| O|  |TAMS 0x00000000fbf00000| PB 0x00000000fbf00000| Untracked 
|1984|0x00000000fc000000, 0x00000000fc100000, 0x00000000fc100000|100%| O|  |TAMS 0x00000000fc000000| PB 0x00000000fc000000| Untracked 
|1985|0x00000000fc100000, 0x00000000fc200000, 0x00000000fc200000|100%| O|  |TAMS 0x00000000fc100000| PB 0x00000000fc100000| Untracked 
|1986|0x00000000fc200000, 0x00000000fc300000, 0x00000000fc300000|100%| O|  |TAMS 0x00000000fc200000| PB 0x00000000fc200000| Untracked 
|1987|0x00000000fc300000, 0x00000000fc400000, 0x00000000fc400000|100%| O|  |TAMS 0x00000000fc300000| PB 0x00000000fc300000| Untracked 
|1988|0x00000000fc400000, 0x00000000fc500000, 0x00000000fc500000|100%| O|  |TAMS 0x00000000fc400000| PB 0x00000000fc400000| Untracked 
|1989|0x00000000fc500000, 0x00000000fc600000, 0x00000000fc600000|100%| O|  |TAMS 0x00000000fc500000| PB 0x00000000fc500000| Untracked 
|1990|0x00000000fc600000, 0x00000000fc700000, 0x00000000fc700000|100%| O|  |TAMS 0x00000000fc600000| PB 0x00000000fc600000| Untracked 
|1991|0x00000000fc700000, 0x00000000fc800000, 0x00000000fc800000|100%| O|  |TAMS 0x00000000fc700000| PB 0x00000000fc700000| Untracked 
|1992|0x00000000fc800000, 0x00000000fc900000, 0x00000000fc900000|100%| O|  |TAMS 0x00000000fc800000| PB 0x00000000fc800000| Untracked 
|1993|0x00000000fc900000, 0x00000000fca00000, 0x00000000fca00000|100%| O|  |TAMS 0x00000000fc900000| PB 0x00000000fc900000| Untracked 
|1994|0x00000000fca00000, 0x00000000fcb00000, 0x00000000fcb00000|100%| O|  |TAMS 0x00000000fca00000| PB 0x00000000fca00000| Untracked 
|1995|0x00000000fcb00000, 0x00000000fcc00000, 0x00000000fcc00000|100%| O|  |TAMS 0x00000000fcb00000| PB 0x00000000fcb00000| Untracked 
|1996|0x00000000fcc00000, 0x00000000fcd00000, 0x00000000fcd00000|100%| O|  |TAMS 0x00000000fcc00000| PB 0x00000000fcc00000| Untracked 
|1997|0x00000000fcd00000, 0x00000000fce00000, 0x00000000fce00000|100%| O|  |TAMS 0x00000000fcd00000| PB 0x00000000fcd00000| Untracked 
|1998|0x00000000fce00000, 0x00000000fcf00000, 0x00000000fcf00000|100%| O|  |TAMS 0x00000000fce00000| PB 0x00000000fce00000| Untracked 
|1999|0x00000000fcf00000, 0x00000000fd000000, 0x00000000fd000000|100%| O|  |TAMS 0x00000000fcf00000| PB 0x00000000fcf00000| Untracked 
|2000|0x00000000fd000000, 0x00000000fd100000, 0x00000000fd100000|100%| O|  |TAMS 0x00000000fd000000| PB 0x00000000fd000000| Untracked 
|2001|0x00000000fd100000, 0x00000000fd200000, 0x00000000fd200000|100%| O|  |TAMS 0x00000000fd100000| PB 0x00000000fd100000| Untracked 
|2002|0x00000000fd200000, 0x00000000fd300000, 0x00000000fd300000|100%| O|  |TAMS 0x00000000fd200000| PB 0x00000000fd200000| Untracked 
|2003|0x00000000fd300000, 0x00000000fd400000, 0x00000000fd400000|100%| O|  |TAMS 0x00000000fd300000| PB 0x00000000fd300000| Untracked 
|2004|0x00000000fd400000, 0x00000000fd500000, 0x00000000fd500000|100%| O|  |TAMS 0x00000000fd400000| PB 0x00000000fd400000| Untracked 
|2005|0x00000000fd500000, 0x00000000fd600000, 0x00000000fd600000|100%| O|  |TAMS 0x00000000fd500000| PB 0x00000000fd500000| Untracked 
|2006|0x00000000fd600000, 0x00000000fd700000, 0x00000000fd700000|100%| O|  |TAMS 0x00000000fd600000| PB 0x00000000fd600000| Untracked 
|2007|0x00000000fd700000, 0x00000000fd800000, 0x00000000fd800000|100%| O|  |TAMS 0x00000000fd700000| PB 0x00000000fd700000| Untracked 
|2008|0x00000000fd800000, 0x00000000fd900000, 0x00000000fd900000|100%| O|  |TAMS 0x00000000fd800000| PB 0x00000000fd800000| Untracked 
|2009|0x00000000fd900000, 0x00000000fda00000, 0x00000000fda00000|100%| O|  |TAMS 0x00000000fd900000| PB 0x00000000fd900000| Untracked 
|2010|0x00000000fda00000, 0x00000000fdb00000, 0x00000000fdb00000|100%| O|  |TAMS 0x00000000fda00000| PB 0x00000000fda00000| Untracked 
|2011|0x00000000fdb00000, 0x00000000fdc00000, 0x00000000fdc00000|100%| O|  |TAMS 0x00000000fdb00000| PB 0x00000000fdb00000| Untracked 
|2012|0x00000000fdc00000, 0x00000000fdd00000, 0x00000000fdd00000|100%| O|  |TAMS 0x00000000fdc00000| PB 0x00000000fdc00000| Untracked 
|2013|0x00000000fdd00000, 0x00000000fde00000, 0x00000000fde00000|100%| O|  |TAMS 0x00000000fdd00000| PB 0x00000000fdd00000| Untracked 
|2014|0x00000000fde00000, 0x00000000fdf00000, 0x00000000fdf00000|100%| O|  |TAMS 0x00000000fde00000| PB 0x00000000fde00000| Untracked 
|2015|0x00000000fdf00000, 0x00000000fe000000, 0x00000000fe000000|100%| O|  |TAMS 0x00000000fdf00000| PB 0x00000000fdf00000| Untracked 
|2016|0x00000000fe000000, 0x00000000fe100000, 0x00000000fe100000|100%| O|  |TAMS 0x00000000fe000000| PB 0x00000000fe000000| Untracked 
|2017|0x00000000fe100000, 0x00000000fe200000, 0x00000000fe200000|100%| O|  |TAMS 0x00000000fe200000| PB 0x00000000fe200000| Untracked 
|2018|0x00000000fe200000, 0x00000000fe300000, 0x00000000fe300000|100%| O|  |TAMS 0x00000000fe200000| PB 0x00000000fe200000| Untracked 
|2019|0x00000000fe300000, 0x00000000fe400000, 0x00000000fe400000|100%| O|  |TAMS 0x00000000fe300000| PB 0x00000000fe300000| Untracked 
|2020|0x00000000fe400000, 0x00000000fe500000, 0x00000000fe500000|100%| O|  |TAMS 0x00000000fe400000| PB 0x00000000fe400000| Untracked 
|2021|0x00000000fe500000, 0x00000000fe600000, 0x00000000fe600000|100%| O|  |TAMS 0x00000000fe500000| PB 0x00000000fe500000| Untracked 
|2022|0x00000000fe600000, 0x00000000fe700000, 0x00000000fe700000|100%| O|  |TAMS 0x00000000fe600000| PB 0x00000000fe600000| Untracked 
|2023|0x00000000fe700000, 0x00000000fe800000, 0x00000000fe800000|100%| O|  |TAMS 0x00000000fe700000| PB 0x00000000fe700000| Untracked 
|2024|0x00000000fe800000, 0x00000000fe900000, 0x00000000fe900000|100%| O|  |TAMS 0x00000000fe800000| PB 0x00000000fe800000| Untracked 
|2025|0x00000000fe900000, 0x00000000fea00000, 0x00000000fea00000|100%| O|  |TAMS 0x00000000fe900000| PB 0x00000000fe900000| Untracked 
|2026|0x00000000fea00000, 0x00000000feb00000, 0x00000000feb00000|100%| O|  |TAMS 0x00000000fea00000| PB 0x00000000fea00000| Untracked 
|2027|0x00000000feb00000, 0x00000000fec00000, 0x00000000fec00000|100%| O|  |TAMS 0x00000000feb00000| PB 0x00000000feb00000| Untracked 
|2028|0x00000000fec00000, 0x00000000fed00000, 0x00000000fed00000|100%| O|  |TAMS 0x00000000fec00000| PB 0x00000000fec00000| Untracked 
|2029|0x00000000fed00000, 0x00000000fee00000, 0x00000000fee00000|100%| O|  |TAMS 0x00000000fed00000| PB 0x00000000fed00000| Untracked 
|2030|0x00000000fee00000, 0x00000000fef00000, 0x00000000fef00000|100%| O|  |TAMS 0x00000000fee00000| PB 0x00000000fee00000| Untracked 
|2031|0x00000000fef00000, 0x00000000ff000000, 0x00000000ff000000|100%| O|  |TAMS 0x00000000fef00000| PB 0x00000000fef00000| Untracked 
|2032|0x00000000ff000000, 0x00000000ff100000, 0x00000000ff100000|100%| O|  |TAMS 0x00000000ff000000| PB 0x00000000ff000000| Untracked 
|2033|0x00000000ff100000, 0x00000000ff200000, 0x00000000ff200000|100%| O|  |TAMS 0x00000000ff100000| PB 0x00000000ff100000| Untracked 
|2034|0x00000000ff200000, 0x00000000ff300000, 0x00000000ff300000|100%| O|  |TAMS 0x00000000ff200000| PB 0x00000000ff200000| Untracked 
|2035|0x00000000ff300000, 0x00000000ff400000, 0x00000000ff400000|100%| O|  |TAMS 0x00000000ff300000| PB 0x00000000ff300000| Untracked 
|2036|0x00000000ff400000, 0x00000000ff500000, 0x00000000ff500000|100%| O|  |TAMS 0x00000000ff400000| PB 0x00000000ff400000| Untracked 
|2037|0x00000000ff500000, 0x00000000ff600000, 0x00000000ff600000|100%| O|  |TAMS 0x00000000ff500000| PB 0x00000000ff500000| Untracked 
|2038|0x00000000ff600000, 0x00000000ff700000, 0x00000000ff700000|100%| O|  |TAMS 0x00000000ff600000| PB 0x00000000ff600000| Untracked 
|2039|0x00000000ff700000, 0x00000000ff800000, 0x00000000ff800000|100%| O|  |TAMS 0x00000000ff700000| PB 0x00000000ff700000| Untracked 
|2040|0x00000000ff800000, 0x00000000ff900000, 0x00000000ff900000|100%| O|  |TAMS 0x00000000ff800000| PB 0x00000000ff800000| Untracked 
|2041|0x00000000ff900000, 0x00000000ffa00000, 0x00000000ffa00000|100%| O|  |TAMS 0x00000000ff900000| PB 0x00000000ff900000| Untracked 
|2042|0x00000000ffa00000, 0x00000000ffb00000, 0x00000000ffb00000|100%| O|  |TAMS 0x00000000ffa00000| PB 0x00000000ffa00000| Untracked 
|2043|0x00000000ffb00000, 0x00000000ffc00000, 0x00000000ffc00000|100%| O|  |TAMS 0x00000000ffb00000| PB 0x00000000ffb00000| Untracked 
|2044|0x00000000ffc00000, 0x00000000ffd00000, 0x00000000ffd00000|100%| O|  |TAMS 0x00000000ffc00000| PB 0x00000000ffc00000| Untracked 
|2045|0x00000000ffd00000, 0x00000000ffe00000, 0x00000000ffe00000|100%| O|  |TAMS 0x00000000ffd00000| PB 0x00000000ffd00000| Untracked 
|2046|0x00000000ffe00000, 0x00000000fff00000, 0x00000000fff00000|100%| O|  |TAMS 0x00000000ffe00000| PB 0x00000000ffe00000| Untracked 
|2047|0x00000000fff00000, 0x0000000100000000, 0x0000000100000000|100%| O|  |TAMS 0x00000000fff00000| PB 0x00000000fff00000| Untracked 

Card table byte_map: [0x000002689cb30000,0x000002689cf30000] _byte_map_base: 0x000002689c730000

Marking Bits: (CMBitMap*) 0x0000026884b168a0
 Bits: [0x000002689cf30000, 0x000002689ef30000)

Polling page: 0x0000026882800000

Metaspace:

Usage:
  Non-class:    428.12 MB used.
      Class:     58.28 MB used.
       Both:    486.40 MB used.

Virtual space:
  Non-class space:      448.00 MB reserved,     429.31 MB ( 96%) committed,  7 nodes.
      Class space:        1.00 GB reserved,      59.69 MB (  6%) committed,  1 nodes.
             Both:        1.44 GB reserved,     489.00 MB ( 33%) committed. 

Chunk freelists:
   Non-Class:  18.66 MB
       Class:  4.79 MB
        Both:  23.45 MB

MaxMetaspaceSize: unlimited
CompressedClassSpaceSize: 1.00 GB
Initial GC threshold: 21.00 MB
Current GC threshold: 829.06 MB
CDS: on
 - commit_granule_bytes: 65536.
 - commit_granule_words: 8192.
 - virtual_space_node_default_size: 8388608.
 - enlarge_chunks_in_place: 1.
 - use_allocation_guard: 0.


Internal statistics:

num_allocs_failed_limit: 9.
num_arena_births: 8010.
num_arena_deaths: 4790.
num_vsnodes_births: 8.
num_vsnodes_deaths: 0.
num_space_committed: 9212.
num_space_uncommitted: 427.
num_chunks_returned_to_freelist: 9603.
num_chunks_taken_from_freelist: 34089.
num_chunk_merges: 3421.
num_chunk_splits: 23373.
num_chunks_enlarged: 18223.
num_inconsistent_stats: 0.

CodeHeap 'non-profiled nmethods': size=120000Kb used=20029Kb max_used=46432Kb free=99970Kb
 bounds [0x0000026894cb0000, 0x0000026897a10000, 0x000002689c1e0000]
CodeHeap 'profiled nmethods': size=120000Kb used=14722Kb max_used=93813Kb free=105277Kb
 bounds [0x000002688d1e0000, 0x0000026892d90000, 0x0000026894710000]
CodeHeap 'non-nmethods': size=5760Kb used=2733Kb max_used=2857Kb free=3027Kb
 bounds [0x0000026894710000, 0x00000268949f0000, 0x0000026894cb0000]
CodeCache: size=245760Kb, used=37484Kb, max_used=143102Kb, free=208274Kb
 total_blobs=12929, nmethods=11447, adapters=1382, full_count=0
Compilation: enabled, stopped_count=0, restarted_count=0

Compilation events (20 events):
Event: 2264.984 Thread 0x00000268a1aa75a0 nmethod 180928 0x0000026896a4df10 code [0x0000026896a4e0a0, 0x0000026896a4e168]
Event: 2264.984 Thread 0x00000268a1aa75a0 180930       1       com.android.tools.r8.internal.xm0::o (4 bytes)
Event: 2264.984 Thread 0x00000268a1aa75a0 nmethod 180930 0x0000026896a4db90 code [0x0000026896a4dd20, 0x0000026896a4dde8]
Event: 2264.984 Thread 0x00000268a1aa75a0 180929       3       com.android.tools.r8.internal.mj0::a (16 bytes)
Event: 2264.985 Thread 0x00000268a1aa75a0 nmethod 180929 0x00000268923b2990 code [0x00000268923b2b40, 0x00000268923b2d98]
Event: 2264.996 Thread 0x00000268a1a9e790 nmethod 180925% 0x0000026895f0e290 code [0x0000026895f0e500, 0x0000026895f0f190]
Event: 2264.997 Thread 0x00000268a1a9e790 180926       4       com.android.tools.r8.internal.ak0::a (57 bytes)
Event: 2265.032 Thread 0x00000268a1a9e790 nmethod 180926 0x0000026896c7d490 code [0x0000026896c7d680, 0x0000026896c7da00]
Event: 2265.032 Thread 0x00000268a1a9e790 180932       4       com.android.tools.r8.internal.uk0::a (12 bytes)
Event: 2265.038 Thread 0x00000268a1a9e790 nmethod 180932 0x0000026896aa8590 code [0x0000026896aa8720, 0x0000026896aa88b0]
Event: 2265.038 Thread 0x00000268a1a9e790 180933       4       com.android.tools.r8.internal.db0::a (17 bytes)
Event: 2265.043 Thread 0x00000268a1a9e790 nmethod 180933 0x0000026896b21c90 code [0x0000026896b21e20, 0x0000026896b21fd0]
Event: 2265.043 Thread 0x00000268a1a9e790 180934       4       com.android.tools.r8.internal.ah0::a (17 bytes)
Event: 2265.049 Thread 0x00000268a1a9e790 nmethod 180934 0x0000026896d03190 code [0x0000026896d03320, 0x0000026896d034d0]
Event: 2265.049 Thread 0x00000268a1a9e790 180931       4       com.android.tools.r8.internal.em0::a (17 bytes)
Event: 2267.016 Thread 0x00000268a1a9e790 nmethod 180931 0x0000026894d2de90 code [0x0000026894d2e020, 0x0000026894d2e1d0]
Event: 2267.157 Thread 0x00000268a1aa75a0 180935       1       com.android.tools.r8.internal.jg0::o (3 bytes)
Event: 2267.157 Thread 0x00000268a1aa75a0 nmethod 180935 0x0000026894cb6c90 code [0x0000026894cb6e20, 0x0000026894cb6ee8]
Event: 2267.159 Thread 0x00000268a1a9e790 180936       4       com.android.tools.r8.internal.nj0::a (35 bytes)
Event: 2267.179 Thread 0x00000268a1a9e790 nmethod 180936 0x0000026895456e90 code [0x00000268954570e0, 0x0000026895457918]

GC Heap History (20 events):
Event: 2243.579 GC heap after
{Heap after GC invocations=389 (full 1):
 garbage-first heap   total 2097152K, used 1044606K [0x0000000080000000, 0x0000000100000000)
  region size 1024K, 69 young (70656K), 69 survivors (70656K)
 Metaspace       used 495976K, committed 500480K, reserved 1507328K
  class space    used 59397K, committed 61120K, reserved 1048576K
}
Event: 2246.158 GC heap before
{Heap before GC invocations=390 (full 1):
 garbage-first heap   total 2097152K, used 1612926K [0x0000000080000000, 0x0000000100000000)
  region size 1024K, 602 young (616448K), 69 survivors (70656K)
 Metaspace       used 495989K, committed 500480K, reserved 1507328K
  class space    used 59399K, committed 61120K, reserved 1048576K
}
Event: 2246.335 GC heap after
{Heap after GC invocations=391 (full 1):
 garbage-first heap   total 2097152K, used 1138302K [0x0000000080000000, 0x0000000100000000)
  region size 1024K, 71 young (72704K), 71 survivors (72704K)
 Metaspace       used 495989K, committed 500480K, reserved 1507328K
  class space    used 59399K, committed 61120K, reserved 1048576K
}
Event: 2252.862 GC heap before
{Heap before GC invocations=391 (full 1):
 garbage-first heap   total 2097152K, used 1871486K [0x0000000080000000, 0x0000000100000000)
  region size 1024K, 769 young (787456K), 71 survivors (72704K)
 Metaspace       used 498106K, committed 500672K, reserved 1507328K
  class space    used 59708K, committed 61120K, reserved 1048576K
}
Event: 2253.016 GC heap after
{Heap after GC invocations=392 (full 1):
 garbage-first heap   total 2097152K, used 1199525K [0x0000000080000000, 0x0000000100000000)
  region size 1024K, 45 young (46080K), 45 survivors (46080K)
 Metaspace       used 498106K, committed 500672K, reserved 1507328K
  class space    used 59708K, committed 61120K, reserved 1048576K
}
Event: 2253.410 GC heap before
{Heap before GC invocations=392 (full 1):
 garbage-first heap   total 2097152K, used 1291685K [0x0000000080000000, 0x0000000100000000)
  region size 1024K, 136 young (139264K), 45 survivors (46080K)
 Metaspace       used 498106K, committed 500672K, reserved 1507328K
  class space    used 59708K, committed 61120K, reserved 1048576K
}
Event: 2253.478 GC heap after
{Heap after GC invocations=393 (full 1):
 garbage-first heap   total 2097152K, used 1200485K [0x0000000080000000, 0x0000000100000000)
  region size 1024K, 2 young (2048K), 2 survivors (2048K)
 Metaspace       used 498106K, committed 500672K, reserved 1507328K
  class space    used 59708K, committed 61120K, reserved 1048576K
}
Event: 2256.630 GC heap before
{Heap before GC invocations=394 (full 1):
 garbage-first heap   total 2097152K, used 1443536K [0x0000000080000000, 0x0000000100000000)
  region size 1024K, 336 young (344064K), 2 survivors (2048K)
 Metaspace       used 498107K, committed 500672K, reserved 1507328K
  class space    used 59708K, committed 61120K, reserved 1048576K
}
Event: 2256.674 GC heap after
{Heap after GC invocations=395 (full 1):
 garbage-first heap   total 2097152K, used 1114224K [0x0000000080000000, 0x0000000100000000)
  region size 1024K, 14 young (14336K), 14 survivors (14336K)
 Metaspace       used 498107K, committed 500672K, reserved 1507328K
  class space    used 59708K, committed 61120K, reserved 1048576K
}
Event: 2262.494 GC heap before
{Heap before GC invocations=395 (full 1):
 garbage-first heap   total 2097152K, used 2026608K [0x0000000080000000, 0x0000000100000000)
  region size 1024K, 806 young (825344K), 14 survivors (14336K)
 Metaspace       used 498189K, committed 500736K, reserved 1507328K
  class space    used 59712K, committed 61120K, reserved 1048576K
}
Event: 2262.702 GC heap after
{Heap after GC invocations=396 (full 1):
 garbage-first heap   total 2097152K, used 1289096K [0x0000000080000000, 0x0000000100000000)
  region size 1024K, 51 young (52224K), 51 survivors (52224K)
 Metaspace       used 498189K, committed 500736K, reserved 1507328K
  class space    used 59712K, committed 61120K, reserved 1048576K
}
Event: 2262.704 GC heap before
{Heap before GC invocations=396 (full 1):
 garbage-first heap   total 2097152K, used 1289096K [0x0000000080000000, 0x0000000100000000)
  region size 1024K, 52 young (53248K), 51 survivors (52224K)
 Metaspace       used 498189K, committed 500736K, reserved 1507328K
  class space    used 59712K, committed 61120K, reserved 1048576K
}
Event: 2262.828 GC heap after
{Heap after GC invocations=397 (full 1):
 garbage-first heap   total 2097152K, used 1294472K [0x0000000080000000, 0x0000000100000000)
  region size 1024K, 5 young (5120K), 5 survivors (5120K)
 Metaspace       used 498189K, committed 500736K, reserved 1507328K
  class space    used 59712K, committed 61120K, reserved 1048576K
}
Event: 2264.232 GC heap before
{Heap before GC invocations=397 (full 1):
 garbage-first heap   total 2097152K, used 2077832K [0x0000000080000000, 0x0000000100000000)
  region size 1024K, 599 young (613376K), 5 survivors (5120K)
 Metaspace       used 498201K, committed 500736K, reserved 1507328K
  class space    used 59714K, committed 61120K, reserved 1048576K
}
Event: 2264.372 GC heap after
{Heap after GC invocations=398 (full 1):
 garbage-first heap   total 2097152K, used 1853320K [0x0000000080000000, 0x0000000100000000)
  region size 1024K, 13 young (13312K), 13 survivors (13312K)
 Metaspace       used 498201K, committed 500736K, reserved 1507328K
  class space    used 59714K, committed 61120K, reserved 1048576K
}
Event: 2265.004 GC heap before
{Heap before GC invocations=398 (full 1):
 garbage-first heap   total 2097152K, used 1987464K [0x0000000080000000, 0x0000000100000000)
  region size 1024K, 144 young (147456K), 13 survivors (13312K)
 Metaspace       used 498203K, committed 500736K, reserved 1507328K
  class space    used 59714K, committed 61120K, reserved 1048576K
}
Event: 2265.031 GC heap after
{Heap after GC invocations=399 (full 1):
 garbage-first heap   total 2097152K, used 1834756K [0x0000000080000000, 0x0000000100000000)
  region size 1024K, 3 young (3072K), 3 survivors (3072K)
 Metaspace       used 498203K, committed 500736K, reserved 1507328K
  class space    used 59714K, committed 61120K, reserved 1048576K
}
Event: 2267.209 GC heap before
{Heap before GC invocations=399 (full 1):
 garbage-first heap   total 2097152K, used 1850116K [0x0000000080000000, 0x0000000100000000)
  region size 1024K, 24 young (24576K), 3 survivors (3072K)
 Metaspace       used 498071K, committed 500736K, reserved 1507328K
  class space    used 59679K, committed 61120K, reserved 1048576K
}
Event: 2267.213 GC heap after
{Heap after GC invocations=400 (full 1):
 garbage-first heap   total 2097152K, used 1828152K [0x0000000080000000, 0x0000000100000000)
  region size 1024K, 1 young (1024K), 1 survivors (1024K)
 Metaspace       used 498071K, committed 500736K, reserved 1507328K
  class space    used 59679K, committed 61120K, reserved 1048576K
}
Event: 2267.213 GC heap before
{Heap before GC invocations=400 (full 1):
 garbage-first heap   total 2097152K, used 1828152K [0x0000000080000000, 0x0000000100000000)
  region size 1024K, 1 young (1024K), 1 survivors (1024K)
 Metaspace       used 498071K, committed 500736K, reserved 1507328K
  class space    used 59679K, committed 61120K, reserved 1048576K
}

Dll operation events (17 events):
Event: 0.022 Loaded shared library C:\Users\hulbe\.jdks\ms-21.0.10\bin\java.dll
Event: 0.075 Loaded shared library C:\Users\hulbe\.jdks\ms-21.0.10\bin\jsvml.dll
Event: 0.135 Loaded shared library C:\Users\hulbe\.jdks\ms-21.0.10\bin\zip.dll
Event: 0.143 Loaded shared library C:\Users\hulbe\.jdks\ms-21.0.10\bin\instrument.dll
Event: 0.150 Loaded shared library C:\Users\hulbe\.jdks\ms-21.0.10\bin\net.dll
Event: 0.155 Loaded shared library C:\Users\hulbe\.jdks\ms-21.0.10\bin\nio.dll
Event: 0.161 Loaded shared library C:\Users\hulbe\.jdks\ms-21.0.10\bin\zip.dll
Event: 0.343 Loaded shared library C:\Users\hulbe\.jdks\ms-21.0.10\bin\jimage.dll
Event: 0.543 Loaded shared library C:\Users\hulbe\.jdks\ms-21.0.10\bin\verify.dll
Event: 0.606 Loaded shared library C:\Users\hulbe\.gradle\native\660c5614fbf4a5f2a75b1949f50a0caf5cd603558e7d8a26e50b933a0cfb79d1\windows-amd64\native-platform.dll
Event: 0.637 Loaded shared library C:\Users\hulbe\.gradle\native\0.2.8\x86_64-windows-gnu\gradle-fileevents.dll
Event: 1.495 Loaded shared library C:\Users\hulbe\.jdks\ms-21.0.10\bin\management.dll
Event: 1.498 Loaded shared library C:\Users\hulbe\.jdks\ms-21.0.10\bin\management_ext.dll
Event: 1.716 Loaded shared library C:\Users\hulbe\.jdks\ms-21.0.10\bin\extnet.dll
Event: 2.007 Loaded shared library C:\Users\hulbe\.jdks\ms-21.0.10\bin\sunmscapi.dll
Event: 41.626 Loaded shared library C:\Users\hulbe\.jdks\ms-21.0.10\bin\awt.dll
Event: 49.498 Loaded shared library C:\Users\hulbe\.jdks\ms-21.0.10\bin\rmi.dll

Deoptimization events (20 events):
Event: 2261.893 Thread 0x0000026921a09980 DEOPT PACKING pc=0x000002688e78877d sp=0x000000890c6fec50
Event: 2261.893 Thread 0x0000026921a09980 DEOPT UNPACKING pc=0x0000026894764bc2 sp=0x000000890c6fe208 mode 0
Event: 2262.276 Thread 0x000002690c1529f0 Uncommon trap: trap_request=0xffffffde fr.pc=0x00000268956ff8a4 relative=0x0000000000002244
Event: 2262.276 Thread 0x000002690c1529f0 Uncommon trap: reason=class_check action=maybe_recompile pc=0x00000268956ff8a4 method=com.android.tools.r8.graph.i2.a(Lcom/android/tools/r8/dex/n0;)V @ 12 c2
Event: 2262.276 Thread 0x000002690c1529f0 DEOPT PACKING pc=0x00000268956ff8a4 sp=0x000000890c5fe9c0
Event: 2262.276 Thread 0x000002690c1529f0 DEOPT UNPACKING pc=0x0000026894764422 sp=0x000000890c5fe8a0 mode 2
Event: 2263.064 Thread 0x0000026921eab5f0 DEOPT PACKING pc=0x000002688e07d31c sp=0x000000890bdfe770
Event: 2263.064 Thread 0x0000026921eab5f0 DEOPT UNPACKING pc=0x0000026894764bc2 sp=0x000000890bdfdca0 mode 0
Event: 2263.382 Thread 0x000002690c1529f0 Uncommon trap: trap_request=0xffffffde fr.pc=0x0000026895e07370 relative=0x0000000000000790
Event: 2263.383 Thread 0x000002690c1529f0 Uncommon trap: reason=class_check action=maybe_recompile pc=0x0000026895e07370 method=com.android.tools.r8.dex.r.<init>(Lcom/android/tools/r8/graph/y2;Lcom/android/tools/r8/graph/ac;Lcom/android/tools/r8/internal/c11;Lcom/android/tools/r8/internal/c11;)V 
Event: 2263.383 Thread 0x000002690c1529f0 DEOPT PACKING pc=0x0000026895e07370 sp=0x000000890c5feab0
Event: 2263.383 Thread 0x000002690c1529f0 DEOPT UNPACKING pc=0x0000026894764422 sp=0x000000890c5fea60 mode 2
Event: 2263.383 Thread 0x000002690c1529f0 Uncommon trap: trap_request=0xffffffde fr.pc=0x0000026895e07d9c relative=0x00000000000003bc
Event: 2263.383 Thread 0x000002690c1529f0 Uncommon trap: reason=class_check action=maybe_recompile pc=0x0000026895e07d9c method=com.android.tools.r8.dex.r.a()[B @ 23 c2
Event: 2263.383 Thread 0x000002690c1529f0 DEOPT PACKING pc=0x0000026895e07d9c sp=0x000000890c5feab0
Event: 2263.383 Thread 0x000002690c1529f0 DEOPT UNPACKING pc=0x0000026894764422 sp=0x000000890c5fea48 mode 2
Event: 2263.948 Thread 0x0000026921eab5f0 Uncommon trap: trap_request=0xffffff45 fr.pc=0x000002689540c428 relative=0x00000000000019e8
Event: 2263.948 Thread 0x0000026921eab5f0 Uncommon trap: reason=unstable_if action=reinterpret pc=0x000002689540c428 method=java.lang.ThreadLocal.get(Ljava/lang/Thread;)Ljava/lang/Object; @ 7 c2
Event: 2263.948 Thread 0x0000026921eab5f0 DEOPT PACKING pc=0x000002689540c428 sp=0x000000890bdfe830
Event: 2263.952 Thread 0x0000026921eab5f0 DEOPT UNPACKING pc=0x0000026894764422 sp=0x000000890bdfe468 mode 2

Classes loaded (20 events):
Event: 2238.335 Loading class sun/management/MemoryNotifInfoCompositeData
Event: 2238.339 Loading class sun/management/LazyCompositeData
Event: 2238.342 Loading class sun/management/LazyCompositeData done
Event: 2238.342 Loading class sun/management/MemoryNotifInfoCompositeData done
Event: 2238.343 Loading class sun/management/MappedMXBeanType
Event: 2238.349 Loading class sun/management/MappedMXBeanType done
Event: 2238.349 Loading class sun/management/MappedMXBeanType$InProgress
Event: 2238.351 Loading class sun/management/MappedMXBeanType$InProgress done
Event: 2238.352 Loading class sun/management/MappedMXBeanType$BasicMXBeanType
Event: 2238.354 Loading class sun/management/MappedMXBeanType$BasicMXBeanType done
Event: 2238.362 Loading class sun/management/MappedMXBeanType$CompositeDataMXBeanType
Event: 2238.364 Loading class sun/management/MappedMXBeanType$CompositeDataMXBeanType done
Event: 2238.365 Loading class sun/management/MappedMXBeanType$CompositeDataMXBeanType$1
Event: 2238.365 Loading class sun/management/MappedMXBeanType$CompositeDataMXBeanType$1 done
Event: 2238.366 Loading class sun/management/MappedMXBeanType$CompositeDataMXBeanType$2
Event: 2238.366 Loading class sun/management/MappedMXBeanType$CompositeDataMXBeanType$2 done
Event: 2238.368 Loading class sun/management/MemoryUsageCompositeData
Event: 2238.371 Loading class sun/management/MemoryUsageCompositeData done
Event: 2238.371 Loading class javax/management/openmbean/CompositeDataSupport
Event: 2238.375 Loading class javax/management/openmbean/CompositeDataSupport done

Classes unloaded (20 events):
Event: 2265.057 Thread 0x00000268a1a76fe0 Unloading class 0x00000268a54a9800 'java/lang/invoke/LambdaForm$MH+0x00000268a54a9800'
Event: 2265.057 Thread 0x00000268a1a76fe0 Unloading class 0x00000268a54b0800 'java/lang/invoke/LambdaForm$MH+0x00000268a54b0800'
Event: 2265.058 Thread 0x00000268a1a76fe0 Unloading class 0x00000268a54b1800 'java/lang/invoke/LambdaForm$MH+0x00000268a54b1800'
Event: 2265.059 Thread 0x00000268a1a76fe0 Unloading class 0x00000268a54c0000 'java/lang/invoke/LambdaForm$MH+0x00000268a54c0000'
Event: 2265.059 Thread 0x00000268a1a76fe0 Unloading class 0x00000268a54ca800 'java/lang/invoke/LambdaForm$MH+0x00000268a54ca800'
Event: 2265.059 Thread 0x00000268a1a76fe0 Unloading class 0x00000268a54d4400 'java/lang/invoke/LambdaForm$MH+0x00000268a54d4400'
Event: 2265.059 Thread 0x00000268a1a76fe0 Unloading class 0x00000268a54d4800 'java/lang/invoke/LambdaForm$MH+0x00000268a54d4800'
Event: 2265.059 Thread 0x00000268a1a76fe0 Unloading class 0x00000268a54d5400 'java/lang/invoke/LambdaForm$MH+0x00000268a54d5400'
Event: 2265.059 Thread 0x00000268a1a76fe0 Unloading class 0x00000268a55a0400 'java/lang/invoke/LambdaForm$MH+0x00000268a55a0400'
Event: 2265.059 Thread 0x00000268a1a76fe0 Unloading class 0x00000268a55a2c00 'java/lang/invoke/LambdaForm$MH+0x00000268a55a2c00'
Event: 2265.059 Thread 0x00000268a1a76fe0 Unloading class 0x00000268a55a5400 'java/lang/invoke/LambdaForm$MH+0x00000268a55a5400'
Event: 2265.059 Thread 0x00000268a1a76fe0 Unloading class 0x00000268a55a5800 'java/lang/invoke/LambdaForm$MH+0x00000268a55a5800'
Event: 2265.059 Thread 0x00000268a1a76fe0 Unloading class 0x00000268a4f58c00 'java/lang/invoke/LambdaForm$MH+0x00000268a4f58c00'
Event: 2265.059 Thread 0x00000268a1a76fe0 Unloading class 0x00000268a51a8400 'java/lang/invoke/LambdaForm$MH+0x00000268a51a8400'
Event: 2265.059 Thread 0x00000268a1a76fe0 Unloading class 0x00000268a5689c00 'java/lang/invoke/LambdaForm$MH+0x00000268a5689c00'
Event: 2265.059 Thread 0x00000268a1a76fe0 Unloading class 0x00000268a5129000 'java/lang/invoke/LambdaForm$MH+0x00000268a5129000'
Event: 2265.059 Thread 0x00000268a1a76fe0 Unloading class 0x00000268a4f4e000 'java/lang/invoke/LambdaForm$MH+0x00000268a4f4e000'
Event: 2265.059 Thread 0x00000268a1a76fe0 Unloading class 0x00000268a5050c00 'java/lang/invoke/LambdaForm$MH+0x00000268a5050c00'
Event: 2265.059 Thread 0x00000268a1a76fe0 Unloading class 0x00000268a4f38400 'java/lang/invoke/LambdaForm$MH+0x00000268a4f38400'
Event: 2265.059 Thread 0x00000268a1a76fe0 Unloading class 0x00000268a59dc800 'java/lang/invoke/LambdaForm$MH+0x00000268a59dc800'

Classes redefined (0 events):
No events

Internal exceptions (20 events):
Event: 2249.788 Thread 0x000002690baee440 Exception <a 'sun/nio/fs/WindowsException'{0x00000000e3e75be8}> (0x00000000e3e75be8) 
thrown [s\src\hotspot\share\prims\jni.cpp, line 520]
Event: 2249.788 Thread 0x0000026905cd1280 Exception <a 'sun/nio/fs/WindowsException'{0x00000000e3dbbf08}> (0x00000000e3dbbf08) 
thrown [s\src\hotspot\share\prims\jni.cpp, line 520]
Event: 2249.813 Thread 0x00000268e7fdda90 Exception <a 'sun/nio/fs/WindowsException'{0x00000000e3cc03a8}> (0x00000000e3cc03a8) 
thrown [s\src\hotspot\share\prims\jni.cpp, line 520]
Event: 2249.813 Thread 0x0000026905a73800 Exception <a 'sun/nio/fs/WindowsException'{0x00000000e3df9490}> (0x00000000e3df9490) 
thrown [s\src\hotspot\share\prims\jni.cpp, line 520]
Event: 2249.815 Thread 0x00000268e7fdda90 Exception <a 'sun/nio/fs/WindowsException'{0x00000000e3cc2e98}> (0x00000000e3cc2e98) 
thrown [s\src\hotspot\share\prims\jni.cpp, line 520]
Event: 2249.888 Thread 0x00000268e7fdda90 Exception <a 'sun/nio/fs/WindowsException'{0x00000000e3a89bd8}> (0x00000000e3a89bd8) 
thrown [s\src\hotspot\share\prims\jni.cpp, line 520]
Event: 2249.961 Thread 0x00000268e7fdda90 Exception <a 'sun/nio/fs/WindowsException'{0x00000000e35eb2f8}> (0x00000000e35eb2f8) 
thrown [s\src\hotspot\share\prims\jni.cpp, line 520]
Event: 2250.042 Thread 0x0000026905cd0bf0 Exception <a 'java/lang/NoSuchMethodError'{0x00000000e2ccf368}: static Lorg/jetbrains/kotlin/daemon/common/LoopbackNetworkInterface$AbstractClientLoopbackSocketFactory;.<clinit>()V> (0x00000000e2ccf368) 
thrown [s\src\hotspot\share\prims\jni.cpp, line 1111]
Event: 2250.044 Thread 0x0000026905cd0bf0 Exception <a 'java/lang/NoSuchMethodError'{0x00000000e2b09698}: static Lorg/jetbrains/kotlin/daemon/common/LoopbackNetworkInterface$ClientLoopbackSocketFactory;.<clinit>()V> (0x00000000e2b09698) 
thrown [s\src\hotspot\share\prims\jni.cpp, line 1111]
Event: 2250.063 Thread 0x0000026905cd0bf0 Exception <a 'java/lang/NoSuchMethodError'{0x00000000e2b0f750}: static [Ljava/rmi/server/ObjID;.<clinit>()V> (0x00000000e2b0f750) 
thrown [s\src\hotspot\share\prims\jni.cpp, line 1111]
Event: 2250.286 Thread 0x0000026905cd0bf0 Exception <a 'java/lang/NoSuchMethodError'{0x00000000e070d2b0}: static Lorg/jetbrains/kotlin/daemon/common/CompileService$CallResult;.<clinit>()V> (0x00000000e070d2b0) 
thrown [s\src\hotspot\share\prims\jni.cpp, line 1111]
Event: 2250.288 Thread 0x0000026905cd0bf0 Exception <a 'java/lang/NoSuchMethodError'{0x00000000e0719558}: static Lorg/jetbrains/kotlin/daemon/common/CompileService$CallResult$Good;.<clinit>()V> (0x00000000e0719558) 
thrown [s\src\hotspot\share\prims\jni.cpp, line 1111]
Event: 2250.291 Thread 0x0000026905cd0bf0 Exception <a 'java/lang/NoSuchMethodError'{0x00000000e07a68a0}: static Lorg/jetbrains/kotlin/daemon/common/DaemonJVMOptions;.<clinit>()V> (0x00000000e07a68a0) 
thrown [s\src\hotspot\share\prims\jni.cpp, line 1111]
Event: 2250.316 Thread 0x0000026905cd0bf0 Exception <a 'java/lang/NoSuchMethodError'{0x00000000e0404a50}: static Lorg/jetbrains/kotlin/daemon/common/CompileService$CallResult$Ok;.<clinit>()V> (0x00000000e0404a50) 
thrown [s\src\hotspot\share\prims\jni.cpp, line 1111]
Event: 2250.394 Thread 0x0000026905cd0bf0 Exception <a 'java/lang/NoSuchMethodError'{0x00000000dfef0200}: static [Ljava/lang/Integer;.<clinit>()V> (0x00000000dfef0200) 
thrown [s\src\hotspot\share\prims\jni.cpp, line 1111]
Event: 2263.948 Thread 0x0000026921eab5f0 Implicit null exception at 0x000002689540aed1 to 0x000002689540c3f4
Event: 2263.994 Thread 0x0000026921eab5f0 Exception <a 'sun/nio/fs/WindowsException'{0x00000000dcb978b0}> (0x00000000dcb978b0) 
thrown [s\src\hotspot\share\prims\jni.cpp, line 520]
Event: 2264.178 Thread 0x000002690c1529f0 Exception <a 'sun/nio/fs/WindowsException'{0x00000000d077b750}> (0x00000000d077b750) 
thrown [s\src\hotspot\share\prims\jni.cpp, line 520]
Event: 2264.600 Thread 0x000002691126b700 Exception <a 'sun/nio/fs/WindowsException'{0x00000000e7b7fbd8}> (0x00000000e7b7fbd8) 
thrown [s\src\hotspot\share\prims\jni.cpp, line 520]
Event: 2264.643 Thread 0x0000026921eafe20 Exception <a 'sun/nio/fs/WindowsException'{0x00000000e6854388}> (0x00000000e6854388) 
thrown [s\src\hotspot\share\prims\jni.cpp, line 520]

ZGC Phase Switch (0 events):
No events

VM Operations (20 events):
Event: 2258.675 Executing safepoint VM operation: Cleanup done
Event: 2259.676 Executing safepoint VM operation: Cleanup
Event: 2259.676 Executing safepoint VM operation: Cleanup done
Event: 2260.676 Executing safepoint VM operation: Cleanup
Event: 2260.676 Executing safepoint VM operation: Cleanup done
Event: 2262.483 Executing safepoint VM operation: G1CollectForAllocation (G1 Evacuation Pause)
Event: 2262.703 Executing safepoint VM operation: G1CollectForAllocation (G1 Evacuation Pause) done
Event: 2262.703 Executing safepoint VM operation: G1TryInitiateConcMark (G1 Humongous Allocation)
Event: 2262.829 Executing safepoint VM operation: G1TryInitiateConcMark (G1 Humongous Allocation) done
Event: 2262.829 Executing safepoint VM operation: G1TryInitiateConcMark (G1 Humongous Allocation)
Event: 2262.844 Executing safepoint VM operation: G1TryInitiateConcMark (G1 Humongous Allocation) done
Event: 2263.845 Executing safepoint VM operation: Cleanup
Event: 2263.845 Executing safepoint VM operation: Cleanup done
Event: 2264.231 Executing safepoint VM operation: G1CollectForAllocation (G1 Evacuation Pause)
Event: 2264.372 Executing safepoint VM operation: G1CollectForAllocation (G1 Evacuation Pause) done
Event: 2265.004 Executing safepoint VM operation: G1CollectForAllocation (G1 Evacuation Pause)
Event: 2265.031 Executing safepoint VM operation: G1CollectForAllocation (G1 Evacuation Pause) done
Event: 2265.054 Executing safepoint VM operation: G1PauseRemark
Event: 2267.015 Executing safepoint VM operation: G1PauseRemark done
Event: 2267.193 Executing safepoint VM operation: G1CollectForAllocation (G1 Humongous Allocation)

Memory protections (0 events):
No events

Nmethod flushes (20 events):
Event: 2266.998 Thread 0x00000268a1a76fe0 flushing  nmethod 0x0000026892181790
Event: 2266.998 Thread 0x00000268a1a76fe0 flushing  nmethod 0x0000026892182410
Event: 2266.998 Thread 0x00000268a1a76fe0 flushing  nmethod 0x0000026892182f90
Event: 2266.998 Thread 0x00000268a1a76fe0 flushing  nmethod 0x00000268921cf390
Event: 2266.998 Thread 0x00000268a1a76fe0 flushing  nmethod 0x00000268921cfc90
Event: 2266.998 Thread 0x00000268a1a76fe0 flushing  nmethod 0x00000268921d1310
Event: 2266.998 Thread 0x00000268a1a76fe0 flushing  nmethod 0x00000268921d1b90
Event: 2266.998 Thread 0x00000268a1a76fe0 flushing  nmethod 0x00000268921d3710
Event: 2266.998 Thread 0x00000268a1a76fe0 flushing  nmethod 0x00000268921d3b10
Event: 2266.998 Thread 0x00000268a1a76fe0 flushing  nmethod 0x00000268921d4010
Event: 2266.998 Thread 0x00000268a1a76fe0 flushing  nmethod 0x00000268921d4390
Event: 2266.998 Thread 0x00000268a1a76fe0 flushing  nmethod 0x0000026892225010
Event: 2266.998 Thread 0x00000268a1a76fe0 flushing  nmethod 0x0000026892227210
Event: 2266.998 Thread 0x00000268a1a76fe0 flushing  nmethod 0x000002689223fd10
Event: 2266.998 Thread 0x00000268a1a76fe0 flushing  nmethod 0x00000268923e9090
Event: 2266.998 Thread 0x00000268a1a76fe0 flushing  nmethod 0x00000268923e9c90
Event: 2266.998 Thread 0x00000268a1a76fe0 flushing  nmethod 0x00000268923eef90
Event: 2266.998 Thread 0x00000268a1a76fe0 flushing  nmethod 0x00000268923efd90
Event: 2266.998 Thread 0x00000268a1a76fe0 flushing  nmethod 0x00000268923f0490
Event: 2266.998 Thread 0x00000268a1a76fe0 flushing  nmethod 0x00000268923f0810

Events (20 events):
Event: 2235.233 Thread 0x0000026905cd4070 Thread added: 0x0000026921eab5f0
Event: 2235.236 Thread 0x0000026921eaaf60 Thread added: 0x00000269120377d0
Event: 2235.237 Thread 0x0000026921eab5f0 Thread added: 0x000002691d52d4f0
Event: 2235.237 Thread 0x00000269120377d0 Thread added: 0x0000026921ea8e90
Event: 2235.238 Thread 0x000002691d52d4f0 Thread added: 0x000002691126b700
Event: 2235.238 Thread 0x0000026921ea8e90 Thread added: 0x0000026921eafe20
Event: 2235.241 Thread 0x0000026921eafe20 Thread added: 0x000002690c800cb0
Event: 2235.241 Thread 0x000002691126b700 Thread added: 0x000002691126c420
Event: 2235.243 Thread 0x000002691126c420 Thread added: 0x000002690c1529f0
Event: 2235.244 Thread 0x000002690c800cb0 Thread added: 0x0000026921a09980
Event: 2235.250 Thread 0x000002690c1529f0 Thread added: 0x000002691126d140
Event: 2238.320 Thread 0x000002690c153710 Thread exited: 0x000002690c153710
Event: 2241.877 Thread 0x00000268f50b4a60 Thread added: 0x000002690c155150
Event: 2249.452 Thread 0x000002690bbfd870 Thread added: 0x000002691d52c140
Event: 2250.047 Thread 0x0000026905cd0bf0 Thread added: 0x0000026921ea60a0
Event: 2250.381 Thread 0x0000026905cd0bf0 Thread added: 0x0000026921ea9520
Event: 2250.501 Thread 0x00000268a1aa75a0 Thread added: 0x000002690b5ab410
Event: 2250.852 Thread 0x0000026921ea9520 Thread added: 0x000002690c4c6400
Event: 2251.816 Thread 0x0000026905cd4700 Thread exited: 0x0000026905cd4700
Event: 2257.877 Thread 0x000002690b5ab410 Thread exited: 0x000002690b5ab410


Dynamic libraries:
0x00007ff773d50000 - 0x00007ff773d5e000 	C:\Users\hulbe\.jdks\ms-21.0.10\bin\java.exe
0x00007ffc080e0000 - 0x00007ffc08347000 	C:\WINDOWS\SYSTEM32\ntdll.dll
0x00007ffc06640000 - 0x00007ffc06709000 	C:\WINDOWS\System32\KERNEL32.DLL
0x00007ffc04b10000 - 0x00007ffc04f07000 	C:\WINDOWS\System32\KERNELBASE.dll
0x00007ffc04f10000 - 0x00007ffc0505b000 	C:\WINDOWS\System32\ucrtbase.dll
0x00007ffbf7f10000 - 0x00007ffbf7f2e000 	C:\Users\hulbe\.jdks\ms-21.0.10\bin\VCRUNTIME140.dll
0x00007ffbf7960000 - 0x00007ffbf7978000 	C:\Users\hulbe\.jdks\ms-21.0.10\bin\jli.dll
0x00007ffc07300000 - 0x00007ffc074c6000 	C:\WINDOWS\System32\USER32.dll
0x00007ffc05e30000 - 0x00007ffc05e57000 	C:\WINDOWS\System32\win32u.dll
0x00007ffbe83f0000 - 0x00007ffbe8682000 	C:\WINDOWS\WinSxS\amd64_microsoft.windows.common-controls_6595b64144ccf1df_6.0.26100.8457_none_3e0b2faee331e92d\COMCTL32.dll
0x00007ffc06710000 - 0x00007ffc0673b000 	C:\WINDOWS\System32\GDI32.dll
0x00007ffc07ef0000 - 0x00007ffc07f99000 	C:\WINDOWS\System32\msvcrt.dll
0x00007ffc05320000 - 0x00007ffc0544c000 	C:\WINDOWS\System32\gdi32full.dll
0x00007ffc05450000 - 0x00007ffc054f3000 	C:\WINDOWS\System32\msvcp_win.dll
0x00007ffc07a90000 - 0x00007ffc07ac2000 	C:\WINDOWS\System32\IMM32.DLL
0x00007ffbf80b0000 - 0x00007ffbf80bc000 	C:\Users\hulbe\.jdks\ms-21.0.10\bin\vcruntime140_1.dll
0x00007ffbd0e60000 - 0x00007ffbd0ee9000 	C:\Users\hulbe\.jdks\ms-21.0.10\bin\msvcp140.dll
0x00007ffb49fb0000 - 0x00007ffb4ad5d000 	C:\Users\hulbe\.jdks\ms-21.0.10\bin\server\jvm.dll
0x00007ffc07d60000 - 0x00007ffc07e16000 	C:\WINDOWS\System32\ADVAPI32.dll
0x00007ffc07ad0000 - 0x00007ffc07b77000 	C:\WINDOWS\System32\sechost.dll
0x00007ffc05e60000 - 0x00007ffc05f78000 	C:\WINDOWS\System32\RPCRT4.dll
0x00007ffc06f50000 - 0x00007ffc06fd0000 	C:\WINDOWS\System32\WS2_32.dll
0x00007ffc04970000 - 0x00007ffc049ce000 	C:\WINDOWS\SYSTEM32\POWRPROF.dll
0x00007ffbff770000 - 0x00007ffbff7a6000 	C:\WINDOWS\SYSTEM32\WINMM.dll
0x00007ffbfdc90000 - 0x00007ffbfdc9b000 	C:\WINDOWS\SYSTEM32\VERSION.dll
0x00007ffc04940000 - 0x00007ffc04954000 	C:\WINDOWS\SYSTEM32\UMPDC.dll
0x00007ffc03870000 - 0x00007ffc0388b000 	C:\WINDOWS\SYSTEM32\kernel.appcore.dll
0x00007ffbf8020000 - 0x00007ffbf802a000 	C:\Users\hulbe\.jdks\ms-21.0.10\bin\jimage.dll
0x00007ffc02920000 - 0x00007ffc02b62000 	C:\WINDOWS\SYSTEM32\DBGHELP.DLL
0x00007ffc07630000 - 0x00007ffc079b3000 	C:\WINDOWS\System32\combase.dll
0x00007ffc07fc0000 - 0x00007ffc08099000 	C:\WINDOWS\System32\OLEAUT32.dll
0x00007ffbeae90000 - 0x00007ffbeaecb000 	C:\WINDOWS\SYSTEM32\dbgcore.DLL
0x00007ffc051e0000 - 0x00007ffc05288000 	C:\WINDOWS\System32\bcryptPrimitives.dll
0x00007ffbe3630000 - 0x00007ffbe3640000 	C:\Users\hulbe\.jdks\ms-21.0.10\bin\instrument.dll
0x00007ffbe9210000 - 0x00007ffbe9231000 	C:\Users\hulbe\.jdks\ms-21.0.10\bin\java.dll
0x00007ffc067d0000 - 0x00007ffc06f3e000 	C:\WINDOWS\System32\SHELL32.dll
0x00007ffc055c0000 - 0x00007ffc05e2c000 	C:\WINDOWS\System32\windows.storage.dll
0x00007ffc07180000 - 0x00007ffc07276000 	C:\WINDOWS\System32\SHCORE.dll
0x00007ffc07280000 - 0x00007ffc072e6000 	C:\WINDOWS\System32\shlwapi.dll
0x00007ffc04a30000 - 0x00007ffc04a59000 	C:\WINDOWS\SYSTEM32\profapi.dll
0x00007ffbd0d80000 - 0x00007ffbd0e56000 	C:\Users\hulbe\.jdks\ms-21.0.10\bin\jsvml.dll
0x00007ffbf7870000 - 0x00007ffbf7888000 	C:\Users\hulbe\.jdks\ms-21.0.10\bin\zip.dll
0x00007ffbf6120000 - 0x00007ffbf6131000 	C:\Users\hulbe\.jdks\ms-21.0.10\bin\net.dll
0x00007ffbfe600000 - 0x00007ffbfe729000 	C:\WINDOWS\SYSTEM32\WINHTTP.dll
0x00007ffc03dc0000 - 0x00007ffc03e2c000 	C:\WINDOWS\system32\mswsock.dll
0x00007ffbf5f10000 - 0x00007ffbf5f26000 	C:\Users\hulbe\.jdks\ms-21.0.10\bin\nio.dll
0x00007ffbf78b0000 - 0x00007ffbf78c0000 	C:\Users\hulbe\.jdks\ms-21.0.10\bin\verify.dll
0x00007ffb78720000 - 0x00007ffb78747000 	C:\Users\hulbe\.gradle\native\660c5614fbf4a5f2a75b1949f50a0caf5cd603558e7d8a26e50b933a0cfb79d1\windows-amd64\native-platform.dll
0x00007ffbd0d00000 - 0x00007ffbd0d77000 	C:\Users\hulbe\.gradle\native\0.2.8\x86_64-windows-gnu\gradle-fileevents.dll
0x00007ffbf6070000 - 0x00007ffbf607a000 	C:\Users\hulbe\.jdks\ms-21.0.10\bin\management.dll
0x00007ffbe9200000 - 0x00007ffbe920c000 	C:\Users\hulbe\.jdks\ms-21.0.10\bin\management_ext.dll
0x00007ffc06740000 - 0x00007ffc06748000 	C:\WINDOWS\System32\PSAPI.DLL
0x00007ffc03300000 - 0x00007ffc03332000 	C:\WINDOWS\SYSTEM32\IPHLPAPI.DLL
0x00007ffc072f0000 - 0x00007ffc072fa000 	C:\WINDOWS\System32\NSI.dll
0x00007ffbe91f0000 - 0x00007ffbe91f9000 	C:\Users\hulbe\.jdks\ms-21.0.10\bin\extnet.dll
0x00007ffc04050000 - 0x00007ffc0406b000 	C:\WINDOWS\SYSTEM32\CRYPTSP.dll
0x00007ffc037d0000 - 0x00007ffc03809000 	C:\WINDOWS\system32\rsaenh.dll
0x00007ffc03e70000 - 0x00007ffc03ea3000 	C:\WINDOWS\SYSTEM32\USERENV.dll
0x00007ffc04a00000 - 0x00007ffc04a2a000 	C:\WINDOWS\SYSTEM32\bcrypt.dll
0x00007ffc04070000 - 0x00007ffc0407c000 	C:\WINDOWS\SYSTEM32\CRYPTBASE.dll
0x00007ffbf5a20000 - 0x00007ffbf5a2e000 	C:\Users\hulbe\.jdks\ms-21.0.10\bin\sunmscapi.dll
0x00007ffc05060000 - 0x00007ffc051d8000 	C:\WINDOWS\System32\CRYPT32.dll
0x00007ffc04310000 - 0x00007ffc04340000 	C:\WINDOWS\SYSTEM32\ncrypt.dll
0x00007ffc042c0000 - 0x00007ffc042ff000 	C:\WINDOWS\SYSTEM32\NTASN1.dll
0x00007ffbef030000 - 0x00007ffbef038000 	C:\WINDOWS\system32\wshunix.dll
0x00007ffbbf600000 - 0x00007ffbbf793000 	C:\Users\hulbe\.jdks\ms-21.0.10\bin\awt.dll
0x00007ffc01e50000 - 0x00007ffc01ef0000 	C:\WINDOWS\SYSTEM32\apphelp.dll
0x00007ffc02090000 - 0x00007ffc0213a000 	C:\WINDOWS\system32\uxtheme.dll
0x00007ffc074d0000 - 0x00007ffc0762c000 	C:\WINDOWS\System32\MSCTF.dll
0x00007ffc06fe0000 - 0x00007ffc07177000 	C:\WINDOWS\System32\ole32.dll
0x00007ffc03990000 - 0x00007ffc039c6000 	C:\WINDOWS\SYSTEM32\ntmarta.dll
0x00007ffbe9180000 - 0x00007ffbe9187000 	C:\Users\hulbe\.jdks\ms-21.0.10\bin\rmi.dll
0x00007ffc03340000 - 0x00007ffc03472000 	C:\WINDOWS\SYSTEM32\DNSAPI.dll
0x00007ffbfde30000 - 0x00007ffbfde3b000 	C:\Windows\System32\rasadhlp.dll
0x00007ffbff3b0000 - 0x00007ffbff436000 	C:\WINDOWS\System32\fwpuclnt.dll

JVMTI agents:
C:\Users\hulbe\.gradle\wrapper\dists\gradle-9.4.1-bin\arn2x92ynaizyzdaamcbpbhtj\gradle-9.4.1\lib\agents\gradle-instrumentation-agent-9.4.1.jar path:C:\Users\hulbe\.jdks\ms-21.0.10\bin\instrument.dll, loaded, initialized, instrumentlib options:none

dbghelp: loaded successfully - version: 4.0.5 - missing functions: none
symbol engine: initialized successfully - sym options: 0x614 - pdb path: .;C:\Users\hulbe\.jdks\ms-21.0.10\bin;C:\WINDOWS\SYSTEM32;C:\WINDOWS\WinSxS\amd64_microsoft.windows.common-controls_6595b64144ccf1df_6.0.26100.8457_none_3e0b2faee331e92d;C:\Users\hulbe\.jdks\ms-21.0.10\bin\server;C:\Users\hulbe\.gradle\native\660c5614fbf4a5f2a75b1949f50a0caf5cd603558e7d8a26e50b933a0cfb79d1\windows-amd64;C:\Users\hulbe\.gradle\native\0.2.8\x86_64-windows-gnu

VM Arguments:
jvm_args: --add-opens=java.base/java.lang=ALL-UNNAMED --add-opens=java.base/java.lang.invoke=ALL-UNNAMED --add-opens=java.base/java.util=ALL-UNNAMED --add-opens=java.prefs/java.util.prefs=ALL-UNNAMED --add-exports=jdk.compiler/com.sun.tools.javac.api=ALL-UNNAMED --add-exports=jdk.compiler/com.sun.tools.javac.util=ALL-UNNAMED --add-opens=java.base/java.util=ALL-UNNAMED --add-opens=java.prefs/java.util.prefs=ALL-UNNAMED --add-opens=java.base/java.nio.charset=ALL-UNNAMED --add-opens=java.base/java.net=ALL-UNNAMED --add-opens=java.base/java.util.concurrent=ALL-UNNAMED --add-opens=java.base/java.util.concurrent.atomic=ALL-UNNAMED --add-opens=java.xml/javax.xml.namespace=ALL-UNNAMED --add-opens=java.base/java.time=ALL-UNNAMED -Xmx2048m -Dfile.encoding=UTF-8 -Duser.country=CO -Duser.language=es -Duser.variant -javaagent:C:\Users\hulbe\.gradle\wrapper\dists\gradle-9.4.1-bin\arn2x92ynaizyzdaamcbpbhtj\gradle-9.4.1\lib\agents\gradle-instrumentation-agent-9.4.1.jar 
java_command: org.gradle.launcher.daemon.bootstrap.GradleDaemon 9.4.1
java_class_path (initial): C:\Users\hulbe\.gradle\wrapper\dists\gradle-9.4.1-bin\arn2x92ynaizyzdaamcbpbhtj\gradle-9.4.1\lib\gradle-daemon-main-9.4.1.jar
Launcher Type: SUN_STANDARD

[Global flags]
     intx CICompilerCount                          = 4                                         {product} {ergonomic}
     uint ConcGCThreads                            = 3                                         {product} {ergonomic}
     uint G1ConcRefinementThreads                  = 10                                        {product} {ergonomic}
   size_t G1HeapRegionSize                         = 1048576                                   {product} {ergonomic}
    uintx GCDrainStackTargetSize                   = 64                                        {product} {ergonomic}
   size_t InitialHeapSize                          = 130023424                                 {product} {ergonomic}
   size_t MarkStackSize                            = 4194304                                   {product} {ergonomic}
   size_t MaxHeapSize                              = 2147483648                                {product} {command line}
   size_t MaxNewSize                               = 1287651328                                {product} {ergonomic}
   size_t MinHeapDeltaBytes                        = 1048576                                   {product} {ergonomic}
   size_t MinHeapSize                              = 8388608                                   {product} {ergonomic}
    uintx NonNMethodCodeHeapSize                   = 5839372                                {pd product} {ergonomic}
    uintx NonProfiledCodeHeapSize                  = 122909434                              {pd product} {ergonomic}
    uintx ProfiledCodeHeapSize                     = 122909434                              {pd product} {ergonomic}
    uintx ReservedCodeCacheSize                    = 251658240                              {pd product} {ergonomic}
     bool SegmentedCodeCache                       = true                                      {product} {ergonomic}
   size_t SoftMaxHeapSize                          = 2147483648                             {manageable} {ergonomic}
     bool UseCompressedOops                        = true                           {product lp64_product} {ergonomic}
     bool UseG1GC                                  = true                                      {product} {ergonomic}
     bool UseLargePagesIndividualAllocation        = false                                  {pd product} {ergonomic}

Logging:
Log output configuration:
 #0: stdout all=warning uptime,level,tags foldmultilines=false
 #1: stderr all=off uptime,level,tags foldmultilines=false

Release file:
IMPLEMENTOR="Microsoft" 
IMPLEMENTOR_VERSION="Microsoft-13106404" 
JAVA_RUNTIME_VERSION="21.0.10+7-LTS" 
JAVA_VERSION="21.0.10" 
JAVA_VERSION_DATE="2026-01-20" 
LIBC="default" 
MODULES="java.base java.compiler java.datatransfer java.xml java.prefs java.desktop java.instrument java.logging java.management java.security.sasl java.naming java.rmi java.management.rmi java.net.http java.scripting java.security.jgss java.transaction.xa java.sql java.sql.rowset java.xml.crypto java.se java.smartcardio jdk.accessibility jdk.internal.jvmstat jdk.attach jdk.charsets jdk.internal.opt jdk.zipfs jdk.compiler jdk.crypto.ec jdk.crypto.cryptoki jdk.crypto.mscapi jdk.dynalink jdk.internal.ed jdk.editpad jdk.hotspot.agent jdk.httpserver jdk.incubator.vector jdk.internal.le jdk.internal.vm.ci jdk.internal.vm.compiler jdk.internal.vm.compiler.management jdk.jartool jdk.javadoc jdk.jcmd jdk.management jdk.management.agent jdk.jconsole jdk.jdeps jdk.jdwp.agent jdk.jdi jdk.jfr jdk.jlink jdk.jpackage jdk.jshell jdk.jsobject jdk.jstatd jdk.localedata jdk.management.jfr jdk.naming.dns jdk.naming.rmi jdk.net jdk.nio.mapmode jdk.random jdk.sctp jdk.security.auth jdk.security.jgss jdk.unsupported jdk.unsupported.desktop jdk.xml.dom" 
OS_ARCH="x86_64" 
OS_NAME="Windows" 
SOURCE=".:git:e69b6ef7382e" 

Environment Variables:
JAVA_HOME=C:\Program Files\Java\jdk-25\
PATH=C:\Program Files\Python314\Scripts\;C:\Program Files\Python314\;C:\Program Files\Common Files\Oracle\Java\javapath;C:\WINDOWS\system32;C:\WINDOWS;C:\WINDOWS\System32\Wbem;C:\WINDOWS\System32\WindowsPowerShell\v1.0\;C:\WINDOWS\System32\OpenSSH\;C:\Program Files\Java\jdk-25\bin;C:\Users\hulbe\AppData\Local\Android\Sdk\platform-tools;C:\Users\hulbe\AppData\Local\Android\Sdk\emulator;C:\Users\hulbe\AppData\Local\Android\Sdk\cmdline-tools\latest\bin;C:\Program Files\Git\cmd;C:\Program Files\nodejs\;C:\Users\hulbe\AppData\Local\Programs\Python\Python38\Scripts\;C:\Users\hulbe\AppData\Local\Programs\Python\Python38\;C:\Users\hulbe\AppData\Local\Microsoft\WindowsApps;C:\Users\hulbe\AppData\Local\Programs\Microsoft VS Code\bin;C:\Users\hulbe\AppData\Roaming\npm;C:\Users\hulbe\AppData\Local\Google\Cloud SDK\google-cloud-sdk\bin
USERNAME=hulbe
OS=Windows_NT
PROCESSOR_IDENTIFIER=Intel64 Family 6 Model 154 Stepping 3, GenuineIntel
TMP=C:\Users\hulbe\AppData\Local\Temp
TEMP=C:\Users\hulbe\AppData\Local\Temp




Periodic native trim disabled

---------------  S Y S T E M  ---------------

OS:
 Windows 11 , 64 bit Build 26100 (10.0.26100.8328)
OS uptime: 1 days 18:52 hours
Hyper-V role detected

CPU: total 12 (initial active 12) (6 cores per cpu, 2 threads per core) family 6 model 154 stepping 3 microcode 0x43b, cx8, cmov, fxsr, ht, mmx, 3dnowpref, sse, sse2, sse3, ssse3, sse4.1, sse4.2, popcnt, lzcnt, tsc, tscinvbit, avx, avx2, aes, erms, clmul, bmi1, bmi2, adx, sha, fma, vzeroupper, clflush, clflushopt, clwb, hv, serialize, rdtscp, rdpid, fsrm, f16c, cet_ibt, cet_ss
Processor Information for processor 0
  Max Mhz: 2000, Current Mhz: 2000, Mhz Limit: 2000
Processor Information for processor 1
  Max Mhz: 2000, Current Mhz: 2000, Mhz Limit: 2000
Processor Information for processor 2
  Max Mhz: 2000, Current Mhz: 2000, Mhz Limit: 2000
Processor Information for processor 3
  Max Mhz: 2000, Current Mhz: 2000, Mhz Limit: 2000
Processor Information for processor 4
  Max Mhz: 2000, Current Mhz: 2000, Mhz Limit: 2000
Processor Information for processor 5
  Max Mhz: 2000, Current Mhz: 2000, Mhz Limit: 2000
Processor Information for processor 6
  Max Mhz: 2000, Current Mhz: 2000, Mhz Limit: 2000
Processor Information for processor 7
  Max Mhz: 2000, Current Mhz: 2000, Mhz Limit: 2000
Processor Information for processor 8
  Max Mhz: 2000, Current Mhz: 1500, Mhz Limit: 1500
Processor Information for processor 9
  Max Mhz: 2000, Current Mhz: 1500, Mhz Limit: 1500
Processor Information for processor 10
  Max Mhz: 2000, Current Mhz: 1500, Mhz Limit: 1500
Processor Information for processor 11
  Max Mhz: 2000, Current Mhz: 1500, Mhz Limit: 1500

Memory: 4k page, system-wide physical 7884M (291M free)
TotalPageFile size 23884M (AvailPageFile size 2M)
current process WorkingSet (physical memory assigned to process): 2458M, peak: 2787M
current process commit charge ("private bytes"): 3326M, peak: 3327M

vm_info: OpenJDK 64-Bit Server VM (21.0.10+7-LTS) for windows-amd64 JRE (21.0.10+7-LTS), built on 2026-01-15T18:39:42Z by "MicrosoftCorporation" with MS VC++ 17.14 (VS2022)

END.
